2026-02-26 15:33:20,040:WARNING:
'cuml' is a soft dependency and not included in the pycaret installation. Please run: `pip install cuml` to install.
2026-02-26 15:33:20,042:WARNING:
'cuml' is a soft dependency and not included in the pycaret installation. Please run: `pip install cuml` to install.
2026-02-26 15:33:20,042:WARNING:
'cuml' is a soft dependency and not included in the pycaret installation. Please run: `pip install cuml` to install.
2026-02-26 15:33:20,042:WARNING:
'cuml' is a soft dependency and not included in the pycaret installation. Please run: `pip install cuml` to install.
2026-02-26 15:33:20,468:INFO:PyCaret RegressionExperiment
2026-02-26 15:33:20,469:INFO:Logging name: reg-default-name
2026-02-26 15:33:20,469:INFO:ML Usecase: MLUsecase.REGRESSION
2026-02-26 15:33:20,469:INFO:version 3.3.2
2026-02-26 15:33:20,469:INFO:Initializing setup()
2026-02-26 15:33:20,469:INFO:self.USI: e11c
2026-02-26 15:33:20,471:INFO:self._variable_keys: {'fold_shuffle_param', 'X_test', 'log_plots_param', 'idx', 'gpu_param', 'X', 'y_train', 'memory', '_ml_usecase', '_available_plots', 'y', 'transform_target_param', 'target_param', 'seed', 'exp_name_log', 'html_param', 'X_train', 'fold_generator', 'fold_groups_param', 'y_test', 'pipeline', 'data', 'exp_id', 'USI', 'logging_param', 'gpu_n_jobs_param', 'n_jobs_param'}
2026-02-26 15:33:20,471:INFO:Checking environment
2026-02-26 15:33:20,471:INFO:python_version: 3.11.14
2026-02-26 15:33:20,471:INFO:python_build: ('main', 'Oct 21 2025 18:30:03')
2026-02-26 15:33:20,471:INFO:machine: AMD64
2026-02-26 15:33:20,471:INFO:platform: Windows-10-10.0.26100-SP0
2026-02-26 15:33:20,471:INFO:Memory: svmem(total=16889774080, available=3870375936, percent=77.1, used=13019398144, free=3870375936)
2026-02-26 15:33:20,472:INFO:Physical Core: 4
2026-02-26 15:33:20,472:INFO:Logical Core: 8
2026-02-26 15:33:20,472:INFO:Checking libraries
2026-02-26 15:33:20,472:INFO:System:
2026-02-26 15:33:20,472:INFO:    python: 3.11.14 | packaged by Anaconda, Inc. | (main, Oct 21 2025, 18:30:03) [MSC v.1929 64 bit (AMD64)]
2026-02-26 15:33:20,472:INFO:executable: c:\Users\Playdata2\miniconda3\envs\battery_env\python.exe
2026-02-26 15:33:20,472:INFO:   machine: Windows-10-10.0.26100-SP0
2026-02-26 15:33:20,472:INFO:PyCaret required dependencies:
2026-02-26 15:33:20,478:INFO:                 pip: 26.0.1
2026-02-26 15:33:20,478:INFO:          setuptools: 80.10.2
2026-02-26 15:33:20,478:INFO:             pycaret: 3.3.2
2026-02-26 15:33:20,478:INFO:             IPython: 9.10.0
2026-02-26 15:33:20,478:INFO:          ipywidgets: 8.1.8
2026-02-26 15:33:20,478:INFO:                tqdm: 4.67.3
2026-02-26 15:33:20,478:INFO:               numpy: 1.26.4
2026-02-26 15:33:20,479:INFO:              pandas: 2.1.4
2026-02-26 15:33:20,479:INFO:              jinja2: 3.1.6
2026-02-26 15:33:20,479:INFO:               scipy: 1.11.4
2026-02-26 15:33:20,479:INFO:              joblib: 1.3.2
2026-02-26 15:33:20,479:INFO:             sklearn: 1.4.2
2026-02-26 15:33:20,479:INFO:                pyod: 2.0.6
2026-02-26 15:33:20,479:INFO:            imblearn: 0.14.1
2026-02-26 15:33:20,479:INFO:   category_encoders: 2.7.0
2026-02-26 15:33:20,479:INFO:            lightgbm: 4.6.0
2026-02-26 15:33:20,479:INFO:               numba: 0.64.0
2026-02-26 15:33:20,479:INFO:            requests: 2.32.5
2026-02-26 15:33:20,479:INFO:          matplotlib: 3.7.5
2026-02-26 15:33:20,479:INFO:          scikitplot: 0.3.7
2026-02-26 15:33:20,479:INFO:         yellowbrick: 1.5
2026-02-26 15:33:20,479:INFO:              plotly: 6.5.2
2026-02-26 15:33:20,479:INFO:    plotly-resampler: Not installed
2026-02-26 15:33:20,479:INFO:             kaleido: 1.2.0
2026-02-26 15:33:20,479:INFO:           schemdraw: 0.15
2026-02-26 15:33:20,479:INFO:         statsmodels: 0.14.6
2026-02-26 15:33:20,479:INFO:              sktime: 0.26.0
2026-02-26 15:33:20,479:INFO:               tbats: 1.1.3
2026-02-26 15:33:20,479:INFO:            pmdarima: 2.0.4
2026-02-26 15:33:20,481:INFO:              psutil: 7.2.2
2026-02-26 15:33:20,481:INFO:          markupsafe: 3.0.3
2026-02-26 15:33:20,481:INFO:             pickle5: Not installed
2026-02-26 15:33:20,481:INFO:         cloudpickle: 3.1.2
2026-02-26 15:33:20,481:INFO:         deprecation: 2.1.0
2026-02-26 15:33:20,481:INFO:              xxhash: 3.6.0
2026-02-26 15:33:20,481:INFO:           wurlitzer: Not installed
2026-02-26 15:33:20,481:INFO:PyCaret optional dependencies:
2026-02-26 15:33:20,497:INFO:                shap: Not installed
2026-02-26 15:33:20,497:INFO:           interpret: Not installed
2026-02-26 15:33:20,497:INFO:                umap: Not installed
2026-02-26 15:33:20,497:INFO:     ydata_profiling: Not installed
2026-02-26 15:33:20,498:INFO:  explainerdashboard: Not installed
2026-02-26 15:33:20,498:INFO:             autoviz: Not installed
2026-02-26 15:33:20,498:INFO:           fairlearn: Not installed
2026-02-26 15:33:20,498:INFO:          deepchecks: Not installed
2026-02-26 15:33:20,498:INFO:             xgboost: 3.2.0
2026-02-26 15:33:20,498:INFO:            catboost: Not installed
2026-02-26 15:33:20,498:INFO:              kmodes: Not installed
2026-02-26 15:33:20,498:INFO:             mlxtend: Not installed
2026-02-26 15:33:20,498:INFO:       statsforecast: Not installed
2026-02-26 15:33:20,498:INFO:        tune_sklearn: Not installed
2026-02-26 15:33:20,498:INFO:                 ray: Not installed
2026-02-26 15:33:20,498:INFO:            hyperopt: Not installed
2026-02-26 15:33:20,498:INFO:              optuna: 4.7.0
2026-02-26 15:33:20,498:INFO:               skopt: Not installed
2026-02-26 15:33:20,498:INFO:              mlflow: Not installed
2026-02-26 15:33:20,498:INFO:              gradio: Not installed
2026-02-26 15:33:20,498:INFO:             fastapi: Not installed
2026-02-26 15:33:20,498:INFO:             uvicorn: Not installed
2026-02-26 15:33:20,498:INFO:              m2cgen: Not installed
2026-02-26 15:33:20,498:INFO:           evidently: Not installed
2026-02-26 15:33:20,498:INFO:               fugue: Not installed
2026-02-26 15:33:20,498:INFO:           streamlit: Not installed
2026-02-26 15:33:20,498:INFO:             prophet: Not installed
2026-02-26 15:33:20,498:INFO:None
2026-02-26 15:33:20,498:INFO:Set up data.
2026-02-26 15:33:20,514:INFO:Set up folding strategy.
2026-02-26 15:33:20,514:INFO:Set up train/test split.
2026-02-26 15:33:20,530:INFO:Set up index.
2026-02-26 15:33:20,531:INFO:Assigning column types.
2026-02-26 15:33:20,538:INFO:Engine successfully changes for model 'lr' to 'sklearn'.
2026-02-26 15:33:20,538:INFO:Engine for model 'lasso' has not been set explicitly, hence returning None.
2026-02-26 15:33:20,543:INFO:Engine for model 'ridge' has not been set explicitly, hence returning None.
2026-02-26 15:33:20,550:INFO:Engine for model 'en' has not been set explicitly, hence returning None.
2026-02-26 15:33:20,632:INFO:Engine for model 'svm' has not been set explicitly, hence returning None.
2026-02-26 15:33:20,694:INFO:Engine for model 'knn' has not been set explicitly, hence returning None.
2026-02-26 15:33:20,695:INFO:Soft dependency imported: xgboost: 3.2.0
2026-02-26 15:33:20,700:WARNING:
'catboost' is a soft dependency and not included in the pycaret installation. Please run: `pip install catboost` to install.
Alternately, you can install this by running `pip install pycaret[models]`
2026-02-26 15:33:20,700:INFO:Engine for model 'lasso' has not been set explicitly, hence returning None.
2026-02-26 15:33:20,707:INFO:Engine for model 'ridge' has not been set explicitly, hence returning None.
2026-02-26 15:33:20,714:INFO:Engine for model 'en' has not been set explicitly, hence returning None.
2026-02-26 15:33:20,813:INFO:Engine for model 'svm' has not been set explicitly, hence returning None.
2026-02-26 15:33:20,877:INFO:Engine for model 'knn' has not been set explicitly, hence returning None.
2026-02-26 15:33:20,878:INFO:Soft dependency imported: xgboost: 3.2.0
2026-02-26 15:33:20,883:WARNING:
'catboost' is a soft dependency and not included in the pycaret installation. Please run: `pip install catboost` to install.
Alternately, you can install this by running `pip install pycaret[models]`
2026-02-26 15:33:20,883:INFO:Engine successfully changes for model 'lasso' to 'sklearn'.
2026-02-26 15:33:20,895:INFO:Engine for model 'ridge' has not been set explicitly, hence returning None.
2026-02-26 15:33:20,903:INFO:Engine for model 'en' has not been set explicitly, hence returning None.
2026-02-26 15:33:21,002:INFO:Engine for model 'svm' has not been set explicitly, hence returning None.
2026-02-26 15:33:21,053:INFO:Engine for model 'knn' has not been set explicitly, hence returning None.
2026-02-26 15:33:21,063:INFO:Soft dependency imported: xgboost: 3.2.0
2026-02-26 15:33:21,072:WARNING:
'catboost' is a soft dependency and not included in the pycaret installation. Please run: `pip install catboost` to install.
Alternately, you can install this by running `pip install pycaret[models]`
2026-02-26 15:33:21,079:INFO:Engine for model 'ridge' has not been set explicitly, hence returning None.
2026-02-26 15:33:21,087:INFO:Engine for model 'en' has not been set explicitly, hence returning None.
2026-02-26 15:33:21,163:INFO:Engine for model 'svm' has not been set explicitly, hence returning None.
2026-02-26 15:33:21,236:INFO:Engine for model 'knn' has not been set explicitly, hence returning None.
2026-02-26 15:33:21,236:INFO:Soft dependency imported: xgboost: 3.2.0
2026-02-26 15:33:21,240:WARNING:
'catboost' is a soft dependency and not included in the pycaret installation. Please run: `pip install catboost` to install.
Alternately, you can install this by running `pip install pycaret[models]`
2026-02-26 15:33:21,240:INFO:Engine successfully changes for model 'ridge' to 'sklearn'.
2026-02-26 15:33:21,247:INFO:Engine for model 'en' has not been set explicitly, hence returning None.
2026-02-26 15:33:21,326:INFO:Engine for model 'svm' has not been set explicitly, hence returning None.
2026-02-26 15:33:21,390:INFO:Engine for model 'knn' has not been set explicitly, hence returning None.
2026-02-26 15:33:21,390:INFO:Soft dependency imported: xgboost: 3.2.0
2026-02-26 15:33:21,393:WARNING:
'catboost' is a soft dependency and not included in the pycaret installation. Please run: `pip install catboost` to install.
Alternately, you can install this by running `pip install pycaret[models]`
2026-02-26 15:33:21,400:INFO:Engine for model 'en' has not been set explicitly, hence returning None.
2026-02-26 15:33:21,486:INFO:Engine for model 'svm' has not been set explicitly, hence returning None.
2026-02-26 15:33:21,545:INFO:Engine for model 'knn' has not been set explicitly, hence returning None.
2026-02-26 15:33:21,546:INFO:Soft dependency imported: xgboost: 3.2.0
2026-02-26 15:33:21,550:WARNING:
'catboost' is a soft dependency and not included in the pycaret installation. Please run: `pip install catboost` to install.
Alternately, you can install this by running `pip install pycaret[models]`
2026-02-26 15:33:21,550:INFO:Engine successfully changes for model 'en' to 'sklearn'.
2026-02-26 15:33:21,649:INFO:Engine for model 'svm' has not been set explicitly, hence returning None.
2026-02-26 15:33:21,741:INFO:Engine for model 'knn' has not been set explicitly, hence returning None.
2026-02-26 15:33:21,742:INFO:Soft dependency imported: xgboost: 3.2.0
2026-02-26 15:33:21,746:WARNING:
'catboost' is a soft dependency and not included in the pycaret installation. Please run: `pip install catboost` to install.
Alternately, you can install this by running `pip install pycaret[models]`
2026-02-26 15:33:21,860:INFO:Engine for model 'svm' has not been set explicitly, hence returning None.
2026-02-26 15:33:21,915:INFO:Engine for model 'knn' has not been set explicitly, hence returning None.
2026-02-26 15:33:21,916:INFO:Soft dependency imported: xgboost: 3.2.0
2026-02-26 15:33:21,919:WARNING:
'catboost' is a soft dependency and not included in the pycaret installation. Please run: `pip install catboost` to install.
Alternately, you can install this by running `pip install pycaret[models]`
2026-02-26 15:33:21,919:INFO:Engine successfully changes for model 'knn' to 'sklearn'.
2026-02-26 15:33:22,031:INFO:Engine for model 'svm' has not been set explicitly, hence returning None.
2026-02-26 15:33:22,092:INFO:Soft dependency imported: xgboost: 3.2.0
2026-02-26 15:33:22,095:WARNING:
'catboost' is a soft dependency and not included in the pycaret installation. Please run: `pip install catboost` to install.
Alternately, you can install this by running `pip install pycaret[models]`
2026-02-26 15:33:22,178:INFO:Engine for model 'svm' has not been set explicitly, hence returning None.
2026-02-26 15:33:22,248:INFO:Soft dependency imported: xgboost: 3.2.0
2026-02-26 15:33:22,253:WARNING:
'catboost' is a soft dependency and not included in the pycaret installation. Please run: `pip install catboost` to install.
Alternately, you can install this by running `pip install pycaret[models]`
2026-02-26 15:33:22,254:INFO:Engine successfully changes for model 'svm' to 'sklearn'.
2026-02-26 15:33:22,462:INFO:Soft dependency imported: xgboost: 3.2.0
2026-02-26 15:33:22,466:WARNING:
'catboost' is a soft dependency and not included in the pycaret installation. Please run: `pip install catboost` to install.
Alternately, you can install this by running `pip install pycaret[models]`
2026-02-26 15:33:22,625:INFO:Soft dependency imported: xgboost: 3.2.0
2026-02-26 15:33:22,628:WARNING:
'catboost' is a soft dependency and not included in the pycaret installation. Please run: `pip install catboost` to install.
Alternately, you can install this by running `pip install pycaret[models]`
2026-02-26 15:33:22,634:INFO:Preparing preprocessing pipeline...
2026-02-26 15:33:22,635:INFO:Set up simple imputation.
2026-02-26 15:33:22,642:INFO:Set up encoding of categorical features.
2026-02-26 15:33:22,642:INFO:Set up feature normalization.
2026-02-26 15:33:22,777:INFO:Finished creating preprocessing pipeline.
2026-02-26 15:33:22,795:INFO:Pipeline: Pipeline(memory=FastMemory(location=C:\Users\PLAYDA~1\AppData\Local\Temp\joblib),
         steps=[('numerical_imputer',
                 TransformerWrapper(include=['initial_voltage',
                                             'initial_impedance', 'v42_voltage',
                                             'v42_impedance', 'v25_voltage',
                                             'v25_impedance', 'v36_voltage',
                                             'v36_impedance',
                                             'impedance_delta_42',
                                             'impedance_delta_25',
                                             'impedance_delta_36',
                                             'impedance_ratio_42',
                                             '...
                                             'health_index'],
                                    transformer=SimpleImputer())),
                ('categorical_imputer',
                 TransformerWrapper(include=['cell_id'],
                                    transformer=SimpleImputer(strategy='most_frequent'))),
                ('rest_encoding',
                 TransformerWrapper(include=['cell_id'],
                                    transformer=TargetEncoder(cols=['cell_id'],
                                                              handle_missing='return_nan'))),
                ('normalize',
                 TransformerWrapper(transformer=StandardScaler()))])
2026-02-26 15:33:22,795:INFO:Creating final display dataframe.
2026-02-26 15:33:23,153:INFO:Setup _display_container:                     Description             Value
0                    Session id                42
1                        Target          capacity
2                   Target type        Regression
3           Original data shape        (1040, 26)
4        Transformed data shape        (1040, 26)
5   Transformed train set shape         (728, 26)
6    Transformed test set shape         (312, 26)
7              Numeric features                24
8          Categorical features                 1
9                    Preprocess              True
10              Imputation type            simple
11           Numeric imputation              mean
12       Categorical imputation              mode
13     Maximum one-hot encoding                25
14              Encoding method              None
15                    Normalize              True
16             Normalize method            zscore
17               Fold Generator             KFold
18                  Fold Number                 5
19                     CPU Jobs                -1
20                      Use GPU             False
21               Log Experiment             False
22              Experiment Name  reg-default-name
23                          USI              e11c
2026-02-26 15:33:23,323:INFO:Soft dependency imported: xgboost: 3.2.0
2026-02-26 15:33:23,331:WARNING:
'catboost' is a soft dependency and not included in the pycaret installation. Please run: `pip install catboost` to install.
Alternately, you can install this by running `pip install pycaret[models]`
2026-02-26 15:33:23,516:INFO:Soft dependency imported: xgboost: 3.2.0
2026-02-26 15:33:23,519:WARNING:
'catboost' is a soft dependency and not included in the pycaret installation. Please run: `pip install catboost` to install.
Alternately, you can install this by running `pip install pycaret[models]`
2026-02-26 15:33:23,519:INFO:setup() successfully completed in 3.05s...............
2026-02-26 15:33:23,531:INFO:Initializing compare_models()
2026-02-26 15:33:23,531:INFO:compare_models(self=<pycaret.regression.oop.RegressionExperiment object at 0x000001B5C7DFFD10>, include=None, exclude=None, fold=None, round=4, cross_validation=True, sort=R2, n_select=3, budget_time=None, turbo=True, errors=ignore, fit_kwargs=None, groups=None, experiment_custom_tags=None, probability_threshold=None, verbose=True, parallel=None, caller_params={'self': <pycaret.regression.oop.RegressionExperiment object at 0x000001B5C7DFFD10>, 'include': None, 'exclude': None, 'fold': None, 'round': 4, 'cross_validation': True, 'sort': 'R2', 'n_select': 3, 'budget_time': None, 'turbo': True, 'errors': 'ignore', 'fit_kwargs': None, 'groups': None, 'experiment_custom_tags': None, 'engine': None, 'verbose': True, 'parallel': None, '__class__': <class 'pycaret.regression.oop.RegressionExperiment'>})
2026-02-26 15:33:23,531:INFO:Checking exceptions
2026-02-26 15:33:23,535:INFO:Preparing display monitor
2026-02-26 15:33:23,567:INFO:Initializing Linear Regression
2026-02-26 15:33:23,568:INFO:Total runtime is 1.6689300537109375e-05 minutes
2026-02-26 15:33:23,574:INFO:SubProcess create_model() called ==================================
2026-02-26 15:33:23,575:INFO:Initializing create_model()
2026-02-26 15:33:23,575:INFO:create_model(self=<pycaret.regression.oop.RegressionExperiment object at 0x000001B5C7DFFD10>, estimator=lr, fold=KFold(n_splits=5, random_state=None, shuffle=False), round=4, cross_validation=True, predict=True, fit_kwargs={}, groups=None, refit=False, probability_threshold=None, experiment_custom_tags=None, verbose=False, system=False, add_to_model_list=True, metrics=None, display=<pycaret.internal.display.display.CommonDisplay object at 0x000001B5C8029790>, model_only=True, return_train_score=False, error_score=0.0, kwargs={})
2026-02-26 15:33:23,575:INFO:Checking exceptions
2026-02-26 15:33:23,575:INFO:Importing libraries
2026-02-26 15:33:23,575:INFO:Copying training dataset
2026-02-26 15:33:23,591:INFO:Defining folds
2026-02-26 15:33:23,591:INFO:Declaring metric variables
2026-02-26 15:33:23,596:INFO:Importing untrained model
2026-02-26 15:33:23,602:INFO:Linear Regression Imported successfully
2026-02-26 15:33:23,613:INFO:Starting cross validation
2026-02-26 15:33:23,629:INFO:Cross validating with KFold(n_splits=5, random_state=None, shuffle=False), n_jobs=-1
2026-02-26 15:33:32,254:WARNING:c:\Users\Playdata2\miniconda3\envs\battery_env\Lib\site-packages\_distutils_hack\__init__.py:30: UserWarning: Setuptools is replacing distutils. Support for replacing an already imported distutils is deprecated. In the future, this condition will fail. Register concerns at https://github.com/pypa/setuptools/issues/new?template=distutils-deprecation.yml
  warnings.warn(

2026-02-26 15:33:32,255:WARNING:c:\Users\Playdata2\miniconda3\envs\battery_env\Lib\site-packages\_distutils_hack\__init__.py:30: UserWarning: Setuptools is replacing distutils. Support for replacing an already imported distutils is deprecated. In the future, this condition will fail. Register concerns at https://github.com/pypa/setuptools/issues/new?template=distutils-deprecation.yml
  warnings.warn(

2026-02-26 15:33:32,257:WARNING:c:\Users\Playdata2\miniconda3\envs\battery_env\Lib\site-packages\_distutils_hack\__init__.py:30: UserWarning: Setuptools is replacing distutils. Support for replacing an already imported distutils is deprecated. In the future, this condition will fail. Register concerns at https://github.com/pypa/setuptools/issues/new?template=distutils-deprecation.yml
  warnings.warn(

2026-02-26 15:33:32,269:WARNING:c:\Users\Playdata2\miniconda3\envs\battery_env\Lib\site-packages\_distutils_hack\__init__.py:30: UserWarning: Setuptools is replacing distutils. Support for replacing an already imported distutils is deprecated. In the future, this condition will fail. Register concerns at https://github.com/pypa/setuptools/issues/new?template=distutils-deprecation.yml
  warnings.warn(

2026-02-26 15:33:32,269:WARNING:c:\Users\Playdata2\miniconda3\envs\battery_env\Lib\site-packages\_distutils_hack\__init__.py:30: UserWarning: Setuptools is replacing distutils. Support for replacing an already imported distutils is deprecated. In the future, this condition will fail. Register concerns at https://github.com/pypa/setuptools/issues/new?template=distutils-deprecation.yml
  warnings.warn(

2026-02-26 15:33:32,451:INFO:Calculating mean and std
2026-02-26 15:33:32,455:INFO:Creating metrics dataframe
2026-02-26 15:33:32,459:INFO:Uploading results into container
2026-02-26 15:33:32,466:INFO:Uploading model into container now
2026-02-26 15:33:32,467:INFO:_master_model_container: 1
2026-02-26 15:33:32,467:INFO:_display_container: 2
2026-02-26 15:33:32,468:INFO:LinearRegression(n_jobs=-1)
2026-02-26 15:33:32,468:INFO:create_model() successfully completed......................................
2026-02-26 15:33:32,737:INFO:SubProcess create_model() end ==================================
2026-02-26 15:33:32,737:INFO:Creating metrics dataframe
2026-02-26 15:33:32,750:INFO:Initializing Lasso Regression
2026-02-26 15:33:32,750:INFO:Total runtime is 0.1530524730682373 minutes
2026-02-26 15:33:32,757:INFO:SubProcess create_model() called ==================================
2026-02-26 15:33:32,758:INFO:Initializing create_model()
2026-02-26 15:33:32,758:INFO:create_model(self=<pycaret.regression.oop.RegressionExperiment object at 0x000001B5C7DFFD10>, estimator=lasso, fold=KFold(n_splits=5, random_state=None, shuffle=False), round=4, cross_validation=True, predict=True, fit_kwargs={}, groups=None, refit=False, probability_threshold=None, experiment_custom_tags=None, verbose=False, system=False, add_to_model_list=True, metrics=None, display=<pycaret.internal.display.display.CommonDisplay object at 0x000001B5C8029790>, model_only=True, return_train_score=False, error_score=0.0, kwargs={})
2026-02-26 15:33:32,758:INFO:Checking exceptions
2026-02-26 15:33:32,758:INFO:Importing libraries
2026-02-26 15:33:32,758:INFO:Copying training dataset
2026-02-26 15:33:32,777:INFO:Defining folds
2026-02-26 15:33:32,777:INFO:Declaring metric variables
2026-02-26 15:33:32,785:INFO:Importing untrained model
2026-02-26 15:33:32,793:INFO:Lasso Regression Imported successfully
2026-02-26 15:33:32,809:INFO:Starting cross validation
2026-02-26 15:33:32,813:INFO:Cross validating with KFold(n_splits=5, random_state=None, shuffle=False), n_jobs=-1
2026-02-26 15:33:38,252:WARNING:c:\Users\Playdata2\miniconda3\envs\battery_env\Lib\site-packages\_distutils_hack\__init__.py:30: UserWarning: Setuptools is replacing distutils. Support for replacing an already imported distutils is deprecated. In the future, this condition will fail. Register concerns at https://github.com/pypa/setuptools/issues/new?template=distutils-deprecation.yml
  warnings.warn(

2026-02-26 15:33:38,310:WARNING:c:\Users\Playdata2\miniconda3\envs\battery_env\Lib\site-packages\_distutils_hack\__init__.py:30: UserWarning: Setuptools is replacing distutils. Support for replacing an already imported distutils is deprecated. In the future, this condition will fail. Register concerns at https://github.com/pypa/setuptools/issues/new?template=distutils-deprecation.yml
  warnings.warn(

2026-02-26 15:33:38,330:WARNING:c:\Users\Playdata2\miniconda3\envs\battery_env\Lib\site-packages\_distutils_hack\__init__.py:30: UserWarning: Setuptools is replacing distutils. Support for replacing an already imported distutils is deprecated. In the future, this condition will fail. Register concerns at https://github.com/pypa/setuptools/issues/new?template=distutils-deprecation.yml
  warnings.warn(

2026-02-26 15:33:38,535:INFO:Calculating mean and std
2026-02-26 15:33:38,543:INFO:Creating metrics dataframe
2026-02-26 15:33:38,546:INFO:Uploading results into container
2026-02-26 15:33:38,547:INFO:Uploading model into container now
2026-02-26 15:33:38,549:INFO:_master_model_container: 2
2026-02-26 15:33:38,549:INFO:_display_container: 2
2026-02-26 15:33:38,549:INFO:Lasso(random_state=42)
2026-02-26 15:33:38,549:INFO:create_model() successfully completed......................................
2026-02-26 15:33:38,813:INFO:SubProcess create_model() end ==================================
2026-02-26 15:33:38,813:INFO:Creating metrics dataframe
2026-02-26 15:33:38,824:INFO:Initializing Ridge Regression
2026-02-26 15:33:38,824:INFO:Total runtime is 0.25427658160527544 minutes
2026-02-26 15:33:38,829:INFO:SubProcess create_model() called ==================================
2026-02-26 15:33:38,829:INFO:Initializing create_model()
2026-02-26 15:33:38,829:INFO:create_model(self=<pycaret.regression.oop.RegressionExperiment object at 0x000001B5C7DFFD10>, estimator=ridge, fold=KFold(n_splits=5, random_state=None, shuffle=False), round=4, cross_validation=True, predict=True, fit_kwargs={}, groups=None, refit=False, probability_threshold=None, experiment_custom_tags=None, verbose=False, system=False, add_to_model_list=True, metrics=None, display=<pycaret.internal.display.display.CommonDisplay object at 0x000001B5C8029790>, model_only=True, return_train_score=False, error_score=0.0, kwargs={})
2026-02-26 15:33:38,831:INFO:Checking exceptions
2026-02-26 15:33:38,831:INFO:Importing libraries
2026-02-26 15:33:38,831:INFO:Copying training dataset
2026-02-26 15:33:38,844:INFO:Defining folds
2026-02-26 15:33:38,844:INFO:Declaring metric variables
2026-02-26 15:33:38,850:INFO:Importing untrained model
2026-02-26 15:33:38,868:INFO:Ridge Regression Imported successfully
2026-02-26 15:33:38,881:INFO:Starting cross validation
2026-02-26 15:33:38,883:INFO:Cross validating with KFold(n_splits=5, random_state=None, shuffle=False), n_jobs=-1
2026-02-26 15:33:39,081:INFO:Calculating mean and std
2026-02-26 15:33:39,082:INFO:Creating metrics dataframe
2026-02-26 15:33:39,087:INFO:Uploading results into container
2026-02-26 15:33:39,090:INFO:Uploading model into container now
2026-02-26 15:33:39,092:INFO:_master_model_container: 3
2026-02-26 15:33:39,092:INFO:_display_container: 2
2026-02-26 15:33:39,093:INFO:Ridge(random_state=42)
2026-02-26 15:33:39,093:INFO:create_model() successfully completed......................................
2026-02-26 15:33:39,354:INFO:SubProcess create_model() end ==================================
2026-02-26 15:33:39,354:INFO:Creating metrics dataframe
2026-02-26 15:33:39,371:INFO:Initializing Elastic Net
2026-02-26 15:33:39,372:INFO:Total runtime is 0.26342197656631466 minutes
2026-02-26 15:33:39,378:INFO:SubProcess create_model() called ==================================
2026-02-26 15:33:39,379:INFO:Initializing create_model()
2026-02-26 15:33:39,379:INFO:create_model(self=<pycaret.regression.oop.RegressionExperiment object at 0x000001B5C7DFFD10>, estimator=en, fold=KFold(n_splits=5, random_state=None, shuffle=False), round=4, cross_validation=True, predict=True, fit_kwargs={}, groups=None, refit=False, probability_threshold=None, experiment_custom_tags=None, verbose=False, system=False, add_to_model_list=True, metrics=None, display=<pycaret.internal.display.display.CommonDisplay object at 0x000001B5C8029790>, model_only=True, return_train_score=False, error_score=0.0, kwargs={})
2026-02-26 15:33:39,379:INFO:Checking exceptions
2026-02-26 15:33:39,379:INFO:Importing libraries
2026-02-26 15:33:39,379:INFO:Copying training dataset
2026-02-26 15:33:39,392:INFO:Defining folds
2026-02-26 15:33:39,392:INFO:Declaring metric variables
2026-02-26 15:33:39,397:INFO:Importing untrained model
2026-02-26 15:33:39,403:INFO:Elastic Net Imported successfully
2026-02-26 15:33:39,416:INFO:Starting cross validation
2026-02-26 15:33:39,418:INFO:Cross validating with KFold(n_splits=5, random_state=None, shuffle=False), n_jobs=-1
2026-02-26 15:33:39,590:INFO:Calculating mean and std
2026-02-26 15:33:39,592:INFO:Creating metrics dataframe
2026-02-26 15:33:39,596:INFO:Uploading results into container
2026-02-26 15:33:39,597:INFO:Uploading model into container now
2026-02-26 15:33:39,597:INFO:_master_model_container: 4
2026-02-26 15:33:39,597:INFO:_display_container: 2
2026-02-26 15:33:39,598:INFO:ElasticNet(random_state=42)
2026-02-26 15:33:39,598:INFO:create_model() successfully completed......................................
2026-02-26 15:33:39,850:INFO:SubProcess create_model() end ==================================
2026-02-26 15:33:39,850:INFO:Creating metrics dataframe
2026-02-26 15:33:39,865:INFO:Initializing Least Angle Regression
2026-02-26 15:33:39,866:INFO:Total runtime is 0.27164943218231197 minutes
2026-02-26 15:33:39,875:INFO:SubProcess create_model() called ==================================
2026-02-26 15:33:39,875:INFO:Initializing create_model()
2026-02-26 15:33:39,875:INFO:create_model(self=<pycaret.regression.oop.RegressionExperiment object at 0x000001B5C7DFFD10>, estimator=lar, fold=KFold(n_splits=5, random_state=None, shuffle=False), round=4, cross_validation=True, predict=True, fit_kwargs={}, groups=None, refit=False, probability_threshold=None, experiment_custom_tags=None, verbose=False, system=False, add_to_model_list=True, metrics=None, display=<pycaret.internal.display.display.CommonDisplay object at 0x000001B5C8029790>, model_only=True, return_train_score=False, error_score=0.0, kwargs={})
2026-02-26 15:33:39,876:INFO:Checking exceptions
2026-02-26 15:33:39,876:INFO:Importing libraries
2026-02-26 15:33:39,876:INFO:Copying training dataset
2026-02-26 15:33:39,886:INFO:Defining folds
2026-02-26 15:33:39,886:INFO:Declaring metric variables
2026-02-26 15:33:39,896:INFO:Importing untrained model
2026-02-26 15:33:39,903:INFO:Least Angle Regression Imported successfully
2026-02-26 15:33:39,916:INFO:Starting cross validation
2026-02-26 15:33:39,918:INFO:Cross validating with KFold(n_splits=5, random_state=None, shuffle=False), n_jobs=-1
2026-02-26 15:33:40,090:INFO:Calculating mean and std
2026-02-26 15:33:40,093:INFO:Creating metrics dataframe
2026-02-26 15:33:40,098:INFO:Uploading results into container
2026-02-26 15:33:40,099:INFO:Uploading model into container now
2026-02-26 15:33:40,100:INFO:_master_model_container: 5
2026-02-26 15:33:40,100:INFO:_display_container: 2
2026-02-26 15:33:40,100:INFO:Lars(random_state=42)
2026-02-26 15:33:40,100:INFO:create_model() successfully completed......................................
2026-02-26 15:33:40,357:INFO:SubProcess create_model() end ==================================
2026-02-26 15:33:40,359:INFO:Creating metrics dataframe
2026-02-26 15:33:40,375:INFO:Initializing Lasso Least Angle Regression
2026-02-26 15:33:40,375:INFO:Total runtime is 0.2801315585772196 minutes
2026-02-26 15:33:40,381:INFO:SubProcess create_model() called ==================================
2026-02-26 15:33:40,382:INFO:Initializing create_model()
2026-02-26 15:33:40,382:INFO:create_model(self=<pycaret.regression.oop.RegressionExperiment object at 0x000001B5C7DFFD10>, estimator=llar, fold=KFold(n_splits=5, random_state=None, shuffle=False), round=4, cross_validation=True, predict=True, fit_kwargs={}, groups=None, refit=False, probability_threshold=None, experiment_custom_tags=None, verbose=False, system=False, add_to_model_list=True, metrics=None, display=<pycaret.internal.display.display.CommonDisplay object at 0x000001B5C8029790>, model_only=True, return_train_score=False, error_score=0.0, kwargs={})
2026-02-26 15:33:40,382:INFO:Checking exceptions
2026-02-26 15:33:40,383:INFO:Importing libraries
2026-02-26 15:33:40,383:INFO:Copying training dataset
2026-02-26 15:33:40,400:INFO:Defining folds
2026-02-26 15:33:40,400:INFO:Declaring metric variables
2026-02-26 15:33:40,409:INFO:Importing untrained model
2026-02-26 15:33:40,416:INFO:Lasso Least Angle Regression Imported successfully
2026-02-26 15:33:40,475:INFO:Starting cross validation
2026-02-26 15:33:40,477:INFO:Cross validating with KFold(n_splits=5, random_state=None, shuffle=False), n_jobs=-1
2026-02-26 15:33:40,921:INFO:Calculating mean and std
2026-02-26 15:33:40,925:INFO:Creating metrics dataframe
2026-02-26 15:33:40,930:INFO:Uploading results into container
2026-02-26 15:33:40,931:INFO:Uploading model into container now
2026-02-26 15:33:40,933:INFO:_master_model_container: 6
2026-02-26 15:33:40,933:INFO:_display_container: 2
2026-02-26 15:33:40,934:INFO:LassoLars(random_state=42)
2026-02-26 15:33:40,934:INFO:create_model() successfully completed......................................
2026-02-26 15:33:41,230:INFO:SubProcess create_model() end ==================================
2026-02-26 15:33:41,230:INFO:Creating metrics dataframe
2026-02-26 15:33:41,245:INFO:Initializing Orthogonal Matching Pursuit
2026-02-26 15:33:41,245:INFO:Total runtime is 0.2946429133415222 minutes
2026-02-26 15:33:41,250:INFO:SubProcess create_model() called ==================================
2026-02-26 15:33:41,252:INFO:Initializing create_model()
2026-02-26 15:33:41,252:INFO:create_model(self=<pycaret.regression.oop.RegressionExperiment object at 0x000001B5C7DFFD10>, estimator=omp, fold=KFold(n_splits=5, random_state=None, shuffle=False), round=4, cross_validation=True, predict=True, fit_kwargs={}, groups=None, refit=False, probability_threshold=None, experiment_custom_tags=None, verbose=False, system=False, add_to_model_list=True, metrics=None, display=<pycaret.internal.display.display.CommonDisplay object at 0x000001B5C8029790>, model_only=True, return_train_score=False, error_score=0.0, kwargs={})
2026-02-26 15:33:41,252:INFO:Checking exceptions
2026-02-26 15:33:41,252:INFO:Importing libraries
2026-02-26 15:33:41,253:INFO:Copying training dataset
2026-02-26 15:33:41,267:INFO:Defining folds
2026-02-26 15:33:41,267:INFO:Declaring metric variables
2026-02-26 15:33:41,278:INFO:Importing untrained model
2026-02-26 15:33:41,283:INFO:Orthogonal Matching Pursuit Imported successfully
2026-02-26 15:33:41,298:INFO:Starting cross validation
2026-02-26 15:33:41,301:INFO:Cross validating with KFold(n_splits=5, random_state=None, shuffle=False), n_jobs=-1
2026-02-26 15:33:41,416:WARNING:c:\Users\Playdata2\miniconda3\envs\battery_env\Lib\site-packages\sklearn\utils\_param_validation.py:186: RuntimeWarning: Orthogonal matching pursuit ended prematurely due to linear dependence in the dictionary. The requested precision might not have been met.
  return func(*args, **kwargs)

2026-02-26 15:33:41,427:WARNING:c:\Users\Playdata2\miniconda3\envs\battery_env\Lib\site-packages\sklearn\utils\_param_validation.py:186: RuntimeWarning: Orthogonal matching pursuit ended prematurely due to linear dependence in the dictionary. The requested precision might not have been met.
  return func(*args, **kwargs)

2026-02-26 15:33:41,459:WARNING:c:\Users\Playdata2\miniconda3\envs\battery_env\Lib\site-packages\sklearn\utils\_param_validation.py:186: RuntimeWarning: Orthogonal matching pursuit ended prematurely due to linear dependence in the dictionary. The requested precision might not have been met.
  return func(*args, **kwargs)

2026-02-26 15:33:41,465:WARNING:c:\Users\Playdata2\miniconda3\envs\battery_env\Lib\site-packages\sklearn\utils\_param_validation.py:186: RuntimeWarning: Orthogonal matching pursuit ended prematurely due to linear dependence in the dictionary. The requested precision might not have been met.
  return func(*args, **kwargs)

2026-02-26 15:33:41,466:WARNING:c:\Users\Playdata2\miniconda3\envs\battery_env\Lib\site-packages\sklearn\utils\_param_validation.py:186: RuntimeWarning: Orthogonal matching pursuit ended prematurely due to linear dependence in the dictionary. The requested precision might not have been met.
  return func(*args, **kwargs)

2026-02-26 15:33:41,520:INFO:Calculating mean and std
2026-02-26 15:33:41,522:INFO:Creating metrics dataframe
2026-02-26 15:33:41,527:INFO:Uploading results into container
2026-02-26 15:33:41,528:INFO:Uploading model into container now
2026-02-26 15:33:41,528:INFO:_master_model_container: 7
2026-02-26 15:33:41,529:INFO:_display_container: 2
2026-02-26 15:33:41,529:INFO:OrthogonalMatchingPursuit()
2026-02-26 15:33:41,529:INFO:create_model() successfully completed......................................
2026-02-26 15:33:41,805:INFO:SubProcess create_model() end ==================================
2026-02-26 15:33:41,805:INFO:Creating metrics dataframe
2026-02-26 15:33:41,819:INFO:Initializing Bayesian Ridge
2026-02-26 15:33:41,820:INFO:Total runtime is 0.3042173981666565 minutes
2026-02-26 15:33:41,826:INFO:SubProcess create_model() called ==================================
2026-02-26 15:33:41,827:INFO:Initializing create_model()
2026-02-26 15:33:41,827:INFO:create_model(self=<pycaret.regression.oop.RegressionExperiment object at 0x000001B5C7DFFD10>, estimator=br, fold=KFold(n_splits=5, random_state=None, shuffle=False), round=4, cross_validation=True, predict=True, fit_kwargs={}, groups=None, refit=False, probability_threshold=None, experiment_custom_tags=None, verbose=False, system=False, add_to_model_list=True, metrics=None, display=<pycaret.internal.display.display.CommonDisplay object at 0x000001B5C8029790>, model_only=True, return_train_score=False, error_score=0.0, kwargs={})
2026-02-26 15:33:41,827:INFO:Checking exceptions
2026-02-26 15:33:41,827:INFO:Importing libraries
2026-02-26 15:33:41,827:INFO:Copying training dataset
2026-02-26 15:33:41,841:INFO:Defining folds
2026-02-26 15:33:41,841:INFO:Declaring metric variables
2026-02-26 15:33:41,848:INFO:Importing untrained model
2026-02-26 15:33:41,855:INFO:Bayesian Ridge Imported successfully
2026-02-26 15:33:41,865:INFO:Starting cross validation
2026-02-26 15:33:41,867:INFO:Cross validating with KFold(n_splits=5, random_state=None, shuffle=False), n_jobs=-1
2026-02-26 15:33:42,046:INFO:Calculating mean and std
2026-02-26 15:33:42,047:INFO:Creating metrics dataframe
2026-02-26 15:33:42,052:INFO:Uploading results into container
2026-02-26 15:33:42,052:INFO:Uploading model into container now
2026-02-26 15:33:42,053:INFO:_master_model_container: 8
2026-02-26 15:33:42,053:INFO:_display_container: 2
2026-02-26 15:33:42,053:INFO:BayesianRidge()
2026-02-26 15:33:42,054:INFO:create_model() successfully completed......................................
2026-02-26 15:33:42,352:INFO:SubProcess create_model() end ==================================
2026-02-26 15:33:42,352:INFO:Creating metrics dataframe
2026-02-26 15:33:42,373:INFO:Initializing Passive Aggressive Regressor
2026-02-26 15:33:42,373:INFO:Total runtime is 0.31343631744384765 minutes
2026-02-26 15:33:42,379:INFO:SubProcess create_model() called ==================================
2026-02-26 15:33:42,380:INFO:Initializing create_model()
2026-02-26 15:33:42,380:INFO:create_model(self=<pycaret.regression.oop.RegressionExperiment object at 0x000001B5C7DFFD10>, estimator=par, fold=KFold(n_splits=5, random_state=None, shuffle=False), round=4, cross_validation=True, predict=True, fit_kwargs={}, groups=None, refit=False, probability_threshold=None, experiment_custom_tags=None, verbose=False, system=False, add_to_model_list=True, metrics=None, display=<pycaret.internal.display.display.CommonDisplay object at 0x000001B5C8029790>, model_only=True, return_train_score=False, error_score=0.0, kwargs={})
2026-02-26 15:33:42,380:INFO:Checking exceptions
2026-02-26 15:33:42,380:INFO:Importing libraries
2026-02-26 15:33:42,380:INFO:Copying training dataset
2026-02-26 15:33:42,394:INFO:Defining folds
2026-02-26 15:33:42,394:INFO:Declaring metric variables
2026-02-26 15:33:42,400:INFO:Importing untrained model
2026-02-26 15:33:42,408:INFO:Passive Aggressive Regressor Imported successfully
2026-02-26 15:33:42,419:INFO:Starting cross validation
2026-02-26 15:33:42,421:INFO:Cross validating with KFold(n_splits=5, random_state=None, shuffle=False), n_jobs=-1
2026-02-26 15:33:42,615:INFO:Calculating mean and std
2026-02-26 15:33:42,616:INFO:Creating metrics dataframe
2026-02-26 15:33:42,618:INFO:Uploading results into container
2026-02-26 15:33:42,619:INFO:Uploading model into container now
2026-02-26 15:33:42,619:INFO:_master_model_container: 9
2026-02-26 15:33:42,619:INFO:_display_container: 2
2026-02-26 15:33:42,620:INFO:PassiveAggressiveRegressor(random_state=42)
2026-02-26 15:33:42,620:INFO:create_model() successfully completed......................................
2026-02-26 15:33:42,911:INFO:SubProcess create_model() end ==================================
2026-02-26 15:33:42,911:INFO:Creating metrics dataframe
2026-02-26 15:33:42,927:INFO:Initializing Huber Regressor
2026-02-26 15:33:42,928:INFO:Total runtime is 0.3226763844490051 minutes
2026-02-26 15:33:42,932:INFO:SubProcess create_model() called ==================================
2026-02-26 15:33:42,933:INFO:Initializing create_model()
2026-02-26 15:33:42,933:INFO:create_model(self=<pycaret.regression.oop.RegressionExperiment object at 0x000001B5C7DFFD10>, estimator=huber, fold=KFold(n_splits=5, random_state=None, shuffle=False), round=4, cross_validation=True, predict=True, fit_kwargs={}, groups=None, refit=False, probability_threshold=None, experiment_custom_tags=None, verbose=False, system=False, add_to_model_list=True, metrics=None, display=<pycaret.internal.display.display.CommonDisplay object at 0x000001B5C8029790>, model_only=True, return_train_score=False, error_score=0.0, kwargs={})
2026-02-26 15:33:42,933:INFO:Checking exceptions
2026-02-26 15:33:42,933:INFO:Importing libraries
2026-02-26 15:33:42,933:INFO:Copying training dataset
2026-02-26 15:33:42,948:INFO:Defining folds
2026-02-26 15:33:42,948:INFO:Declaring metric variables
2026-02-26 15:33:42,956:INFO:Importing untrained model
2026-02-26 15:33:42,965:INFO:Huber Regressor Imported successfully
2026-02-26 15:33:42,979:INFO:Starting cross validation
2026-02-26 15:33:42,982:INFO:Cross validating with KFold(n_splits=5, random_state=None, shuffle=False), n_jobs=-1
2026-02-26 15:33:43,359:WARNING:c:\Users\Playdata2\miniconda3\envs\battery_env\Lib\site-packages\sklearn\linear_model\_huber.py:342: ConvergenceWarning: lbfgs failed to converge (status=1):
STOP: TOTAL NO. of ITERATIONS REACHED LIMIT.

Increase the number of iterations (max_iter) or scale the data as shown in:
    https://scikit-learn.org/stable/modules/preprocessing.html
  self.n_iter_ = _check_optimize_result("lbfgs", opt_res, self.max_iter)

2026-02-26 15:33:43,453:WARNING:c:\Users\Playdata2\miniconda3\envs\battery_env\Lib\site-packages\sklearn\linear_model\_huber.py:342: ConvergenceWarning: lbfgs failed to converge (status=1):
STOP: TOTAL NO. of ITERATIONS REACHED LIMIT.

Increase the number of iterations (max_iter) or scale the data as shown in:
    https://scikit-learn.org/stable/modules/preprocessing.html
  self.n_iter_ = _check_optimize_result("lbfgs", opt_res, self.max_iter)

2026-02-26 15:33:43,518:WARNING:c:\Users\Playdata2\miniconda3\envs\battery_env\Lib\site-packages\sklearn\linear_model\_huber.py:342: ConvergenceWarning: lbfgs failed to converge (status=1):
STOP: TOTAL NO. of ITERATIONS REACHED LIMIT.

Increase the number of iterations (max_iter) or scale the data as shown in:
    https://scikit-learn.org/stable/modules/preprocessing.html
  self.n_iter_ = _check_optimize_result("lbfgs", opt_res, self.max_iter)

2026-02-26 15:33:43,580:WARNING:c:\Users\Playdata2\miniconda3\envs\battery_env\Lib\site-packages\sklearn\linear_model\_huber.py:342: ConvergenceWarning: lbfgs failed to converge (status=1):
STOP: TOTAL NO. of ITERATIONS REACHED LIMIT.

Increase the number of iterations (max_iter) or scale the data as shown in:
    https://scikit-learn.org/stable/modules/preprocessing.html
  self.n_iter_ = _check_optimize_result("lbfgs", opt_res, self.max_iter)

2026-02-26 15:33:43,581:WARNING:c:\Users\Playdata2\miniconda3\envs\battery_env\Lib\site-packages\sklearn\linear_model\_huber.py:342: ConvergenceWarning: lbfgs failed to converge (status=1):
STOP: TOTAL NO. of ITERATIONS REACHED LIMIT.

Increase the number of iterations (max_iter) or scale the data as shown in:
    https://scikit-learn.org/stable/modules/preprocessing.html
  self.n_iter_ = _check_optimize_result("lbfgs", opt_res, self.max_iter)

2026-02-26 15:33:43,644:INFO:Calculating mean and std
2026-02-26 15:33:43,646:INFO:Creating metrics dataframe
2026-02-26 15:33:43,649:INFO:Uploading results into container
2026-02-26 15:33:43,650:INFO:Uploading model into container now
2026-02-26 15:33:43,651:INFO:_master_model_container: 10
2026-02-26 15:33:43,651:INFO:_display_container: 2
2026-02-26 15:33:43,651:INFO:HuberRegressor()
2026-02-26 15:33:43,652:INFO:create_model() successfully completed......................................
2026-02-26 15:33:43,986:INFO:SubProcess create_model() end ==================================
2026-02-26 15:33:43,986:INFO:Creating metrics dataframe
2026-02-26 15:33:44,013:INFO:Initializing K Neighbors Regressor
2026-02-26 15:33:44,013:INFO:Total runtime is 0.3407658537228902 minutes
2026-02-26 15:33:44,018:INFO:SubProcess create_model() called ==================================
2026-02-26 15:33:44,019:INFO:Initializing create_model()
2026-02-26 15:33:44,019:INFO:create_model(self=<pycaret.regression.oop.RegressionExperiment object at 0x000001B5C7DFFD10>, estimator=knn, fold=KFold(n_splits=5, random_state=None, shuffle=False), round=4, cross_validation=True, predict=True, fit_kwargs={}, groups=None, refit=False, probability_threshold=None, experiment_custom_tags=None, verbose=False, system=False, add_to_model_list=True, metrics=None, display=<pycaret.internal.display.display.CommonDisplay object at 0x000001B5C8029790>, model_only=True, return_train_score=False, error_score=0.0, kwargs={})
2026-02-26 15:33:44,019:INFO:Checking exceptions
2026-02-26 15:33:44,019:INFO:Importing libraries
2026-02-26 15:33:44,020:INFO:Copying training dataset
2026-02-26 15:33:44,036:INFO:Defining folds
2026-02-26 15:33:44,037:INFO:Declaring metric variables
2026-02-26 15:33:44,045:INFO:Importing untrained model
2026-02-26 15:33:44,053:INFO:K Neighbors Regressor Imported successfully
2026-02-26 15:33:44,069:INFO:Starting cross validation
2026-02-26 15:33:44,074:INFO:Cross validating with KFold(n_splits=5, random_state=None, shuffle=False), n_jobs=-1
2026-02-26 15:33:44,273:INFO:Calculating mean and std
2026-02-26 15:33:44,275:INFO:Creating metrics dataframe
2026-02-26 15:33:44,280:INFO:Uploading results into container
2026-02-26 15:33:44,280:INFO:Uploading model into container now
2026-02-26 15:33:44,281:INFO:_master_model_container: 11
2026-02-26 15:33:44,281:INFO:_display_container: 2
2026-02-26 15:33:44,281:INFO:KNeighborsRegressor(n_jobs=-1)
2026-02-26 15:33:44,281:INFO:create_model() successfully completed......................................
2026-02-26 15:33:44,535:INFO:SubProcess create_model() end ==================================
2026-02-26 15:33:44,536:INFO:Creating metrics dataframe
2026-02-26 15:33:44,551:INFO:Initializing Decision Tree Regressor
2026-02-26 15:33:44,551:INFO:Total runtime is 0.3497405489285787 minutes
2026-02-26 15:33:44,561:INFO:SubProcess create_model() called ==================================
2026-02-26 15:33:44,561:INFO:Initializing create_model()
2026-02-26 15:33:44,561:INFO:create_model(self=<pycaret.regression.oop.RegressionExperiment object at 0x000001B5C7DFFD10>, estimator=dt, fold=KFold(n_splits=5, random_state=None, shuffle=False), round=4, cross_validation=True, predict=True, fit_kwargs={}, groups=None, refit=False, probability_threshold=None, experiment_custom_tags=None, verbose=False, system=False, add_to_model_list=True, metrics=None, display=<pycaret.internal.display.display.CommonDisplay object at 0x000001B5C8029790>, model_only=True, return_train_score=False, error_score=0.0, kwargs={})
2026-02-26 15:33:44,562:INFO:Checking exceptions
2026-02-26 15:33:44,562:INFO:Importing libraries
2026-02-26 15:33:44,562:INFO:Copying training dataset
2026-02-26 15:33:44,606:INFO:Defining folds
2026-02-26 15:33:44,606:INFO:Declaring metric variables
2026-02-26 15:33:44,659:INFO:Importing untrained model
2026-02-26 15:33:44,666:INFO:Decision Tree Regressor Imported successfully
2026-02-26 15:33:44,711:INFO:Starting cross validation
2026-02-26 15:33:44,714:INFO:Cross validating with KFold(n_splits=5, random_state=None, shuffle=False), n_jobs=-1
2026-02-26 15:33:44,955:INFO:Calculating mean and std
2026-02-26 15:33:44,959:INFO:Creating metrics dataframe
2026-02-26 15:33:44,963:INFO:Uploading results into container
2026-02-26 15:33:44,963:INFO:Uploading model into container now
2026-02-26 15:33:44,965:INFO:_master_model_container: 12
2026-02-26 15:33:44,965:INFO:_display_container: 2
2026-02-26 15:33:44,966:INFO:DecisionTreeRegressor(random_state=42)
2026-02-26 15:33:44,966:INFO:create_model() successfully completed......................................
2026-02-26 15:33:45,232:INFO:SubProcess create_model() end ==================================
2026-02-26 15:33:45,232:INFO:Creating metrics dataframe
2026-02-26 15:33:45,253:INFO:Initializing Random Forest Regressor
2026-02-26 15:33:45,254:INFO:Total runtime is 0.3614443302154541 minutes
2026-02-26 15:33:45,264:INFO:SubProcess create_model() called ==================================
2026-02-26 15:33:45,265:INFO:Initializing create_model()
2026-02-26 15:33:45,265:INFO:create_model(self=<pycaret.regression.oop.RegressionExperiment object at 0x000001B5C7DFFD10>, estimator=rf, fold=KFold(n_splits=5, random_state=None, shuffle=False), round=4, cross_validation=True, predict=True, fit_kwargs={}, groups=None, refit=False, probability_threshold=None, experiment_custom_tags=None, verbose=False, system=False, add_to_model_list=True, metrics=None, display=<pycaret.internal.display.display.CommonDisplay object at 0x000001B5C8029790>, model_only=True, return_train_score=False, error_score=0.0, kwargs={})
2026-02-26 15:33:45,265:INFO:Checking exceptions
2026-02-26 15:33:45,265:INFO:Importing libraries
2026-02-26 15:33:45,266:INFO:Copying training dataset
2026-02-26 15:33:45,286:INFO:Defining folds
2026-02-26 15:33:45,292:INFO:Declaring metric variables
2026-02-26 15:33:45,300:INFO:Importing untrained model
2026-02-26 15:33:45,311:INFO:Random Forest Regressor Imported successfully
2026-02-26 15:33:45,327:INFO:Starting cross validation
2026-02-26 15:33:45,330:INFO:Cross validating with KFold(n_splits=5, random_state=None, shuffle=False), n_jobs=-1
2026-02-26 15:33:47,294:INFO:Calculating mean and std
2026-02-26 15:33:47,298:INFO:Creating metrics dataframe
2026-02-26 15:33:47,304:INFO:Uploading results into container
2026-02-26 15:33:47,306:INFO:Uploading model into container now
2026-02-26 15:33:47,309:INFO:_master_model_container: 13
2026-02-26 15:33:47,309:INFO:_display_container: 2
2026-02-26 15:33:47,310:INFO:RandomForestRegressor(n_jobs=-1, random_state=42)
2026-02-26 15:33:47,310:INFO:create_model() successfully completed......................................
2026-02-26 15:33:47,654:INFO:SubProcess create_model() end ==================================
2026-02-26 15:33:47,655:INFO:Creating metrics dataframe
2026-02-26 15:33:47,673:INFO:Initializing Extra Trees Regressor
2026-02-26 15:33:47,673:INFO:Total runtime is 0.4017740686734517 minutes
2026-02-26 15:33:47,680:INFO:SubProcess create_model() called ==================================
2026-02-26 15:33:47,681:INFO:Initializing create_model()
2026-02-26 15:33:47,681:INFO:create_model(self=<pycaret.regression.oop.RegressionExperiment object at 0x000001B5C7DFFD10>, estimator=et, fold=KFold(n_splits=5, random_state=None, shuffle=False), round=4, cross_validation=True, predict=True, fit_kwargs={}, groups=None, refit=False, probability_threshold=None, experiment_custom_tags=None, verbose=False, system=False, add_to_model_list=True, metrics=None, display=<pycaret.internal.display.display.CommonDisplay object at 0x000001B5C8029790>, model_only=True, return_train_score=False, error_score=0.0, kwargs={})
2026-02-26 15:33:47,681:INFO:Checking exceptions
2026-02-26 15:33:47,681:INFO:Importing libraries
2026-02-26 15:33:47,681:INFO:Copying training dataset
2026-02-26 15:33:47,694:INFO:Defining folds
2026-02-26 15:33:47,694:INFO:Declaring metric variables
2026-02-26 15:33:47,700:INFO:Importing untrained model
2026-02-26 15:33:47,708:INFO:Extra Trees Regressor Imported successfully
2026-02-26 15:33:47,719:INFO:Starting cross validation
2026-02-26 15:33:47,721:INFO:Cross validating with KFold(n_splits=5, random_state=None, shuffle=False), n_jobs=-1
2026-02-26 15:33:48,719:INFO:Calculating mean and std
2026-02-26 15:33:48,725:INFO:Creating metrics dataframe
2026-02-26 15:33:48,731:INFO:Uploading results into container
2026-02-26 15:33:48,732:INFO:Uploading model into container now
2026-02-26 15:33:48,733:INFO:_master_model_container: 14
2026-02-26 15:33:48,733:INFO:_display_container: 2
2026-02-26 15:33:48,734:INFO:ExtraTreesRegressor(n_jobs=-1, random_state=42)
2026-02-26 15:33:48,734:INFO:create_model() successfully completed......................................
2026-02-26 15:33:49,067:INFO:SubProcess create_model() end ==================================
2026-02-26 15:33:49,068:INFO:Creating metrics dataframe
2026-02-26 15:33:49,094:INFO:Initializing AdaBoost Regressor
2026-02-26 15:33:49,094:INFO:Total runtime is 0.42545387347539265 minutes
2026-02-26 15:33:49,100:INFO:SubProcess create_model() called ==================================
2026-02-26 15:33:49,100:INFO:Initializing create_model()
2026-02-26 15:33:49,101:INFO:create_model(self=<pycaret.regression.oop.RegressionExperiment object at 0x000001B5C7DFFD10>, estimator=ada, fold=KFold(n_splits=5, random_state=None, shuffle=False), round=4, cross_validation=True, predict=True, fit_kwargs={}, groups=None, refit=False, probability_threshold=None, experiment_custom_tags=None, verbose=False, system=False, add_to_model_list=True, metrics=None, display=<pycaret.internal.display.display.CommonDisplay object at 0x000001B5C8029790>, model_only=True, return_train_score=False, error_score=0.0, kwargs={})
2026-02-26 15:33:49,101:INFO:Checking exceptions
2026-02-26 15:33:49,101:INFO:Importing libraries
2026-02-26 15:33:49,101:INFO:Copying training dataset
2026-02-26 15:33:49,131:INFO:Defining folds
2026-02-26 15:33:49,131:INFO:Declaring metric variables
2026-02-26 15:33:49,139:INFO:Importing untrained model
2026-02-26 15:33:49,148:INFO:AdaBoost Regressor Imported successfully
2026-02-26 15:33:49,177:INFO:Starting cross validation
2026-02-26 15:33:49,180:INFO:Cross validating with KFold(n_splits=5, random_state=None, shuffle=False), n_jobs=-1
2026-02-26 15:33:49,873:INFO:Calculating mean and std
2026-02-26 15:33:49,878:INFO:Creating metrics dataframe
2026-02-26 15:33:49,881:INFO:Uploading results into container
2026-02-26 15:33:49,882:INFO:Uploading model into container now
2026-02-26 15:33:49,883:INFO:_master_model_container: 15
2026-02-26 15:33:49,883:INFO:_display_container: 2
2026-02-26 15:33:49,884:INFO:AdaBoostRegressor(random_state=42)
2026-02-26 15:33:49,884:INFO:create_model() successfully completed......................................
2026-02-26 15:33:50,192:INFO:SubProcess create_model() end ==================================
2026-02-26 15:33:50,192:INFO:Creating metrics dataframe
2026-02-26 15:33:50,262:INFO:Initializing Gradient Boosting Regressor
2026-02-26 15:33:50,262:INFO:Total runtime is 0.44492584069569907 minutes
2026-02-26 15:33:50,268:INFO:SubProcess create_model() called ==================================
2026-02-26 15:33:50,268:INFO:Initializing create_model()
2026-02-26 15:33:50,268:INFO:create_model(self=<pycaret.regression.oop.RegressionExperiment object at 0x000001B5C7DFFD10>, estimator=gbr, fold=KFold(n_splits=5, random_state=None, shuffle=False), round=4, cross_validation=True, predict=True, fit_kwargs={}, groups=None, refit=False, probability_threshold=None, experiment_custom_tags=None, verbose=False, system=False, add_to_model_list=True, metrics=None, display=<pycaret.internal.display.display.CommonDisplay object at 0x000001B5C8029790>, model_only=True, return_train_score=False, error_score=0.0, kwargs={})
2026-02-26 15:33:50,268:INFO:Checking exceptions
2026-02-26 15:33:50,269:INFO:Importing libraries
2026-02-26 15:33:50,269:INFO:Copying training dataset
2026-02-26 15:33:50,312:INFO:Defining folds
2026-02-26 15:33:50,313:INFO:Declaring metric variables
2026-02-26 15:33:50,335:INFO:Importing untrained model
2026-02-26 15:33:50,348:INFO:Gradient Boosting Regressor Imported successfully
2026-02-26 15:33:50,386:INFO:Starting cross validation
2026-02-26 15:33:50,391:INFO:Cross validating with KFold(n_splits=5, random_state=None, shuffle=False), n_jobs=-1
2026-02-26 15:33:51,656:INFO:Calculating mean and std
2026-02-26 15:33:51,659:INFO:Creating metrics dataframe
2026-02-26 15:33:51,663:INFO:Uploading results into container
2026-02-26 15:33:51,665:INFO:Uploading model into container now
2026-02-26 15:33:51,666:INFO:_master_model_container: 16
2026-02-26 15:33:51,667:INFO:_display_container: 2
2026-02-26 15:33:51,668:INFO:GradientBoostingRegressor(random_state=42)
2026-02-26 15:33:51,668:INFO:create_model() successfully completed......................................
2026-02-26 15:33:52,070:INFO:SubProcess create_model() end ==================================
2026-02-26 15:33:52,072:INFO:Creating metrics dataframe
2026-02-26 15:33:52,092:INFO:Initializing Extreme Gradient Boosting
2026-02-26 15:33:52,092:INFO:Total runtime is 0.47541457414627075 minutes
2026-02-26 15:33:52,098:INFO:SubProcess create_model() called ==================================
2026-02-26 15:33:52,099:INFO:Initializing create_model()
2026-02-26 15:33:52,099:INFO:create_model(self=<pycaret.regression.oop.RegressionExperiment object at 0x000001B5C7DFFD10>, estimator=xgboost, fold=KFold(n_splits=5, random_state=None, shuffle=False), round=4, cross_validation=True, predict=True, fit_kwargs={}, groups=None, refit=False, probability_threshold=None, experiment_custom_tags=None, verbose=False, system=False, add_to_model_list=True, metrics=None, display=<pycaret.internal.display.display.CommonDisplay object at 0x000001B5C8029790>, model_only=True, return_train_score=False, error_score=0.0, kwargs={})
2026-02-26 15:33:52,099:INFO:Checking exceptions
2026-02-26 15:33:52,099:INFO:Importing libraries
2026-02-26 15:33:52,100:INFO:Copying training dataset
2026-02-26 15:33:52,113:INFO:Defining folds
2026-02-26 15:33:52,113:INFO:Declaring metric variables
2026-02-26 15:33:52,119:INFO:Importing untrained model
2026-02-26 15:33:52,129:INFO:Extreme Gradient Boosting Imported successfully
2026-02-26 15:33:52,143:INFO:Starting cross validation
2026-02-26 15:33:52,145:INFO:Cross validating with KFold(n_splits=5, random_state=None, shuffle=False), n_jobs=-1
2026-02-26 15:33:52,532:INFO:Calculating mean and std
2026-02-26 15:33:52,533:INFO:Creating metrics dataframe
2026-02-26 15:33:52,536:INFO:Uploading results into container
2026-02-26 15:33:52,537:INFO:Uploading model into container now
2026-02-26 15:33:52,541:INFO:_master_model_container: 17
2026-02-26 15:33:52,542:INFO:_display_container: 2
2026-02-26 15:33:52,543:INFO:XGBRegressor(base_score=None, booster='gbtree', callbacks=None,
             colsample_bylevel=None, colsample_bynode=None,
             colsample_bytree=None, device='cpu', early_stopping_rounds=None,
             enable_categorical=False, eval_metric=None, feature_types=None,
             feature_weights=None, gamma=None, grow_policy=None,
             importance_type=None, interaction_constraints=None,
             learning_rate=None, max_bin=None, max_cat_threshold=None,
             max_cat_to_onehot=None, max_delta_step=None, max_depth=None,
             max_leaves=None, min_child_weight=None, missing=nan,
             monotone_constraints=None, multi_strategy=None, n_estimators=None,
             n_jobs=-1, num_parallel_tree=None, ...)
2026-02-26 15:33:52,545:INFO:create_model() successfully completed......................................
2026-02-26 15:33:52,798:INFO:SubProcess create_model() end ==================================
2026-02-26 15:33:52,798:INFO:Creating metrics dataframe
2026-02-26 15:33:52,817:INFO:Initializing Light Gradient Boosting Machine
2026-02-26 15:33:52,817:INFO:Total runtime is 0.48749507665634156 minutes
2026-02-26 15:33:52,821:INFO:SubProcess create_model() called ==================================
2026-02-26 15:33:52,823:INFO:Initializing create_model()
2026-02-26 15:33:52,823:INFO:create_model(self=<pycaret.regression.oop.RegressionExperiment object at 0x000001B5C7DFFD10>, estimator=lightgbm, fold=KFold(n_splits=5, random_state=None, shuffle=False), round=4, cross_validation=True, predict=True, fit_kwargs={}, groups=None, refit=False, probability_threshold=None, experiment_custom_tags=None, verbose=False, system=False, add_to_model_list=True, metrics=None, display=<pycaret.internal.display.display.CommonDisplay object at 0x000001B5C8029790>, model_only=True, return_train_score=False, error_score=0.0, kwargs={})
2026-02-26 15:33:52,823:INFO:Checking exceptions
2026-02-26 15:33:52,823:INFO:Importing libraries
2026-02-26 15:33:52,823:INFO:Copying training dataset
2026-02-26 15:33:52,832:INFO:Defining folds
2026-02-26 15:33:52,834:INFO:Declaring metric variables
2026-02-26 15:33:52,841:INFO:Importing untrained model
2026-02-26 15:33:52,847:INFO:Light Gradient Boosting Machine Imported successfully
2026-02-26 15:33:52,861:INFO:Starting cross validation
2026-02-26 15:33:52,863:INFO:Cross validating with KFold(n_splits=5, random_state=None, shuffle=False), n_jobs=-1
2026-02-26 15:33:54,542:INFO:Calculating mean and std
2026-02-26 15:33:54,544:INFO:Creating metrics dataframe
2026-02-26 15:33:54,549:INFO:Uploading results into container
2026-02-26 15:33:54,549:INFO:Uploading model into container now
2026-02-26 15:33:54,549:INFO:_master_model_container: 18
2026-02-26 15:33:54,549:INFO:_display_container: 2
2026-02-26 15:33:54,550:INFO:LGBMRegressor(n_jobs=-1, random_state=42)
2026-02-26 15:33:54,550:INFO:create_model() successfully completed......................................
2026-02-26 15:33:54,835:INFO:SubProcess create_model() end ==================================
2026-02-26 15:33:54,835:INFO:Creating metrics dataframe
2026-02-26 15:33:54,860:INFO:Initializing Dummy Regressor
2026-02-26 15:33:54,861:INFO:Total runtime is 0.5215720097223918 minutes
2026-02-26 15:33:54,883:INFO:SubProcess create_model() called ==================================
2026-02-26 15:33:54,884:INFO:Initializing create_model()
2026-02-26 15:33:54,884:INFO:create_model(self=<pycaret.regression.oop.RegressionExperiment object at 0x000001B5C7DFFD10>, estimator=dummy, fold=KFold(n_splits=5, random_state=None, shuffle=False), round=4, cross_validation=True, predict=True, fit_kwargs={}, groups=None, refit=False, probability_threshold=None, experiment_custom_tags=None, verbose=False, system=False, add_to_model_list=True, metrics=None, display=<pycaret.internal.display.display.CommonDisplay object at 0x000001B5C8029790>, model_only=True, return_train_score=False, error_score=0.0, kwargs={})
2026-02-26 15:33:54,884:INFO:Checking exceptions
2026-02-26 15:33:54,884:INFO:Importing libraries
2026-02-26 15:33:54,884:INFO:Copying training dataset
2026-02-26 15:33:54,903:INFO:Defining folds
2026-02-26 15:33:54,903:INFO:Declaring metric variables
2026-02-26 15:33:54,913:INFO:Importing untrained model
2026-02-26 15:33:54,921:INFO:Dummy Regressor Imported successfully
2026-02-26 15:33:54,934:INFO:Starting cross validation
2026-02-26 15:33:54,936:INFO:Cross validating with KFold(n_splits=5, random_state=None, shuffle=False), n_jobs=-1
2026-02-26 15:33:55,135:INFO:Calculating mean and std
2026-02-26 15:33:55,137:INFO:Creating metrics dataframe
2026-02-26 15:33:55,143:INFO:Uploading results into container
2026-02-26 15:33:55,144:INFO:Uploading model into container now
2026-02-26 15:33:55,144:INFO:_master_model_container: 19
2026-02-26 15:33:55,145:INFO:_display_container: 2
2026-02-26 15:33:55,145:INFO:DummyRegressor()
2026-02-26 15:33:55,145:INFO:create_model() successfully completed......................................
2026-02-26 15:33:55,396:INFO:SubProcess create_model() end ==================================
2026-02-26 15:33:55,396:INFO:Creating metrics dataframe
2026-02-26 15:33:55,432:INFO:Initializing create_model()
2026-02-26 15:33:55,432:INFO:create_model(self=<pycaret.regression.oop.RegressionExperiment object at 0x000001B5C7DFFD10>, estimator=KNeighborsRegressor(n_jobs=-1), fold=KFold(n_splits=5, random_state=None, shuffle=False), round=4, cross_validation=False, predict=False, fit_kwargs={}, groups=None, refit=True, probability_threshold=None, experiment_custom_tags=None, verbose=False, system=False, add_to_model_list=True, metrics=None, display=None, model_only=True, return_train_score=False, error_score=0.0, kwargs={})
2026-02-26 15:33:55,432:INFO:Checking exceptions
2026-02-26 15:33:55,435:INFO:Importing libraries
2026-02-26 15:33:55,435:INFO:Copying training dataset
2026-02-26 15:33:55,444:INFO:Defining folds
2026-02-26 15:33:55,444:INFO:Declaring metric variables
2026-02-26 15:33:55,444:INFO:Importing untrained model
2026-02-26 15:33:55,444:INFO:Declaring custom model
2026-02-26 15:33:55,444:INFO:K Neighbors Regressor Imported successfully
2026-02-26 15:33:55,446:INFO:Cross validation set to False
2026-02-26 15:33:55,446:INFO:Fitting Model
2026-02-26 15:33:55,501:INFO:KNeighborsRegressor(n_jobs=-1)
2026-02-26 15:33:55,501:INFO:create_model() successfully completed......................................
2026-02-26 15:33:55,737:INFO:Initializing create_model()
2026-02-26 15:33:55,738:INFO:create_model(self=<pycaret.regression.oop.RegressionExperiment object at 0x000001B5C7DFFD10>, estimator=ExtraTreesRegressor(n_jobs=-1, random_state=42), fold=KFold(n_splits=5, random_state=None, shuffle=False), round=4, cross_validation=False, predict=False, fit_kwargs={}, groups=None, refit=True, probability_threshold=None, experiment_custom_tags=None, verbose=False, system=False, add_to_model_list=True, metrics=None, display=None, model_only=True, return_train_score=False, error_score=0.0, kwargs={})
2026-02-26 15:33:55,738:INFO:Checking exceptions
2026-02-26 15:33:55,754:INFO:Importing libraries
2026-02-26 15:33:55,756:INFO:Copying training dataset
2026-02-26 15:33:55,767:INFO:Defining folds
2026-02-26 15:33:55,767:INFO:Declaring metric variables
2026-02-26 15:33:55,768:INFO:Importing untrained model
2026-02-26 15:33:55,768:INFO:Declaring custom model
2026-02-26 15:33:55,769:INFO:Extra Trees Regressor Imported successfully
2026-02-26 15:33:55,770:INFO:Cross validation set to False
2026-02-26 15:33:55,770:INFO:Fitting Model
2026-02-26 15:33:56,014:INFO:ExtraTreesRegressor(n_jobs=-1, random_state=42)
2026-02-26 15:33:56,014:INFO:create_model() successfully completed......................................
2026-02-26 15:33:56,319:INFO:Initializing create_model()
2026-02-26 15:33:56,320:INFO:create_model(self=<pycaret.regression.oop.RegressionExperiment object at 0x000001B5C7DFFD10>, estimator=XGBRegressor(base_score=None, booster='gbtree', callbacks=None,
             colsample_bylevel=None, colsample_bynode=None,
             colsample_bytree=None, device='cpu', early_stopping_rounds=None,
             enable_categorical=False, eval_metric=None, feature_types=None,
             feature_weights=None, gamma=None, grow_policy=None,
             importance_type=None, interaction_constraints=None,
             learning_rate=None, max_bin=None, max_cat_threshold=None,
             max_cat_to_onehot=None, max_delta_step=None, max_depth=None,
             max_leaves=None, min_child_weight=None, missing=nan,
             monotone_constraints=None, multi_strategy=None, n_estimators=None,
             n_jobs=-1, num_parallel_tree=None, ...), fold=KFold(n_splits=5, random_state=None, shuffle=False), round=4, cross_validation=False, predict=False, fit_kwargs={}, groups=None, refit=True, probability_threshold=None, experiment_custom_tags=None, verbose=False, system=False, add_to_model_list=True, metrics=None, display=None, model_only=True, return_train_score=False, error_score=0.0, kwargs={})
2026-02-26 15:33:56,320:INFO:Checking exceptions
2026-02-26 15:33:56,324:INFO:Importing libraries
2026-02-26 15:33:56,324:INFO:Copying training dataset
2026-02-26 15:33:56,332:INFO:Defining folds
2026-02-26 15:33:56,332:INFO:Declaring metric variables
2026-02-26 15:33:56,332:INFO:Importing untrained model
2026-02-26 15:33:56,332:INFO:Declaring custom model
2026-02-26 15:33:56,334:INFO:Extreme Gradient Boosting Imported successfully
2026-02-26 15:33:56,336:INFO:Cross validation set to False
2026-02-26 15:33:56,336:INFO:Fitting Model
2026-02-26 15:33:56,507:INFO:XGBRegressor(base_score=None, booster='gbtree', callbacks=None,
             colsample_bylevel=None, colsample_bynode=None,
             colsample_bytree=None, device='cpu', early_stopping_rounds=None,
             enable_categorical=False, eval_metric=None, feature_types=None,
             feature_weights=None, gamma=None, grow_policy=None,
             importance_type=None, interaction_constraints=None,
             learning_rate=None, max_bin=None, max_cat_threshold=None,
             max_cat_to_onehot=None, max_delta_step=None, max_depth=None,
             max_leaves=None, min_child_weight=None, missing=nan,
             monotone_constraints=None, multi_strategy=None, n_estimators=None,
             n_jobs=-1, num_parallel_tree=None, ...)
2026-02-26 15:33:56,507:INFO:create_model() successfully completed......................................
2026-02-26 15:33:56,807:INFO:_master_model_container: 19
2026-02-26 15:33:56,808:INFO:_display_container: 2
2026-02-26 15:33:56,810:INFO:[KNeighborsRegressor(n_jobs=-1), ExtraTreesRegressor(n_jobs=-1, random_state=42), XGBRegressor(base_score=None, booster='gbtree', callbacks=None,
             colsample_bylevel=None, colsample_bynode=None,
             colsample_bytree=None, device='cpu', early_stopping_rounds=None,
             enable_categorical=False, eval_metric=None, feature_types=None,
             feature_weights=None, gamma=None, grow_policy=None,
             importance_type=None, interaction_constraints=None,
             learning_rate=None, max_bin=None, max_cat_threshold=None,
             max_cat_to_onehot=None, max_delta_step=None, max_depth=None,
             max_leaves=None, min_child_weight=None, missing=nan,
             monotone_constraints=None, multi_strategy=None, n_estimators=None,
             n_jobs=-1, num_parallel_tree=None, ...)]
2026-02-26 15:33:56,811:INFO:compare_models() successfully completed......................................
2026-02-26 15:33:56,840:INFO:Initializing tune_model()
2026-02-26 15:33:56,842:INFO:tune_model(self=<pycaret.regression.oop.RegressionExperiment object at 0x000001B5C7DFFD10>, estimator=KNeighborsRegressor(n_jobs=-1), fold=None, round=4, n_iter=10, custom_grid=None, optimize=R2, custom_scorer=None, search_library=scikit-learn, search_algorithm=None, early_stopping=False, early_stopping_max_iters=10, choose_better=True, fit_kwargs=None, groups=None, return_tuner=False, verbose=True, tuner_verbose=True, return_train_score=False, kwargs={})
2026-02-26 15:33:56,842:INFO:Checking exceptions
2026-02-26 15:33:56,873:INFO:Copying training dataset
2026-02-26 15:33:56,882:INFO:Checking base model
2026-02-26 15:33:56,883:INFO:Base model : K Neighbors Regressor
2026-02-26 15:33:56,890:INFO:Declaring metric variables
2026-02-26 15:33:56,897:INFO:Defining Hyperparameters
2026-02-26 15:33:57,176:INFO:Tuning with n_jobs=-1
2026-02-26 15:33:57,177:INFO:Initializing RandomizedSearchCV
2026-02-26 15:33:58,230:INFO:best_params: {'actual_estimator__weights': 'uniform', 'actual_estimator__n_neighbors': 4, 'actual_estimator__metric': 'euclidean'}
2026-02-26 15:33:58,230:INFO:Hyperparameter search completed
2026-02-26 15:33:58,232:INFO:SubProcess create_model() called ==================================
2026-02-26 15:33:58,232:INFO:Initializing create_model()
2026-02-26 15:33:58,232:INFO:create_model(self=<pycaret.regression.oop.RegressionExperiment object at 0x000001B5C7DFFD10>, estimator=KNeighborsRegressor(n_jobs=-1), fold=KFold(n_splits=5, random_state=None, shuffle=False), round=4, cross_validation=True, predict=True, fit_kwargs={}, groups=None, refit=True, probability_threshold=None, experiment_custom_tags=None, verbose=True, system=False, add_to_model_list=True, metrics=None, display=<pycaret.internal.display.display.CommonDisplay object at 0x000001B5C6682090>, model_only=True, return_train_score=False, error_score=0.0, kwargs={'weights': 'uniform', 'n_neighbors': 4, 'metric': 'euclidean'})
2026-02-26 15:33:58,233:INFO:Checking exceptions
2026-02-26 15:33:58,233:INFO:Importing libraries
2026-02-26 15:33:58,233:INFO:Copying training dataset
2026-02-26 15:33:58,246:INFO:Defining folds
2026-02-26 15:33:58,246:INFO:Declaring metric variables
2026-02-26 15:33:58,250:INFO:Importing untrained model
2026-02-26 15:33:58,250:INFO:Declaring custom model
2026-02-26 15:33:58,258:INFO:K Neighbors Regressor Imported successfully
2026-02-26 15:33:58,272:INFO:Starting cross validation
2026-02-26 15:33:58,275:INFO:Cross validating with KFold(n_splits=5, random_state=None, shuffle=False), n_jobs=-1
2026-02-26 15:33:58,439:INFO:Calculating mean and std
2026-02-26 15:33:58,440:INFO:Creating metrics dataframe
2026-02-26 15:33:58,452:INFO:Finalizing model
2026-02-26 15:33:58,519:INFO:Uploading results into container
2026-02-26 15:33:58,520:INFO:Uploading model into container now
2026-02-26 15:33:58,522:INFO:_master_model_container: 20
2026-02-26 15:33:58,522:INFO:_display_container: 3
2026-02-26 15:33:58,522:INFO:KNeighborsRegressor(metric='euclidean', n_jobs=-1, n_neighbors=4)
2026-02-26 15:33:58,523:INFO:create_model() successfully completed......................................
2026-02-26 15:33:58,856:INFO:SubProcess create_model() end ==================================
2026-02-26 15:33:58,856:INFO:choose_better activated
2026-02-26 15:33:58,863:INFO:SubProcess create_model() called ==================================
2026-02-26 15:33:58,864:INFO:Initializing create_model()
2026-02-26 15:33:58,864:INFO:create_model(self=<pycaret.regression.oop.RegressionExperiment object at 0x000001B5C7DFFD10>, estimator=KNeighborsRegressor(n_jobs=-1), fold=KFold(n_splits=5, random_state=None, shuffle=False), round=4, cross_validation=True, predict=True, fit_kwargs={}, groups=None, refit=True, probability_threshold=None, experiment_custom_tags=None, verbose=False, system=False, add_to_model_list=True, metrics=None, display=None, model_only=True, return_train_score=False, error_score=0.0, kwargs={})
2026-02-26 15:33:58,864:INFO:Checking exceptions
2026-02-26 15:33:58,866:INFO:Importing libraries
2026-02-26 15:33:58,866:INFO:Copying training dataset
2026-02-26 15:33:58,881:INFO:Defining folds
2026-02-26 15:33:58,881:INFO:Declaring metric variables
2026-02-26 15:33:58,881:INFO:Importing untrained model
2026-02-26 15:33:58,881:INFO:Declaring custom model
2026-02-26 15:33:58,882:INFO:K Neighbors Regressor Imported successfully
2026-02-26 15:33:58,883:INFO:Starting cross validation
2026-02-26 15:33:58,885:INFO:Cross validating with KFold(n_splits=5, random_state=None, shuffle=False), n_jobs=-1
2026-02-26 15:33:59,055:INFO:Calculating mean and std
2026-02-26 15:33:59,055:INFO:Creating metrics dataframe
2026-02-26 15:33:59,057:INFO:Finalizing model
2026-02-26 15:33:59,123:INFO:Uploading results into container
2026-02-26 15:33:59,123:INFO:Uploading model into container now
2026-02-26 15:33:59,123:INFO:_master_model_container: 21
2026-02-26 15:33:59,123:INFO:_display_container: 4
2026-02-26 15:33:59,123:INFO:KNeighborsRegressor(n_jobs=-1)
2026-02-26 15:33:59,123:INFO:create_model() successfully completed......................................
2026-02-26 15:33:59,354:INFO:SubProcess create_model() end ==================================
2026-02-26 15:33:59,355:INFO:KNeighborsRegressor(n_jobs=-1) result for R2 is 0.4393
2026-02-26 15:33:59,356:INFO:KNeighborsRegressor(metric='euclidean', n_jobs=-1, n_neighbors=4) result for R2 is 0.4455
2026-02-26 15:33:59,356:INFO:KNeighborsRegressor(metric='euclidean', n_jobs=-1, n_neighbors=4) is best model
2026-02-26 15:33:59,356:INFO:choose_better completed
2026-02-26 15:33:59,369:INFO:_master_model_container: 21
2026-02-26 15:33:59,369:INFO:_display_container: 3
2026-02-26 15:33:59,370:INFO:KNeighborsRegressor(metric='euclidean', n_jobs=-1, n_neighbors=4)
2026-02-26 15:33:59,370:INFO:tune_model() successfully completed......................................
2026-02-26 15:33:59,617:INFO:Initializing plot_model()
2026-02-26 15:33:59,618:INFO:plot_model(self=<pycaret.regression.oop.RegressionExperiment object at 0x000001B5C7DFFD10>, estimator=KNeighborsRegressor(metric='euclidean', n_jobs=-1, n_neighbors=4), plot=residuals, scale=1, save=False, fold=None, fit_kwargs=None, plot_kwargs=None, groups=None, feature_name=None, label=False, verbose=True, system=True, display=None, display_format=None)
2026-02-26 15:33:59,618:INFO:Checking exceptions
2026-02-26 15:33:59,626:INFO:Preloading libraries
2026-02-26 15:33:59,626:INFO:Copying training dataset
2026-02-26 15:33:59,626:INFO:Plot type: residuals
2026-02-26 15:34:00,068:INFO:Fitting Model
2026-02-26 15:34:00,567:INFO:Scoring test/hold-out set
2026-02-26 15:34:01,229:INFO:Visual Rendered Successfully
2026-02-26 15:34:01,560:INFO:plot_model() successfully completed......................................
2026-02-26 15:34:01,583:INFO:Initializing plot_model()
2026-02-26 15:34:01,583:INFO:plot_model(self=<pycaret.regression.oop.RegressionExperiment object at 0x000001B5C7DFFD10>, estimator=KNeighborsRegressor(metric='euclidean', n_jobs=-1, n_neighbors=4), plot=feature, scale=1, save=False, fold=None, fit_kwargs=None, plot_kwargs=None, groups=None, feature_name=None, label=False, verbose=True, system=True, display=None, display_format=None)
2026-02-26 15:34:01,583:INFO:Checking exceptions
2026-02-26 15:52:58,017:WARNING:
'cuml' is a soft dependency and not included in the pycaret installation. Please run: `pip install cuml` to install.
2026-02-26 15:52:58,017:WARNING:
'cuml' is a soft dependency and not included in the pycaret installation. Please run: `pip install cuml` to install.
2026-02-26 15:52:58,017:WARNING:
'cuml' is a soft dependency and not included in the pycaret installation. Please run: `pip install cuml` to install.
2026-02-26 15:52:58,017:WARNING:
'cuml' is a soft dependency and not included in the pycaret installation. Please run: `pip install cuml` to install.
2026-02-26 15:52:58,300:INFO:PyCaret RegressionExperiment
2026-02-26 15:52:58,300:INFO:Logging name: reg-default-name
2026-02-26 15:52:58,300:INFO:ML Usecase: MLUsecase.REGRESSION
2026-02-26 15:52:58,300:INFO:version 3.3.2
2026-02-26 15:52:58,300:INFO:Initializing setup()
2026-02-26 15:52:58,300:INFO:self.USI: 2883
2026-02-26 15:52:58,300:INFO:self._variable_keys: {'y', '_ml_usecase', 'fold_generator', 'target_param', 'html_param', 'gpu_n_jobs_param', 'y_test', 'USI', 'idx', 'exp_id', 'fold_shuffle_param', 'seed', 'log_plots_param', '_available_plots', 'X_test', 'y_train', 'data', 'X', 'transform_target_param', 'gpu_param', 'n_jobs_param', 'logging_param', 'pipeline', 'X_train', 'fold_groups_param', 'memory', 'exp_name_log'}
2026-02-26 15:52:58,300:INFO:Checking environment
2026-02-26 15:52:58,300:INFO:python_version: 3.11.14
2026-02-26 15:52:58,300:INFO:python_build: ('main', 'Oct 21 2025 18:30:03')
2026-02-26 15:52:58,300:INFO:machine: AMD64
2026-02-26 15:52:58,300:INFO:platform: Windows-10-10.0.26100-SP0
2026-02-26 15:52:58,302:INFO:Memory: svmem(total=16889774080, available=6472511488, percent=61.7, used=10417262592, free=6472511488)
2026-02-26 15:52:58,302:INFO:Physical Core: 4
2026-02-26 15:52:58,302:INFO:Logical Core: 8
2026-02-26 15:52:58,302:INFO:Checking libraries
2026-02-26 15:52:58,302:INFO:System:
2026-02-26 15:52:58,302:INFO:    python: 3.11.14 | packaged by Anaconda, Inc. | (main, Oct 21 2025, 18:30:03) [MSC v.1929 64 bit (AMD64)]
2026-02-26 15:52:58,302:INFO:executable: C:\Users\Playdata2\miniconda3\envs\battery_env\python.exe
2026-02-26 15:52:58,302:INFO:   machine: Windows-10-10.0.26100-SP0
2026-02-26 15:52:58,302:INFO:PyCaret required dependencies:
2026-02-26 15:52:58,307:INFO:                 pip: 26.0.1
2026-02-26 15:52:58,307:INFO:          setuptools: 80.10.2
2026-02-26 15:52:58,307:INFO:             pycaret: 3.3.2
2026-02-26 15:52:58,307:INFO:             IPython: 9.10.0
2026-02-26 15:52:58,309:INFO:          ipywidgets: 8.1.8
2026-02-26 15:52:58,309:INFO:                tqdm: 4.67.3
2026-02-26 15:52:58,309:INFO:               numpy: 1.26.4
2026-02-26 15:52:58,309:INFO:              pandas: 2.1.4
2026-02-26 15:52:58,309:INFO:              jinja2: 3.1.6
2026-02-26 15:52:58,309:INFO:               scipy: 1.11.4
2026-02-26 15:52:58,309:INFO:              joblib: 1.3.2
2026-02-26 15:52:58,309:INFO:             sklearn: 1.4.2
2026-02-26 15:52:58,309:INFO:                pyod: 2.0.6
2026-02-26 15:52:58,309:INFO:            imblearn: 0.14.1
2026-02-26 15:52:58,309:INFO:   category_encoders: 2.7.0
2026-02-26 15:52:58,309:INFO:            lightgbm: 4.6.0
2026-02-26 15:52:58,309:INFO:               numba: 0.64.0
2026-02-26 15:52:58,309:INFO:            requests: 2.32.5
2026-02-26 15:52:58,310:INFO:          matplotlib: 3.7.5
2026-02-26 15:52:58,310:INFO:          scikitplot: 0.3.7
2026-02-26 15:52:58,310:INFO:         yellowbrick: 1.5
2026-02-26 15:52:58,310:INFO:              plotly: 6.5.2
2026-02-26 15:52:58,310:INFO:    plotly-resampler: Not installed
2026-02-26 15:52:58,310:INFO:             kaleido: 1.2.0
2026-02-26 15:52:58,310:INFO:           schemdraw: 0.15
2026-02-26 15:52:58,310:INFO:         statsmodels: 0.14.6
2026-02-26 15:52:58,310:INFO:              sktime: 0.26.0
2026-02-26 15:52:58,310:INFO:               tbats: 1.1.3
2026-02-26 15:52:58,310:INFO:            pmdarima: 2.0.4
2026-02-26 15:52:58,310:INFO:              psutil: 7.2.2
2026-02-26 15:52:58,310:INFO:          markupsafe: 3.0.3
2026-02-26 15:52:58,310:INFO:             pickle5: Not installed
2026-02-26 15:52:58,310:INFO:         cloudpickle: 3.1.2
2026-02-26 15:52:58,310:INFO:         deprecation: 2.1.0
2026-02-26 15:52:58,310:INFO:              xxhash: 3.6.0
2026-02-26 15:52:58,310:INFO:           wurlitzer: Not installed
2026-02-26 15:52:58,310:INFO:PyCaret optional dependencies:
2026-02-26 15:52:58,318:INFO:                shap: Not installed
2026-02-26 15:52:58,318:INFO:           interpret: Not installed
2026-02-26 15:52:58,318:INFO:                umap: Not installed
2026-02-26 15:52:58,318:INFO:     ydata_profiling: Not installed
2026-02-26 15:52:58,318:INFO:  explainerdashboard: Not installed
2026-02-26 15:52:58,318:INFO:             autoviz: Not installed
2026-02-26 15:52:58,318:INFO:           fairlearn: Not installed
2026-02-26 15:52:58,319:INFO:          deepchecks: Not installed
2026-02-26 15:52:58,319:INFO:             xgboost: 3.2.0
2026-02-26 15:52:58,319:INFO:            catboost: Not installed
2026-02-26 15:52:58,319:INFO:              kmodes: Not installed
2026-02-26 15:52:58,319:INFO:             mlxtend: Not installed
2026-02-26 15:52:58,319:INFO:       statsforecast: Not installed
2026-02-26 15:52:58,319:INFO:        tune_sklearn: Not installed
2026-02-26 15:52:58,319:INFO:                 ray: Not installed
2026-02-26 15:52:58,319:INFO:            hyperopt: Not installed
2026-02-26 15:52:58,319:INFO:              optuna: 4.7.0
2026-02-26 15:52:58,319:INFO:               skopt: Not installed
2026-02-26 15:52:58,319:INFO:              mlflow: Not installed
2026-02-26 15:52:58,319:INFO:              gradio: Not installed
2026-02-26 15:52:58,319:INFO:             fastapi: Not installed
2026-02-26 15:52:58,320:INFO:             uvicorn: Not installed
2026-02-26 15:52:58,320:INFO:              m2cgen: Not installed
2026-02-26 15:52:58,320:INFO:           evidently: Not installed
2026-02-26 15:52:58,320:INFO:               fugue: Not installed
2026-02-26 15:52:58,320:INFO:           streamlit: Not installed
2026-02-26 15:52:58,320:INFO:             prophet: Not installed
2026-02-26 15:52:58,320:INFO:None
2026-02-26 15:52:58,320:INFO:Set up data.
2026-02-26 15:52:58,329:INFO:Set up folding strategy.
2026-02-26 15:52:58,329:INFO:Set up train/test split.
2026-02-26 15:52:58,339:INFO:Set up index.
2026-02-26 15:52:58,340:INFO:Assigning column types.
2026-02-26 15:52:58,347:INFO:Engine successfully changes for model 'lr' to 'sklearn'.
2026-02-26 15:52:58,347:INFO:Engine for model 'lasso' has not been set explicitly, hence returning None.
2026-02-26 15:52:58,353:INFO:Engine for model 'ridge' has not been set explicitly, hence returning None.
2026-02-26 15:52:58,359:INFO:Engine for model 'en' has not been set explicitly, hence returning None.
2026-02-26 15:52:58,426:INFO:Engine for model 'svm' has not been set explicitly, hence returning None.
2026-02-26 15:52:58,465:INFO:Engine for model 'knn' has not been set explicitly, hence returning None.
2026-02-26 15:52:58,465:INFO:Soft dependency imported: xgboost: 3.2.0
2026-02-26 15:52:58,468:WARNING:
'catboost' is a soft dependency and not included in the pycaret installation. Please run: `pip install catboost` to install.
Alternately, you can install this by running `pip install pycaret[models]`
2026-02-26 15:52:58,468:INFO:Engine for model 'lasso' has not been set explicitly, hence returning None.
2026-02-26 15:52:58,472:INFO:Engine for model 'ridge' has not been set explicitly, hence returning None.
2026-02-26 15:52:58,475:INFO:Engine for model 'en' has not been set explicitly, hence returning None.
2026-02-26 15:52:58,544:INFO:Engine for model 'svm' has not been set explicitly, hence returning None.
2026-02-26 15:52:58,599:INFO:Engine for model 'knn' has not been set explicitly, hence returning None.
2026-02-26 15:52:58,600:INFO:Soft dependency imported: xgboost: 3.2.0
2026-02-26 15:52:58,603:WARNING:
'catboost' is a soft dependency and not included in the pycaret installation. Please run: `pip install catboost` to install.
Alternately, you can install this by running `pip install pycaret[models]`
2026-02-26 15:52:58,604:INFO:Engine successfully changes for model 'lasso' to 'sklearn'.
2026-02-26 15:52:58,612:INFO:Engine for model 'ridge' has not been set explicitly, hence returning None.
2026-02-26 15:52:58,616:INFO:Engine for model 'en' has not been set explicitly, hence returning None.
2026-02-26 15:52:58,684:INFO:Engine for model 'svm' has not been set explicitly, hence returning None.
2026-02-26 15:52:58,734:INFO:Engine for model 'knn' has not been set explicitly, hence returning None.
2026-02-26 15:52:58,735:INFO:Soft dependency imported: xgboost: 3.2.0
2026-02-26 15:52:58,738:WARNING:
'catboost' is a soft dependency and not included in the pycaret installation. Please run: `pip install catboost` to install.
Alternately, you can install this by running `pip install pycaret[models]`
2026-02-26 15:52:58,745:INFO:Engine for model 'ridge' has not been set explicitly, hence returning None.
2026-02-26 15:52:58,750:INFO:Engine for model 'en' has not been set explicitly, hence returning None.
2026-02-26 15:52:58,824:INFO:Engine for model 'svm' has not been set explicitly, hence returning None.
2026-02-26 15:52:58,876:INFO:Engine for model 'knn' has not been set explicitly, hence returning None.
2026-02-26 15:52:58,876:INFO:Soft dependency imported: xgboost: 3.2.0
2026-02-26 15:52:58,878:WARNING:
'catboost' is a soft dependency and not included in the pycaret installation. Please run: `pip install catboost` to install.
Alternately, you can install this by running `pip install pycaret[models]`
2026-02-26 15:52:58,879:INFO:Engine successfully changes for model 'ridge' to 'sklearn'.
2026-02-26 15:52:58,886:INFO:Engine for model 'en' has not been set explicitly, hence returning None.
2026-02-26 15:52:58,962:INFO:Engine for model 'svm' has not been set explicitly, hence returning None.
2026-02-26 15:52:59,021:INFO:Engine for model 'knn' has not been set explicitly, hence returning None.
2026-02-26 15:52:59,023:INFO:Soft dependency imported: xgboost: 3.2.0
2026-02-26 15:52:59,027:WARNING:
'catboost' is a soft dependency and not included in the pycaret installation. Please run: `pip install catboost` to install.
Alternately, you can install this by running `pip install pycaret[models]`
2026-02-26 15:52:59,034:INFO:Engine for model 'en' has not been set explicitly, hence returning None.
2026-02-26 15:52:59,094:INFO:Engine for model 'svm' has not been set explicitly, hence returning None.
2026-02-26 15:52:59,145:INFO:Engine for model 'knn' has not been set explicitly, hence returning None.
2026-02-26 15:52:59,146:INFO:Soft dependency imported: xgboost: 3.2.0
2026-02-26 15:52:59,148:WARNING:
'catboost' is a soft dependency and not included in the pycaret installation. Please run: `pip install catboost` to install.
Alternately, you can install this by running `pip install pycaret[models]`
2026-02-26 15:52:59,149:INFO:Engine successfully changes for model 'en' to 'sklearn'.
2026-02-26 15:52:59,226:INFO:Engine for model 'svm' has not been set explicitly, hence returning None.
2026-02-26 15:52:59,279:INFO:Engine for model 'knn' has not been set explicitly, hence returning None.
2026-02-26 15:52:59,280:INFO:Soft dependency imported: xgboost: 3.2.0
2026-02-26 15:52:59,282:WARNING:
'catboost' is a soft dependency and not included in the pycaret installation. Please run: `pip install catboost` to install.
Alternately, you can install this by running `pip install pycaret[models]`
2026-02-26 15:52:59,372:INFO:Engine for model 'svm' has not been set explicitly, hence returning None.
2026-02-26 15:52:59,425:INFO:Engine for model 'knn' has not been set explicitly, hence returning None.
2026-02-26 15:52:59,426:INFO:Soft dependency imported: xgboost: 3.2.0
2026-02-26 15:52:59,429:WARNING:
'catboost' is a soft dependency and not included in the pycaret installation. Please run: `pip install catboost` to install.
Alternately, you can install this by running `pip install pycaret[models]`
2026-02-26 15:52:59,430:INFO:Engine successfully changes for model 'knn' to 'sklearn'.
2026-02-26 15:52:59,512:INFO:Engine for model 'svm' has not been set explicitly, hence returning None.
2026-02-26 15:52:59,563:INFO:Soft dependency imported: xgboost: 3.2.0
2026-02-26 15:52:59,566:WARNING:
'catboost' is a soft dependency and not included in the pycaret installation. Please run: `pip install catboost` to install.
Alternately, you can install this by running `pip install pycaret[models]`
2026-02-26 15:52:59,657:INFO:Engine for model 'svm' has not been set explicitly, hence returning None.
2026-02-26 15:52:59,709:INFO:Soft dependency imported: xgboost: 3.2.0
2026-02-26 15:52:59,712:WARNING:
'catboost' is a soft dependency and not included in the pycaret installation. Please run: `pip install catboost` to install.
Alternately, you can install this by running `pip install pycaret[models]`
2026-02-26 15:52:59,712:INFO:Engine successfully changes for model 'svm' to 'sklearn'.
2026-02-26 15:52:59,880:INFO:Soft dependency imported: xgboost: 3.2.0
2026-02-26 15:52:59,885:WARNING:
'catboost' is a soft dependency and not included in the pycaret installation. Please run: `pip install catboost` to install.
Alternately, you can install this by running `pip install pycaret[models]`
2026-02-26 15:53:00,070:INFO:Soft dependency imported: xgboost: 3.2.0
2026-02-26 15:53:00,075:WARNING:
'catboost' is a soft dependency and not included in the pycaret installation. Please run: `pip install catboost` to install.
Alternately, you can install this by running `pip install pycaret[models]`
2026-02-26 15:53:00,078:INFO:Preparing preprocessing pipeline...
2026-02-26 15:53:00,078:INFO:Set up simple imputation.
2026-02-26 15:53:00,083:INFO:Set up encoding of categorical features.
2026-02-26 15:53:00,083:INFO:Set up feature normalization.
2026-02-26 15:53:00,296:INFO:Finished creating preprocessing pipeline.
2026-02-26 15:53:00,317:INFO:Pipeline: Pipeline(memory=FastMemory(location=C:\Users\PLAYDA~1\AppData\Local\Temp\joblib),
         steps=[('numerical_imputer',
                 TransformerWrapper(include=['initial_voltage',
                                             'initial_impedance', 'v42_voltage',
                                             'v42_impedance', 'v25_voltage',
                                             'v25_impedance', 'v36_voltage',
                                             'v36_impedance',
                                             'impedance_delta_42',
                                             'impedance_delta_25',
                                             'impedance_delta_36',
                                             'impedance_ratio_42',
                                             '...
                                             'health_index'],
                                    transformer=SimpleImputer())),
                ('categorical_imputer',
                 TransformerWrapper(include=['cell_id'],
                                    transformer=SimpleImputer(strategy='most_frequent'))),
                ('rest_encoding',
                 TransformerWrapper(include=['cell_id'],
                                    transformer=TargetEncoder(cols=['cell_id'],
                                                              handle_missing='return_nan'))),
                ('normalize',
                 TransformerWrapper(transformer=StandardScaler()))])
2026-02-26 15:53:00,317:INFO:Creating final display dataframe.
2026-02-26 15:53:00,645:INFO:Setup _display_container:                     Description             Value
0                    Session id                42
1                        Target          capacity
2                   Target type        Regression
3           Original data shape        (1040, 26)
4        Transformed data shape        (1040, 26)
5   Transformed train set shape         (728, 26)
6    Transformed test set shape         (312, 26)
7              Numeric features                24
8          Categorical features                 1
9                    Preprocess              True
10              Imputation type            simple
11           Numeric imputation              mean
12       Categorical imputation              mode
13     Maximum one-hot encoding                25
14              Encoding method              None
15                    Normalize              True
16             Normalize method            zscore
17               Fold Generator             KFold
18                  Fold Number                 5
19                     CPU Jobs                -1
20                      Use GPU             False
21               Log Experiment             False
22              Experiment Name  reg-default-name
23                          USI              2883
2026-02-26 15:53:00,830:INFO:Soft dependency imported: xgboost: 3.2.0
2026-02-26 15:53:00,832:WARNING:
'catboost' is a soft dependency and not included in the pycaret installation. Please run: `pip install catboost` to install.
Alternately, you can install this by running `pip install pycaret[models]`
2026-02-26 15:53:00,989:INFO:Soft dependency imported: xgboost: 3.2.0
2026-02-26 15:53:00,994:WARNING:
'catboost' is a soft dependency and not included in the pycaret installation. Please run: `pip install catboost` to install.
Alternately, you can install this by running `pip install pycaret[models]`
2026-02-26 15:53:00,995:INFO:setup() successfully completed in 2.7s...............
2026-02-26 15:53:01,003:INFO:Initializing compare_models()
2026-02-26 15:53:01,004:INFO:compare_models(self=<pycaret.regression.oop.RegressionExperiment object at 0x0000021E066AD8D0>, include=None, exclude=None, fold=None, round=4, cross_validation=True, sort=R2, n_select=3, budget_time=None, turbo=True, errors=ignore, fit_kwargs=None, groups=None, experiment_custom_tags=None, probability_threshold=None, verbose=True, parallel=None, caller_params={'self': <pycaret.regression.oop.RegressionExperiment object at 0x0000021E066AD8D0>, 'include': None, 'exclude': None, 'fold': None, 'round': 4, 'cross_validation': True, 'sort': 'R2', 'n_select': 3, 'budget_time': None, 'turbo': True, 'errors': 'ignore', 'fit_kwargs': None, 'groups': None, 'experiment_custom_tags': None, 'engine': None, 'verbose': True, 'parallel': None, '__class__': <class 'pycaret.regression.oop.RegressionExperiment'>})
2026-02-26 15:53:01,004:INFO:Checking exceptions
2026-02-26 15:53:01,009:INFO:Preparing display monitor
2026-02-26 15:53:01,047:INFO:Initializing Linear Regression
2026-02-26 15:53:01,047:INFO:Total runtime is 0.0 minutes
2026-02-26 15:53:01,054:INFO:SubProcess create_model() called ==================================
2026-02-26 15:53:01,055:INFO:Initializing create_model()
2026-02-26 15:53:01,055:INFO:create_model(self=<pycaret.regression.oop.RegressionExperiment object at 0x0000021E066AD8D0>, estimator=lr, fold=KFold(n_splits=5, random_state=None, shuffle=False), round=4, cross_validation=True, predict=True, fit_kwargs={}, groups=None, refit=False, probability_threshold=None, experiment_custom_tags=None, verbose=False, system=False, add_to_model_list=True, metrics=None, display=<pycaret.internal.display.display.CommonDisplay object at 0x0000021E6D52D450>, model_only=True, return_train_score=False, error_score=0.0, kwargs={})
2026-02-26 15:53:01,056:INFO:Checking exceptions
2026-02-26 15:53:01,056:INFO:Importing libraries
2026-02-26 15:53:01,056:INFO:Copying training dataset
2026-02-26 15:53:01,068:INFO:Defining folds
2026-02-26 15:53:01,068:INFO:Declaring metric variables
2026-02-26 15:53:01,073:INFO:Importing untrained model
2026-02-26 15:53:01,126:INFO:Linear Regression Imported successfully
2026-02-26 15:53:01,136:INFO:Starting cross validation
2026-02-26 15:53:01,163:INFO:Cross validating with KFold(n_splits=5, random_state=None, shuffle=False), n_jobs=-1
2026-02-26 15:53:06,132:WARNING:C:\Users\Playdata2\miniconda3\envs\battery_env\Lib\site-packages\_distutils_hack\__init__.py:30: UserWarning: Setuptools is replacing distutils. Support for replacing an already imported distutils is deprecated. In the future, this condition will fail. Register concerns at https://github.com/pypa/setuptools/issues/new?template=distutils-deprecation.yml
  warnings.warn(

2026-02-26 15:53:06,153:WARNING:C:\Users\Playdata2\miniconda3\envs\battery_env\Lib\site-packages\_distutils_hack\__init__.py:30: UserWarning: Setuptools is replacing distutils. Support for replacing an already imported distutils is deprecated. In the future, this condition will fail. Register concerns at https://github.com/pypa/setuptools/issues/new?template=distutils-deprecation.yml
  warnings.warn(

2026-02-26 15:53:06,168:WARNING:C:\Users\Playdata2\miniconda3\envs\battery_env\Lib\site-packages\_distutils_hack\__init__.py:30: UserWarning: Setuptools is replacing distutils. Support for replacing an already imported distutils is deprecated. In the future, this condition will fail. Register concerns at https://github.com/pypa/setuptools/issues/new?template=distutils-deprecation.yml
  warnings.warn(

2026-02-26 15:53:06,185:WARNING:C:\Users\Playdata2\miniconda3\envs\battery_env\Lib\site-packages\_distutils_hack\__init__.py:30: UserWarning: Setuptools is replacing distutils. Support for replacing an already imported distutils is deprecated. In the future, this condition will fail. Register concerns at https://github.com/pypa/setuptools/issues/new?template=distutils-deprecation.yml
  warnings.warn(

2026-02-26 15:53:06,199:WARNING:C:\Users\Playdata2\miniconda3\envs\battery_env\Lib\site-packages\_distutils_hack\__init__.py:30: UserWarning: Setuptools is replacing distutils. Support for replacing an already imported distutils is deprecated. In the future, this condition will fail. Register concerns at https://github.com/pypa/setuptools/issues/new?template=distutils-deprecation.yml
  warnings.warn(

2026-02-26 15:53:06,353:INFO:Calculating mean and std
2026-02-26 15:53:06,356:INFO:Creating metrics dataframe
2026-02-26 15:53:06,361:INFO:Uploading results into container
2026-02-26 15:53:06,362:INFO:Uploading model into container now
2026-02-26 15:53:06,363:INFO:_master_model_container: 1
2026-02-26 15:53:06,363:INFO:_display_container: 2
2026-02-26 15:53:06,364:INFO:LinearRegression(n_jobs=-1)
2026-02-26 15:53:06,364:INFO:create_model() successfully completed......................................
2026-02-26 15:53:06,586:INFO:SubProcess create_model() end ==================================
2026-02-26 15:53:06,586:INFO:Creating metrics dataframe
2026-02-26 15:53:06,595:INFO:Initializing Lasso Regression
2026-02-26 15:53:06,595:INFO:Total runtime is 0.09247783025105795 minutes
2026-02-26 15:53:06,601:INFO:SubProcess create_model() called ==================================
2026-02-26 15:53:06,601:INFO:Initializing create_model()
2026-02-26 15:53:06,601:INFO:create_model(self=<pycaret.regression.oop.RegressionExperiment object at 0x0000021E066AD8D0>, estimator=lasso, fold=KFold(n_splits=5, random_state=None, shuffle=False), round=4, cross_validation=True, predict=True, fit_kwargs={}, groups=None, refit=False, probability_threshold=None, experiment_custom_tags=None, verbose=False, system=False, add_to_model_list=True, metrics=None, display=<pycaret.internal.display.display.CommonDisplay object at 0x0000021E6D52D450>, model_only=True, return_train_score=False, error_score=0.0, kwargs={})
2026-02-26 15:53:06,602:INFO:Checking exceptions
2026-02-26 15:53:06,602:INFO:Importing libraries
2026-02-26 15:53:06,602:INFO:Copying training dataset
2026-02-26 15:53:06,613:INFO:Defining folds
2026-02-26 15:53:06,613:INFO:Declaring metric variables
2026-02-26 15:53:06,621:INFO:Importing untrained model
2026-02-26 15:53:06,628:INFO:Lasso Regression Imported successfully
2026-02-26 15:53:06,635:INFO:Starting cross validation
2026-02-26 15:53:06,637:INFO:Cross validating with KFold(n_splits=5, random_state=None, shuffle=False), n_jobs=-1
2026-02-26 15:53:10,564:WARNING:C:\Users\Playdata2\miniconda3\envs\battery_env\Lib\site-packages\_distutils_hack\__init__.py:30: UserWarning: Setuptools is replacing distutils. Support for replacing an already imported distutils is deprecated. In the future, this condition will fail. Register concerns at https://github.com/pypa/setuptools/issues/new?template=distutils-deprecation.yml
  warnings.warn(

2026-02-26 15:53:10,567:WARNING:C:\Users\Playdata2\miniconda3\envs\battery_env\Lib\site-packages\_distutils_hack\__init__.py:30: UserWarning: Setuptools is replacing distutils. Support for replacing an already imported distutils is deprecated. In the future, this condition will fail. Register concerns at https://github.com/pypa/setuptools/issues/new?template=distutils-deprecation.yml
  warnings.warn(

2026-02-26 15:53:10,580:WARNING:C:\Users\Playdata2\miniconda3\envs\battery_env\Lib\site-packages\_distutils_hack\__init__.py:30: UserWarning: Setuptools is replacing distutils. Support for replacing an already imported distutils is deprecated. In the future, this condition will fail. Register concerns at https://github.com/pypa/setuptools/issues/new?template=distutils-deprecation.yml
  warnings.warn(

2026-02-26 15:53:10,709:INFO:Calculating mean and std
2026-02-26 15:53:10,711:INFO:Creating metrics dataframe
2026-02-26 15:53:10,714:INFO:Uploading results into container
2026-02-26 15:53:10,715:INFO:Uploading model into container now
2026-02-26 15:53:10,715:INFO:_master_model_container: 2
2026-02-26 15:53:10,716:INFO:_display_container: 2
2026-02-26 15:53:10,716:INFO:Lasso(random_state=42)
2026-02-26 15:53:10,717:INFO:create_model() successfully completed......................................
2026-02-26 15:53:10,915:INFO:SubProcess create_model() end ==================================
2026-02-26 15:53:10,915:INFO:Creating metrics dataframe
2026-02-26 15:53:10,923:INFO:Initializing Ridge Regression
2026-02-26 15:53:10,923:INFO:Total runtime is 0.16460012594858806 minutes
2026-02-26 15:53:10,928:INFO:SubProcess create_model() called ==================================
2026-02-26 15:53:10,928:INFO:Initializing create_model()
2026-02-26 15:53:10,929:INFO:create_model(self=<pycaret.regression.oop.RegressionExperiment object at 0x0000021E066AD8D0>, estimator=ridge, fold=KFold(n_splits=5, random_state=None, shuffle=False), round=4, cross_validation=True, predict=True, fit_kwargs={}, groups=None, refit=False, probability_threshold=None, experiment_custom_tags=None, verbose=False, system=False, add_to_model_list=True, metrics=None, display=<pycaret.internal.display.display.CommonDisplay object at 0x0000021E6D52D450>, model_only=True, return_train_score=False, error_score=0.0, kwargs={})
2026-02-26 15:53:10,929:INFO:Checking exceptions
2026-02-26 15:53:10,929:INFO:Importing libraries
2026-02-26 15:53:10,929:INFO:Copying training dataset
2026-02-26 15:53:10,943:INFO:Defining folds
2026-02-26 15:53:10,943:INFO:Declaring metric variables
2026-02-26 15:53:10,948:INFO:Importing untrained model
2026-02-26 15:53:10,951:INFO:Ridge Regression Imported successfully
2026-02-26 15:53:10,965:INFO:Starting cross validation
2026-02-26 15:53:10,968:INFO:Cross validating with KFold(n_splits=5, random_state=None, shuffle=False), n_jobs=-1
2026-02-26 15:53:11,108:INFO:Calculating mean and std
2026-02-26 15:53:11,109:INFO:Creating metrics dataframe
2026-02-26 15:53:11,110:INFO:Uploading results into container
2026-02-26 15:53:11,110:INFO:Uploading model into container now
2026-02-26 15:53:11,111:INFO:_master_model_container: 3
2026-02-26 15:53:11,111:INFO:_display_container: 2
2026-02-26 15:53:11,111:INFO:Ridge(random_state=42)
2026-02-26 15:53:11,111:INFO:create_model() successfully completed......................................
2026-02-26 15:53:11,288:INFO:SubProcess create_model() end ==================================
2026-02-26 15:53:11,289:INFO:Creating metrics dataframe
2026-02-26 15:53:11,296:INFO:Initializing Elastic Net
2026-02-26 15:53:11,296:INFO:Total runtime is 0.17083208958307902 minutes
2026-02-26 15:53:11,300:INFO:SubProcess create_model() called ==================================
2026-02-26 15:53:11,301:INFO:Initializing create_model()
2026-02-26 15:53:11,301:INFO:create_model(self=<pycaret.regression.oop.RegressionExperiment object at 0x0000021E066AD8D0>, estimator=en, fold=KFold(n_splits=5, random_state=None, shuffle=False), round=4, cross_validation=True, predict=True, fit_kwargs={}, groups=None, refit=False, probability_threshold=None, experiment_custom_tags=None, verbose=False, system=False, add_to_model_list=True, metrics=None, display=<pycaret.internal.display.display.CommonDisplay object at 0x0000021E6D52D450>, model_only=True, return_train_score=False, error_score=0.0, kwargs={})
2026-02-26 15:53:11,301:INFO:Checking exceptions
2026-02-26 15:53:11,301:INFO:Importing libraries
2026-02-26 15:53:11,301:INFO:Copying training dataset
2026-02-26 15:53:11,307:INFO:Defining folds
2026-02-26 15:53:11,307:INFO:Declaring metric variables
2026-02-26 15:53:11,311:INFO:Importing untrained model
2026-02-26 15:53:11,315:INFO:Elastic Net Imported successfully
2026-02-26 15:53:11,325:INFO:Starting cross validation
2026-02-26 15:53:11,326:INFO:Cross validating with KFold(n_splits=5, random_state=None, shuffle=False), n_jobs=-1
2026-02-26 15:53:11,442:INFO:Calculating mean and std
2026-02-26 15:53:11,443:INFO:Creating metrics dataframe
2026-02-26 15:53:11,445:INFO:Uploading results into container
2026-02-26 15:53:11,446:INFO:Uploading model into container now
2026-02-26 15:53:11,447:INFO:_master_model_container: 4
2026-02-26 15:53:11,447:INFO:_display_container: 2
2026-02-26 15:53:11,448:INFO:ElasticNet(random_state=42)
2026-02-26 15:53:11,448:INFO:create_model() successfully completed......................................
2026-02-26 15:53:11,643:INFO:SubProcess create_model() end ==================================
2026-02-26 15:53:11,644:INFO:Creating metrics dataframe
2026-02-26 15:53:11,654:INFO:Initializing Least Angle Regression
2026-02-26 15:53:11,655:INFO:Total runtime is 0.17680158615112304 minutes
2026-02-26 15:53:11,660:INFO:SubProcess create_model() called ==================================
2026-02-26 15:53:11,660:INFO:Initializing create_model()
2026-02-26 15:53:11,661:INFO:create_model(self=<pycaret.regression.oop.RegressionExperiment object at 0x0000021E066AD8D0>, estimator=lar, fold=KFold(n_splits=5, random_state=None, shuffle=False), round=4, cross_validation=True, predict=True, fit_kwargs={}, groups=None, refit=False, probability_threshold=None, experiment_custom_tags=None, verbose=False, system=False, add_to_model_list=True, metrics=None, display=<pycaret.internal.display.display.CommonDisplay object at 0x0000021E6D52D450>, model_only=True, return_train_score=False, error_score=0.0, kwargs={})
2026-02-26 15:53:11,661:INFO:Checking exceptions
2026-02-26 15:53:11,661:INFO:Importing libraries
2026-02-26 15:53:11,661:INFO:Copying training dataset
2026-02-26 15:53:11,668:INFO:Defining folds
2026-02-26 15:53:11,668:INFO:Declaring metric variables
2026-02-26 15:53:11,672:INFO:Importing untrained model
2026-02-26 15:53:11,677:INFO:Least Angle Regression Imported successfully
2026-02-26 15:53:11,687:INFO:Starting cross validation
2026-02-26 15:53:11,688:INFO:Cross validating with KFold(n_splits=5, random_state=None, shuffle=False), n_jobs=-1
2026-02-26 15:53:11,810:INFO:Calculating mean and std
2026-02-26 15:53:11,811:INFO:Creating metrics dataframe
2026-02-26 15:53:11,813:INFO:Uploading results into container
2026-02-26 15:53:11,814:INFO:Uploading model into container now
2026-02-26 15:53:11,814:INFO:_master_model_container: 5
2026-02-26 15:53:11,814:INFO:_display_container: 2
2026-02-26 15:53:11,815:INFO:Lars(random_state=42)
2026-02-26 15:53:11,815:INFO:create_model() successfully completed......................................
2026-02-26 15:53:12,000:INFO:SubProcess create_model() end ==================================
2026-02-26 15:53:12,000:INFO:Creating metrics dataframe
2026-02-26 15:53:12,008:INFO:Initializing Lasso Least Angle Regression
2026-02-26 15:53:12,008:INFO:Total runtime is 0.1826959013938904 minutes
2026-02-26 15:53:12,011:INFO:SubProcess create_model() called ==================================
2026-02-26 15:53:12,011:INFO:Initializing create_model()
2026-02-26 15:53:12,013:INFO:create_model(self=<pycaret.regression.oop.RegressionExperiment object at 0x0000021E066AD8D0>, estimator=llar, fold=KFold(n_splits=5, random_state=None, shuffle=False), round=4, cross_validation=True, predict=True, fit_kwargs={}, groups=None, refit=False, probability_threshold=None, experiment_custom_tags=None, verbose=False, system=False, add_to_model_list=True, metrics=None, display=<pycaret.internal.display.display.CommonDisplay object at 0x0000021E6D52D450>, model_only=True, return_train_score=False, error_score=0.0, kwargs={})
2026-02-26 15:53:12,013:INFO:Checking exceptions
2026-02-26 15:53:12,013:INFO:Importing libraries
2026-02-26 15:53:12,013:INFO:Copying training dataset
2026-02-26 15:53:12,017:INFO:Defining folds
2026-02-26 15:53:12,018:INFO:Declaring metric variables
2026-02-26 15:53:12,021:INFO:Importing untrained model
2026-02-26 15:53:12,027:INFO:Lasso Least Angle Regression Imported successfully
2026-02-26 15:53:12,037:INFO:Starting cross validation
2026-02-26 15:53:12,041:INFO:Cross validating with KFold(n_splits=5, random_state=None, shuffle=False), n_jobs=-1
2026-02-26 15:53:12,152:INFO:Calculating mean and std
2026-02-26 15:53:12,155:INFO:Creating metrics dataframe
2026-02-26 15:53:12,157:INFO:Uploading results into container
2026-02-26 15:53:12,159:INFO:Uploading model into container now
2026-02-26 15:53:12,159:INFO:_master_model_container: 6
2026-02-26 15:53:12,160:INFO:_display_container: 2
2026-02-26 15:53:12,160:INFO:LassoLars(random_state=42)
2026-02-26 15:53:12,160:INFO:create_model() successfully completed......................................
2026-02-26 15:53:12,335:INFO:SubProcess create_model() end ==================================
2026-02-26 15:53:12,336:INFO:Creating metrics dataframe
2026-02-26 15:53:12,346:INFO:Initializing Orthogonal Matching Pursuit
2026-02-26 15:53:12,346:INFO:Total runtime is 0.18831918636957806 minutes
2026-02-26 15:53:12,350:INFO:SubProcess create_model() called ==================================
2026-02-26 15:53:12,350:INFO:Initializing create_model()
2026-02-26 15:53:12,350:INFO:create_model(self=<pycaret.regression.oop.RegressionExperiment object at 0x0000021E066AD8D0>, estimator=omp, fold=KFold(n_splits=5, random_state=None, shuffle=False), round=4, cross_validation=True, predict=True, fit_kwargs={}, groups=None, refit=False, probability_threshold=None, experiment_custom_tags=None, verbose=False, system=False, add_to_model_list=True, metrics=None, display=<pycaret.internal.display.display.CommonDisplay object at 0x0000021E6D52D450>, model_only=True, return_train_score=False, error_score=0.0, kwargs={})
2026-02-26 15:53:12,350:INFO:Checking exceptions
2026-02-26 15:53:12,350:INFO:Importing libraries
2026-02-26 15:53:12,350:INFO:Copying training dataset
2026-02-26 15:53:12,362:INFO:Defining folds
2026-02-26 15:53:12,363:INFO:Declaring metric variables
2026-02-26 15:53:12,368:INFO:Importing untrained model
2026-02-26 15:53:12,371:INFO:Orthogonal Matching Pursuit Imported successfully
2026-02-26 15:53:12,380:INFO:Starting cross validation
2026-02-26 15:53:12,381:INFO:Cross validating with KFold(n_splits=5, random_state=None, shuffle=False), n_jobs=-1
2026-02-26 15:53:12,452:WARNING:C:\Users\Playdata2\miniconda3\envs\battery_env\Lib\site-packages\sklearn\utils\_param_validation.py:186: RuntimeWarning: Orthogonal matching pursuit ended prematurely due to linear dependence in the dictionary. The requested precision might not have been met.
  return func(*args, **kwargs)

2026-02-26 15:53:12,460:WARNING:C:\Users\Playdata2\miniconda3\envs\battery_env\Lib\site-packages\sklearn\utils\_param_validation.py:186: RuntimeWarning: Orthogonal matching pursuit ended prematurely due to linear dependence in the dictionary. The requested precision might not have been met.
  return func(*args, **kwargs)

2026-02-26 15:53:12,469:WARNING:C:\Users\Playdata2\miniconda3\envs\battery_env\Lib\site-packages\sklearn\utils\_param_validation.py:186: RuntimeWarning: Orthogonal matching pursuit ended prematurely due to linear dependence in the dictionary. The requested precision might not have been met.
  return func(*args, **kwargs)

2026-02-26 15:53:12,477:WARNING:C:\Users\Playdata2\miniconda3\envs\battery_env\Lib\site-packages\sklearn\utils\_param_validation.py:186: RuntimeWarning: Orthogonal matching pursuit ended prematurely due to linear dependence in the dictionary. The requested precision might not have been met.
  return func(*args, **kwargs)

2026-02-26 15:53:12,482:WARNING:C:\Users\Playdata2\miniconda3\envs\battery_env\Lib\site-packages\sklearn\utils\_param_validation.py:186: RuntimeWarning: Orthogonal matching pursuit ended prematurely due to linear dependence in the dictionary. The requested precision might not have been met.
  return func(*args, **kwargs)

2026-02-26 15:53:12,515:INFO:Calculating mean and std
2026-02-26 15:53:12,516:INFO:Creating metrics dataframe
2026-02-26 15:53:12,518:INFO:Uploading results into container
2026-02-26 15:53:12,519:INFO:Uploading model into container now
2026-02-26 15:53:12,519:INFO:_master_model_container: 7
2026-02-26 15:53:12,519:INFO:_display_container: 2
2026-02-26 15:53:12,520:INFO:OrthogonalMatchingPursuit()
2026-02-26 15:53:12,520:INFO:create_model() successfully completed......................................
2026-02-26 15:53:12,684:INFO:SubProcess create_model() end ==================================
2026-02-26 15:53:12,684:INFO:Creating metrics dataframe
2026-02-26 15:53:12,695:INFO:Initializing Bayesian Ridge
2026-02-26 15:53:12,696:INFO:Total runtime is 0.19415250619252525 minutes
2026-02-26 15:53:12,704:INFO:SubProcess create_model() called ==================================
2026-02-26 15:53:12,704:INFO:Initializing create_model()
2026-02-26 15:53:12,704:INFO:create_model(self=<pycaret.regression.oop.RegressionExperiment object at 0x0000021E066AD8D0>, estimator=br, fold=KFold(n_splits=5, random_state=None, shuffle=False), round=4, cross_validation=True, predict=True, fit_kwargs={}, groups=None, refit=False, probability_threshold=None, experiment_custom_tags=None, verbose=False, system=False, add_to_model_list=True, metrics=None, display=<pycaret.internal.display.display.CommonDisplay object at 0x0000021E6D52D450>, model_only=True, return_train_score=False, error_score=0.0, kwargs={})
2026-02-26 15:53:12,704:INFO:Checking exceptions
2026-02-26 15:53:12,704:INFO:Importing libraries
2026-02-26 15:53:12,706:INFO:Copying training dataset
2026-02-26 15:53:12,715:INFO:Defining folds
2026-02-26 15:53:12,715:INFO:Declaring metric variables
2026-02-26 15:53:12,719:INFO:Importing untrained model
2026-02-26 15:53:12,725:INFO:Bayesian Ridge Imported successfully
2026-02-26 15:53:12,733:INFO:Starting cross validation
2026-02-26 15:53:12,734:INFO:Cross validating with KFold(n_splits=5, random_state=None, shuffle=False), n_jobs=-1
2026-02-26 15:53:12,841:INFO:Calculating mean and std
2026-02-26 15:53:12,842:INFO:Creating metrics dataframe
2026-02-26 15:53:12,845:INFO:Uploading results into container
2026-02-26 15:53:12,846:INFO:Uploading model into container now
2026-02-26 15:53:12,846:INFO:_master_model_container: 8
2026-02-26 15:53:12,847:INFO:_display_container: 2
2026-02-26 15:53:12,847:INFO:BayesianRidge()
2026-02-26 15:53:12,847:INFO:create_model() successfully completed......................................
2026-02-26 15:53:13,026:INFO:SubProcess create_model() end ==================================
2026-02-26 15:53:13,026:INFO:Creating metrics dataframe
2026-02-26 15:53:13,038:INFO:Initializing Passive Aggressive Regressor
2026-02-26 15:53:13,038:INFO:Total runtime is 0.19985637664794925 minutes
2026-02-26 15:53:13,044:INFO:SubProcess create_model() called ==================================
2026-02-26 15:53:13,044:INFO:Initializing create_model()
2026-02-26 15:53:13,045:INFO:create_model(self=<pycaret.regression.oop.RegressionExperiment object at 0x0000021E066AD8D0>, estimator=par, fold=KFold(n_splits=5, random_state=None, shuffle=False), round=4, cross_validation=True, predict=True, fit_kwargs={}, groups=None, refit=False, probability_threshold=None, experiment_custom_tags=None, verbose=False, system=False, add_to_model_list=True, metrics=None, display=<pycaret.internal.display.display.CommonDisplay object at 0x0000021E6D52D450>, model_only=True, return_train_score=False, error_score=0.0, kwargs={})
2026-02-26 15:53:13,045:INFO:Checking exceptions
2026-02-26 15:53:13,045:INFO:Importing libraries
2026-02-26 15:53:13,045:INFO:Copying training dataset
2026-02-26 15:53:13,060:INFO:Defining folds
2026-02-26 15:53:13,060:INFO:Declaring metric variables
2026-02-26 15:53:13,066:INFO:Importing untrained model
2026-02-26 15:53:13,073:INFO:Passive Aggressive Regressor Imported successfully
2026-02-26 15:53:13,086:INFO:Starting cross validation
2026-02-26 15:53:13,088:INFO:Cross validating with KFold(n_splits=5, random_state=None, shuffle=False), n_jobs=-1
2026-02-26 15:53:13,208:INFO:Calculating mean and std
2026-02-26 15:53:13,210:INFO:Creating metrics dataframe
2026-02-26 15:53:13,213:INFO:Uploading results into container
2026-02-26 15:53:13,215:INFO:Uploading model into container now
2026-02-26 15:53:13,215:INFO:_master_model_container: 9
2026-02-26 15:53:13,216:INFO:_display_container: 2
2026-02-26 15:53:13,216:INFO:PassiveAggressiveRegressor(random_state=42)
2026-02-26 15:53:13,216:INFO:create_model() successfully completed......................................
2026-02-26 15:53:13,383:INFO:SubProcess create_model() end ==================================
2026-02-26 15:53:13,384:INFO:Creating metrics dataframe
2026-02-26 15:53:13,392:INFO:Initializing Huber Regressor
2026-02-26 15:53:13,392:INFO:Total runtime is 0.2057561079661052 minutes
2026-02-26 15:53:13,395:INFO:SubProcess create_model() called ==================================
2026-02-26 15:53:13,396:INFO:Initializing create_model()
2026-02-26 15:53:13,396:INFO:create_model(self=<pycaret.regression.oop.RegressionExperiment object at 0x0000021E066AD8D0>, estimator=huber, fold=KFold(n_splits=5, random_state=None, shuffle=False), round=4, cross_validation=True, predict=True, fit_kwargs={}, groups=None, refit=False, probability_threshold=None, experiment_custom_tags=None, verbose=False, system=False, add_to_model_list=True, metrics=None, display=<pycaret.internal.display.display.CommonDisplay object at 0x0000021E6D52D450>, model_only=True, return_train_score=False, error_score=0.0, kwargs={})
2026-02-26 15:53:13,396:INFO:Checking exceptions
2026-02-26 15:53:13,396:INFO:Importing libraries
2026-02-26 15:53:13,396:INFO:Copying training dataset
2026-02-26 15:53:13,404:INFO:Defining folds
2026-02-26 15:53:13,405:INFO:Declaring metric variables
2026-02-26 15:53:13,409:INFO:Importing untrained model
2026-02-26 15:53:13,412:INFO:Huber Regressor Imported successfully
2026-02-26 15:53:13,418:INFO:Starting cross validation
2026-02-26 15:53:13,419:INFO:Cross validating with KFold(n_splits=5, random_state=None, shuffle=False), n_jobs=-1
2026-02-26 15:53:13,530:WARNING:C:\Users\Playdata2\miniconda3\envs\battery_env\Lib\site-packages\sklearn\linear_model\_huber.py:342: ConvergenceWarning: lbfgs failed to converge (status=1):
STOP: TOTAL NO. of ITERATIONS REACHED LIMIT.

Increase the number of iterations (max_iter) or scale the data as shown in:
    https://scikit-learn.org/stable/modules/preprocessing.html
  self.n_iter_ = _check_optimize_result("lbfgs", opt_res, self.max_iter)

2026-02-26 15:53:13,538:WARNING:C:\Users\Playdata2\miniconda3\envs\battery_env\Lib\site-packages\sklearn\linear_model\_huber.py:342: ConvergenceWarning: lbfgs failed to converge (status=1):
STOP: TOTAL NO. of ITERATIONS REACHED LIMIT.

Increase the number of iterations (max_iter) or scale the data as shown in:
    https://scikit-learn.org/stable/modules/preprocessing.html
  self.n_iter_ = _check_optimize_result("lbfgs", opt_res, self.max_iter)

2026-02-26 15:53:13,543:WARNING:C:\Users\Playdata2\miniconda3\envs\battery_env\Lib\site-packages\sklearn\linear_model\_huber.py:342: ConvergenceWarning: lbfgs failed to converge (status=1):
STOP: TOTAL NO. of ITERATIONS REACHED LIMIT.

Increase the number of iterations (max_iter) or scale the data as shown in:
    https://scikit-learn.org/stable/modules/preprocessing.html
  self.n_iter_ = _check_optimize_result("lbfgs", opt_res, self.max_iter)

2026-02-26 15:53:13,559:WARNING:C:\Users\Playdata2\miniconda3\envs\battery_env\Lib\site-packages\sklearn\linear_model\_huber.py:342: ConvergenceWarning: lbfgs failed to converge (status=1):
STOP: TOTAL NO. of ITERATIONS REACHED LIMIT.

Increase the number of iterations (max_iter) or scale the data as shown in:
    https://scikit-learn.org/stable/modules/preprocessing.html
  self.n_iter_ = _check_optimize_result("lbfgs", opt_res, self.max_iter)

2026-02-26 15:53:13,574:WARNING:C:\Users\Playdata2\miniconda3\envs\battery_env\Lib\site-packages\sklearn\linear_model\_huber.py:342: ConvergenceWarning: lbfgs failed to converge (status=1):
STOP: TOTAL NO. of ITERATIONS REACHED LIMIT.

Increase the number of iterations (max_iter) or scale the data as shown in:
    https://scikit-learn.org/stable/modules/preprocessing.html
  self.n_iter_ = _check_optimize_result("lbfgs", opt_res, self.max_iter)

2026-02-26 15:53:13,609:INFO:Calculating mean and std
2026-02-26 15:53:13,611:INFO:Creating metrics dataframe
2026-02-26 15:53:13,613:INFO:Uploading results into container
2026-02-26 15:53:13,614:INFO:Uploading model into container now
2026-02-26 15:53:13,615:INFO:_master_model_container: 10
2026-02-26 15:53:13,615:INFO:_display_container: 2
2026-02-26 15:53:13,615:INFO:HuberRegressor()
2026-02-26 15:53:13,616:INFO:create_model() successfully completed......................................
2026-02-26 15:53:13,804:INFO:SubProcess create_model() end ==================================
2026-02-26 15:53:13,804:INFO:Creating metrics dataframe
2026-02-26 15:53:13,816:INFO:Initializing K Neighbors Regressor
2026-02-26 15:53:13,817:INFO:Total runtime is 0.21283330122629807 minutes
2026-02-26 15:53:13,826:INFO:SubProcess create_model() called ==================================
2026-02-26 15:53:13,827:INFO:Initializing create_model()
2026-02-26 15:53:13,827:INFO:create_model(self=<pycaret.regression.oop.RegressionExperiment object at 0x0000021E066AD8D0>, estimator=knn, fold=KFold(n_splits=5, random_state=None, shuffle=False), round=4, cross_validation=True, predict=True, fit_kwargs={}, groups=None, refit=False, probability_threshold=None, experiment_custom_tags=None, verbose=False, system=False, add_to_model_list=True, metrics=None, display=<pycaret.internal.display.display.CommonDisplay object at 0x0000021E6D52D450>, model_only=True, return_train_score=False, error_score=0.0, kwargs={})
2026-02-26 15:53:13,827:INFO:Checking exceptions
2026-02-26 15:53:13,827:INFO:Importing libraries
2026-02-26 15:53:13,827:INFO:Copying training dataset
2026-02-26 15:53:13,834:INFO:Defining folds
2026-02-26 15:53:13,834:INFO:Declaring metric variables
2026-02-26 15:53:13,840:INFO:Importing untrained model
2026-02-26 15:53:13,844:INFO:K Neighbors Regressor Imported successfully
2026-02-26 15:53:13,858:INFO:Starting cross validation
2026-02-26 15:53:13,859:INFO:Cross validating with KFold(n_splits=5, random_state=None, shuffle=False), n_jobs=-1
2026-02-26 15:53:13,972:INFO:Calculating mean and std
2026-02-26 15:53:13,974:INFO:Creating metrics dataframe
2026-02-26 15:53:13,977:INFO:Uploading results into container
2026-02-26 15:53:13,978:INFO:Uploading model into container now
2026-02-26 15:53:13,978:INFO:_master_model_container: 11
2026-02-26 15:53:13,978:INFO:_display_container: 2
2026-02-26 15:53:13,979:INFO:KNeighborsRegressor(n_jobs=-1)
2026-02-26 15:53:13,979:INFO:create_model() successfully completed......................................
2026-02-26 15:53:14,157:INFO:SubProcess create_model() end ==================================
2026-02-26 15:53:14,158:INFO:Creating metrics dataframe
2026-02-26 15:53:14,167:INFO:Initializing Decision Tree Regressor
2026-02-26 15:53:14,167:INFO:Total runtime is 0.21867160399754848 minutes
2026-02-26 15:53:14,170:INFO:SubProcess create_model() called ==================================
2026-02-26 15:53:14,170:INFO:Initializing create_model()
2026-02-26 15:53:14,171:INFO:create_model(self=<pycaret.regression.oop.RegressionExperiment object at 0x0000021E066AD8D0>, estimator=dt, fold=KFold(n_splits=5, random_state=None, shuffle=False), round=4, cross_validation=True, predict=True, fit_kwargs={}, groups=None, refit=False, probability_threshold=None, experiment_custom_tags=None, verbose=False, system=False, add_to_model_list=True, metrics=None, display=<pycaret.internal.display.display.CommonDisplay object at 0x0000021E6D52D450>, model_only=True, return_train_score=False, error_score=0.0, kwargs={})
2026-02-26 15:53:14,171:INFO:Checking exceptions
2026-02-26 15:53:14,171:INFO:Importing libraries
2026-02-26 15:53:14,171:INFO:Copying training dataset
2026-02-26 15:53:14,181:INFO:Defining folds
2026-02-26 15:53:14,181:INFO:Declaring metric variables
2026-02-26 15:53:14,184:INFO:Importing untrained model
2026-02-26 15:53:14,189:INFO:Decision Tree Regressor Imported successfully
2026-02-26 15:53:14,198:INFO:Starting cross validation
2026-02-26 15:53:14,200:INFO:Cross validating with KFold(n_splits=5, random_state=None, shuffle=False), n_jobs=-1
2026-02-26 15:53:14,315:INFO:Calculating mean and std
2026-02-26 15:53:14,316:INFO:Creating metrics dataframe
2026-02-26 15:53:14,318:INFO:Uploading results into container
2026-02-26 15:53:14,319:INFO:Uploading model into container now
2026-02-26 15:53:14,319:INFO:_master_model_container: 12
2026-02-26 15:53:14,320:INFO:_display_container: 2
2026-02-26 15:53:14,320:INFO:DecisionTreeRegressor(random_state=42)
2026-02-26 15:53:14,320:INFO:create_model() successfully completed......................................
2026-02-26 15:53:14,506:INFO:SubProcess create_model() end ==================================
2026-02-26 15:53:14,506:INFO:Creating metrics dataframe
2026-02-26 15:53:14,526:INFO:Initializing Random Forest Regressor
2026-02-26 15:53:14,526:INFO:Total runtime is 0.22465159893035894 minutes
2026-02-26 15:53:14,531:INFO:SubProcess create_model() called ==================================
2026-02-26 15:53:14,531:INFO:Initializing create_model()
2026-02-26 15:53:14,532:INFO:create_model(self=<pycaret.regression.oop.RegressionExperiment object at 0x0000021E066AD8D0>, estimator=rf, fold=KFold(n_splits=5, random_state=None, shuffle=False), round=4, cross_validation=True, predict=True, fit_kwargs={}, groups=None, refit=False, probability_threshold=None, experiment_custom_tags=None, verbose=False, system=False, add_to_model_list=True, metrics=None, display=<pycaret.internal.display.display.CommonDisplay object at 0x0000021E6D52D450>, model_only=True, return_train_score=False, error_score=0.0, kwargs={})
2026-02-26 15:53:14,532:INFO:Checking exceptions
2026-02-26 15:53:14,532:INFO:Importing libraries
2026-02-26 15:53:14,532:INFO:Copying training dataset
2026-02-26 15:53:14,545:INFO:Defining folds
2026-02-26 15:53:14,546:INFO:Declaring metric variables
2026-02-26 15:53:14,550:INFO:Importing untrained model
2026-02-26 15:53:14,561:INFO:Random Forest Regressor Imported successfully
2026-02-26 15:53:14,575:INFO:Starting cross validation
2026-02-26 15:53:14,577:INFO:Cross validating with KFold(n_splits=5, random_state=None, shuffle=False), n_jobs=-1
2026-02-26 15:53:15,556:INFO:Calculating mean and std
2026-02-26 15:53:15,557:INFO:Creating metrics dataframe
2026-02-26 15:53:15,560:INFO:Uploading results into container
2026-02-26 15:53:15,561:INFO:Uploading model into container now
2026-02-26 15:53:15,562:INFO:_master_model_container: 13
2026-02-26 15:53:15,562:INFO:_display_container: 2
2026-02-26 15:53:15,562:INFO:RandomForestRegressor(n_jobs=-1, random_state=42)
2026-02-26 15:53:15,562:INFO:create_model() successfully completed......................................
2026-02-26 15:53:15,760:INFO:SubProcess create_model() end ==================================
2026-02-26 15:53:15,760:INFO:Creating metrics dataframe
2026-02-26 15:53:15,772:INFO:Initializing Extra Trees Regressor
2026-02-26 15:53:15,772:INFO:Total runtime is 0.24541993935902917 minutes
2026-02-26 15:53:15,777:INFO:SubProcess create_model() called ==================================
2026-02-26 15:53:15,778:INFO:Initializing create_model()
2026-02-26 15:53:15,778:INFO:create_model(self=<pycaret.regression.oop.RegressionExperiment object at 0x0000021E066AD8D0>, estimator=et, fold=KFold(n_splits=5, random_state=None, shuffle=False), round=4, cross_validation=True, predict=True, fit_kwargs={}, groups=None, refit=False, probability_threshold=None, experiment_custom_tags=None, verbose=False, system=False, add_to_model_list=True, metrics=None, display=<pycaret.internal.display.display.CommonDisplay object at 0x0000021E6D52D450>, model_only=True, return_train_score=False, error_score=0.0, kwargs={})
2026-02-26 15:53:15,778:INFO:Checking exceptions
2026-02-26 15:53:15,778:INFO:Importing libraries
2026-02-26 15:53:15,778:INFO:Copying training dataset
2026-02-26 15:53:15,785:INFO:Defining folds
2026-02-26 15:53:15,785:INFO:Declaring metric variables
2026-02-26 15:53:15,791:INFO:Importing untrained model
2026-02-26 15:53:15,795:INFO:Extra Trees Regressor Imported successfully
2026-02-26 15:53:15,800:INFO:Starting cross validation
2026-02-26 15:53:15,803:INFO:Cross validating with KFold(n_splits=5, random_state=None, shuffle=False), n_jobs=-1
2026-02-26 15:53:16,465:INFO:Calculating mean and std
2026-02-26 15:53:16,467:INFO:Creating metrics dataframe
2026-02-26 15:53:16,469:INFO:Uploading results into container
2026-02-26 15:53:16,469:INFO:Uploading model into container now
2026-02-26 15:53:16,470:INFO:_master_model_container: 14
2026-02-26 15:53:16,470:INFO:_display_container: 2
2026-02-26 15:53:16,471:INFO:ExtraTreesRegressor(n_jobs=-1, random_state=42)
2026-02-26 15:53:16,471:INFO:create_model() successfully completed......................................
2026-02-26 15:53:16,671:INFO:SubProcess create_model() end ==================================
2026-02-26 15:53:16,671:INFO:Creating metrics dataframe
2026-02-26 15:53:16,691:INFO:Initializing AdaBoost Regressor
2026-02-26 15:53:16,691:INFO:Total runtime is 0.26073520580927534 minutes
2026-02-26 15:53:16,699:INFO:SubProcess create_model() called ==================================
2026-02-26 15:53:16,700:INFO:Initializing create_model()
2026-02-26 15:53:16,700:INFO:create_model(self=<pycaret.regression.oop.RegressionExperiment object at 0x0000021E066AD8D0>, estimator=ada, fold=KFold(n_splits=5, random_state=None, shuffle=False), round=4, cross_validation=True, predict=True, fit_kwargs={}, groups=None, refit=False, probability_threshold=None, experiment_custom_tags=None, verbose=False, system=False, add_to_model_list=True, metrics=None, display=<pycaret.internal.display.display.CommonDisplay object at 0x0000021E6D52D450>, model_only=True, return_train_score=False, error_score=0.0, kwargs={})
2026-02-26 15:53:16,700:INFO:Checking exceptions
2026-02-26 15:53:16,700:INFO:Importing libraries
2026-02-26 15:53:16,700:INFO:Copying training dataset
2026-02-26 15:53:16,713:INFO:Defining folds
2026-02-26 15:53:16,713:INFO:Declaring metric variables
2026-02-26 15:53:16,718:INFO:Importing untrained model
2026-02-26 15:53:16,725:INFO:AdaBoost Regressor Imported successfully
2026-02-26 15:53:16,733:INFO:Starting cross validation
2026-02-26 15:53:16,734:INFO:Cross validating with KFold(n_splits=5, random_state=None, shuffle=False), n_jobs=-1
2026-02-26 15:53:17,046:INFO:Calculating mean and std
2026-02-26 15:53:17,047:INFO:Creating metrics dataframe
2026-02-26 15:53:17,049:INFO:Uploading results into container
2026-02-26 15:53:17,050:INFO:Uploading model into container now
2026-02-26 15:53:17,050:INFO:_master_model_container: 15
2026-02-26 15:53:17,050:INFO:_display_container: 2
2026-02-26 15:53:17,050:INFO:AdaBoostRegressor(random_state=42)
2026-02-26 15:53:17,050:INFO:create_model() successfully completed......................................
2026-02-26 15:53:17,229:INFO:SubProcess create_model() end ==================================
2026-02-26 15:53:17,229:INFO:Creating metrics dataframe
2026-02-26 15:53:17,245:INFO:Initializing Gradient Boosting Regressor
2026-02-26 15:53:17,245:INFO:Total runtime is 0.26997026602427165 minutes
2026-02-26 15:53:17,248:INFO:SubProcess create_model() called ==================================
2026-02-26 15:53:17,248:INFO:Initializing create_model()
2026-02-26 15:53:17,248:INFO:create_model(self=<pycaret.regression.oop.RegressionExperiment object at 0x0000021E066AD8D0>, estimator=gbr, fold=KFold(n_splits=5, random_state=None, shuffle=False), round=4, cross_validation=True, predict=True, fit_kwargs={}, groups=None, refit=False, probability_threshold=None, experiment_custom_tags=None, verbose=False, system=False, add_to_model_list=True, metrics=None, display=<pycaret.internal.display.display.CommonDisplay object at 0x0000021E6D52D450>, model_only=True, return_train_score=False, error_score=0.0, kwargs={})
2026-02-26 15:53:17,248:INFO:Checking exceptions
2026-02-26 15:53:17,248:INFO:Importing libraries
2026-02-26 15:53:17,248:INFO:Copying training dataset
2026-02-26 15:53:17,254:INFO:Defining folds
2026-02-26 15:53:17,255:INFO:Declaring metric variables
2026-02-26 15:53:17,260:INFO:Importing untrained model
2026-02-26 15:53:17,263:INFO:Gradient Boosting Regressor Imported successfully
2026-02-26 15:53:17,268:INFO:Starting cross validation
2026-02-26 15:53:17,269:INFO:Cross validating with KFold(n_splits=5, random_state=None, shuffle=False), n_jobs=-1
2026-02-26 15:53:17,810:INFO:Calculating mean and std
2026-02-26 15:53:17,811:INFO:Creating metrics dataframe
2026-02-26 15:53:17,813:INFO:Uploading results into container
2026-02-26 15:53:17,813:INFO:Uploading model into container now
2026-02-26 15:53:17,813:INFO:_master_model_container: 16
2026-02-26 15:53:17,814:INFO:_display_container: 2
2026-02-26 15:53:17,814:INFO:GradientBoostingRegressor(random_state=42)
2026-02-26 15:53:17,815:INFO:create_model() successfully completed......................................
2026-02-26 15:53:18,000:INFO:SubProcess create_model() end ==================================
2026-02-26 15:53:18,000:INFO:Creating metrics dataframe
2026-02-26 15:53:18,015:INFO:Initializing Extreme Gradient Boosting
2026-02-26 15:53:18,016:INFO:Total runtime is 0.2828210194905599 minutes
2026-02-26 15:53:18,019:INFO:SubProcess create_model() called ==================================
2026-02-26 15:53:18,020:INFO:Initializing create_model()
2026-02-26 15:53:18,020:INFO:create_model(self=<pycaret.regression.oop.RegressionExperiment object at 0x0000021E066AD8D0>, estimator=xgboost, fold=KFold(n_splits=5, random_state=None, shuffle=False), round=4, cross_validation=True, predict=True, fit_kwargs={}, groups=None, refit=False, probability_threshold=None, experiment_custom_tags=None, verbose=False, system=False, add_to_model_list=True, metrics=None, display=<pycaret.internal.display.display.CommonDisplay object at 0x0000021E6D52D450>, model_only=True, return_train_score=False, error_score=0.0, kwargs={})
2026-02-26 15:53:18,020:INFO:Checking exceptions
2026-02-26 15:53:18,020:INFO:Importing libraries
2026-02-26 15:53:18,020:INFO:Copying training dataset
2026-02-26 15:53:18,028:INFO:Defining folds
2026-02-26 15:53:18,029:INFO:Declaring metric variables
2026-02-26 15:53:18,031:INFO:Importing untrained model
2026-02-26 15:53:18,036:INFO:Extreme Gradient Boosting Imported successfully
2026-02-26 15:53:18,045:INFO:Starting cross validation
2026-02-26 15:53:18,046:INFO:Cross validating with KFold(n_splits=5, random_state=None, shuffle=False), n_jobs=-1
2026-02-26 15:53:18,319:INFO:Calculating mean and std
2026-02-26 15:53:18,320:INFO:Creating metrics dataframe
2026-02-26 15:53:18,321:INFO:Uploading results into container
2026-02-26 15:53:18,324:INFO:Uploading model into container now
2026-02-26 15:53:18,325:INFO:_master_model_container: 17
2026-02-26 15:53:18,325:INFO:_display_container: 2
2026-02-26 15:53:18,326:INFO:XGBRegressor(base_score=None, booster='gbtree', callbacks=None,
             colsample_bylevel=None, colsample_bynode=None,
             colsample_bytree=None, device='cpu', early_stopping_rounds=None,
             enable_categorical=False, eval_metric=None, feature_types=None,
             feature_weights=None, gamma=None, grow_policy=None,
             importance_type=None, interaction_constraints=None,
             learning_rate=None, max_bin=None, max_cat_threshold=None,
             max_cat_to_onehot=None, max_delta_step=None, max_depth=None,
             max_leaves=None, min_child_weight=None, missing=nan,
             monotone_constraints=None, multi_strategy=None, n_estimators=None,
             n_jobs=-1, num_parallel_tree=None, ...)
2026-02-26 15:53:18,326:INFO:create_model() successfully completed......................................
2026-02-26 15:53:18,525:INFO:SubProcess create_model() end ==================================
2026-02-26 15:53:18,525:INFO:Creating metrics dataframe
2026-02-26 15:53:18,536:INFO:Initializing Light Gradient Boosting Machine
2026-02-26 15:53:18,536:INFO:Total runtime is 0.2914912422498067 minutes
2026-02-26 15:53:18,543:INFO:SubProcess create_model() called ==================================
2026-02-26 15:53:18,544:INFO:Initializing create_model()
2026-02-26 15:53:18,544:INFO:create_model(self=<pycaret.regression.oop.RegressionExperiment object at 0x0000021E066AD8D0>, estimator=lightgbm, fold=KFold(n_splits=5, random_state=None, shuffle=False), round=4, cross_validation=True, predict=True, fit_kwargs={}, groups=None, refit=False, probability_threshold=None, experiment_custom_tags=None, verbose=False, system=False, add_to_model_list=True, metrics=None, display=<pycaret.internal.display.display.CommonDisplay object at 0x0000021E6D52D450>, model_only=True, return_train_score=False, error_score=0.0, kwargs={})
2026-02-26 15:53:18,544:INFO:Checking exceptions
2026-02-26 15:53:18,544:INFO:Importing libraries
2026-02-26 15:53:18,544:INFO:Copying training dataset
2026-02-26 15:53:18,554:INFO:Defining folds
2026-02-26 15:53:18,554:INFO:Declaring metric variables
2026-02-26 15:53:18,561:INFO:Importing untrained model
2026-02-26 15:53:18,566:INFO:Light Gradient Boosting Machine Imported successfully
2026-02-26 15:53:18,577:INFO:Starting cross validation
2026-02-26 15:53:18,579:INFO:Cross validating with KFold(n_splits=5, random_state=None, shuffle=False), n_jobs=-1
2026-02-26 15:53:19,037:INFO:Calculating mean and std
2026-02-26 15:53:19,039:INFO:Creating metrics dataframe
2026-02-26 15:53:19,042:INFO:Uploading results into container
2026-02-26 15:53:19,042:INFO:Uploading model into container now
2026-02-26 15:53:19,044:INFO:_master_model_container: 18
2026-02-26 15:53:19,044:INFO:_display_container: 2
2026-02-26 15:53:19,045:INFO:LGBMRegressor(n_jobs=-1, random_state=42)
2026-02-26 15:53:19,045:INFO:create_model() successfully completed......................................
2026-02-26 15:53:19,211:INFO:SubProcess create_model() end ==================================
2026-02-26 15:53:19,211:INFO:Creating metrics dataframe
2026-02-26 15:53:19,222:INFO:Initializing Dummy Regressor
2026-02-26 15:53:19,224:INFO:Total runtime is 0.30294976631800336 minutes
2026-02-26 15:53:19,227:INFO:SubProcess create_model() called ==================================
2026-02-26 15:53:19,228:INFO:Initializing create_model()
2026-02-26 15:53:19,228:INFO:create_model(self=<pycaret.regression.oop.RegressionExperiment object at 0x0000021E066AD8D0>, estimator=dummy, fold=KFold(n_splits=5, random_state=None, shuffle=False), round=4, cross_validation=True, predict=True, fit_kwargs={}, groups=None, refit=False, probability_threshold=None, experiment_custom_tags=None, verbose=False, system=False, add_to_model_list=True, metrics=None, display=<pycaret.internal.display.display.CommonDisplay object at 0x0000021E6D52D450>, model_only=True, return_train_score=False, error_score=0.0, kwargs={})
2026-02-26 15:53:19,228:INFO:Checking exceptions
2026-02-26 15:53:19,228:INFO:Importing libraries
2026-02-26 15:53:19,228:INFO:Copying training dataset
2026-02-26 15:53:19,236:INFO:Defining folds
2026-02-26 15:53:19,237:INFO:Declaring metric variables
2026-02-26 15:53:19,244:INFO:Importing untrained model
2026-02-26 15:53:19,252:INFO:Dummy Regressor Imported successfully
2026-02-26 15:53:19,260:INFO:Starting cross validation
2026-02-26 15:53:19,262:INFO:Cross validating with KFold(n_splits=5, random_state=None, shuffle=False), n_jobs=-1
2026-02-26 15:53:19,378:INFO:Calculating mean and std
2026-02-26 15:53:19,379:INFO:Creating metrics dataframe
2026-02-26 15:53:19,381:INFO:Uploading results into container
2026-02-26 15:53:19,382:INFO:Uploading model into container now
2026-02-26 15:53:19,382:INFO:_master_model_container: 19
2026-02-26 15:53:19,382:INFO:_display_container: 2
2026-02-26 15:53:19,383:INFO:DummyRegressor()
2026-02-26 15:53:19,383:INFO:create_model() successfully completed......................................
2026-02-26 15:53:19,579:INFO:SubProcess create_model() end ==================================
2026-02-26 15:53:19,579:INFO:Creating metrics dataframe
2026-02-26 15:53:19,606:INFO:Initializing create_model()
2026-02-26 15:53:19,606:INFO:create_model(self=<pycaret.regression.oop.RegressionExperiment object at 0x0000021E066AD8D0>, estimator=KNeighborsRegressor(n_jobs=-1), fold=KFold(n_splits=5, random_state=None, shuffle=False), round=4, cross_validation=False, predict=False, fit_kwargs={}, groups=None, refit=True, probability_threshold=None, experiment_custom_tags=None, verbose=False, system=False, add_to_model_list=True, metrics=None, display=None, model_only=True, return_train_score=False, error_score=0.0, kwargs={})
2026-02-26 15:53:19,606:INFO:Checking exceptions
2026-02-26 15:53:19,611:INFO:Importing libraries
2026-02-26 15:53:19,611:INFO:Copying training dataset
2026-02-26 15:53:19,619:INFO:Defining folds
2026-02-26 15:53:19,619:INFO:Declaring metric variables
2026-02-26 15:53:19,619:INFO:Importing untrained model
2026-02-26 15:53:19,619:INFO:Declaring custom model
2026-02-26 15:53:19,619:INFO:K Neighbors Regressor Imported successfully
2026-02-26 15:53:19,620:INFO:Cross validation set to False
2026-02-26 15:53:19,620:INFO:Fitting Model
2026-02-26 15:53:19,650:INFO:KNeighborsRegressor(n_jobs=-1)
2026-02-26 15:53:19,650:INFO:create_model() successfully completed......................................
2026-02-26 15:53:19,814:INFO:Initializing create_model()
2026-02-26 15:53:19,815:INFO:create_model(self=<pycaret.regression.oop.RegressionExperiment object at 0x0000021E066AD8D0>, estimator=ExtraTreesRegressor(n_jobs=-1, random_state=42), fold=KFold(n_splits=5, random_state=None, shuffle=False), round=4, cross_validation=False, predict=False, fit_kwargs={}, groups=None, refit=True, probability_threshold=None, experiment_custom_tags=None, verbose=False, system=False, add_to_model_list=True, metrics=None, display=None, model_only=True, return_train_score=False, error_score=0.0, kwargs={})
2026-02-26 15:53:19,815:INFO:Checking exceptions
2026-02-26 15:53:19,817:INFO:Importing libraries
2026-02-26 15:53:19,817:INFO:Copying training dataset
2026-02-26 15:53:19,831:INFO:Defining folds
2026-02-26 15:53:19,831:INFO:Declaring metric variables
2026-02-26 15:53:19,831:INFO:Importing untrained model
2026-02-26 15:53:19,833:INFO:Declaring custom model
2026-02-26 15:53:19,833:INFO:Extra Trees Regressor Imported successfully
2026-02-26 15:53:19,834:INFO:Cross validation set to False
2026-02-26 15:53:19,835:INFO:Fitting Model
2026-02-26 15:53:20,025:INFO:ExtraTreesRegressor(n_jobs=-1, random_state=42)
2026-02-26 15:53:20,025:INFO:create_model() successfully completed......................................
2026-02-26 15:53:20,211:INFO:Initializing create_model()
2026-02-26 15:53:20,211:INFO:create_model(self=<pycaret.regression.oop.RegressionExperiment object at 0x0000021E066AD8D0>, estimator=XGBRegressor(base_score=None, booster='gbtree', callbacks=None,
             colsample_bylevel=None, colsample_bynode=None,
             colsample_bytree=None, device='cpu', early_stopping_rounds=None,
             enable_categorical=False, eval_metric=None, feature_types=None,
             feature_weights=None, gamma=None, grow_policy=None,
             importance_type=None, interaction_constraints=None,
             learning_rate=None, max_bin=None, max_cat_threshold=None,
             max_cat_to_onehot=None, max_delta_step=None, max_depth=None,
             max_leaves=None, min_child_weight=None, missing=nan,
             monotone_constraints=None, multi_strategy=None, n_estimators=None,
             n_jobs=-1, num_parallel_tree=None, ...), fold=KFold(n_splits=5, random_state=None, shuffle=False), round=4, cross_validation=False, predict=False, fit_kwargs={}, groups=None, refit=True, probability_threshold=None, experiment_custom_tags=None, verbose=False, system=False, add_to_model_list=True, metrics=None, display=None, model_only=True, return_train_score=False, error_score=0.0, kwargs={})
2026-02-26 15:53:20,212:INFO:Checking exceptions
2026-02-26 15:53:20,213:INFO:Importing libraries
2026-02-26 15:53:20,213:INFO:Copying training dataset
2026-02-26 15:53:20,219:INFO:Defining folds
2026-02-26 15:53:20,219:INFO:Declaring metric variables
2026-02-26 15:53:20,219:INFO:Importing untrained model
2026-02-26 15:53:20,219:INFO:Declaring custom model
2026-02-26 15:53:20,221:INFO:Extreme Gradient Boosting Imported successfully
2026-02-26 15:53:20,221:INFO:Cross validation set to False
2026-02-26 15:53:20,221:INFO:Fitting Model
2026-02-26 15:53:20,340:INFO:XGBRegressor(base_score=None, booster='gbtree', callbacks=None,
             colsample_bylevel=None, colsample_bynode=None,
             colsample_bytree=None, device='cpu', early_stopping_rounds=None,
             enable_categorical=False, eval_metric=None, feature_types=None,
             feature_weights=None, gamma=None, grow_policy=None,
             importance_type=None, interaction_constraints=None,
             learning_rate=None, max_bin=None, max_cat_threshold=None,
             max_cat_to_onehot=None, max_delta_step=None, max_depth=None,
             max_leaves=None, min_child_weight=None, missing=nan,
             monotone_constraints=None, multi_strategy=None, n_estimators=None,
             n_jobs=-1, num_parallel_tree=None, ...)
2026-02-26 15:53:20,340:INFO:create_model() successfully completed......................................
2026-02-26 15:53:20,581:INFO:_master_model_container: 19
2026-02-26 15:53:20,581:INFO:_display_container: 2
2026-02-26 15:53:20,582:INFO:[KNeighborsRegressor(n_jobs=-1), ExtraTreesRegressor(n_jobs=-1, random_state=42), XGBRegressor(base_score=None, booster='gbtree', callbacks=None,
             colsample_bylevel=None, colsample_bynode=None,
             colsample_bytree=None, device='cpu', early_stopping_rounds=None,
             enable_categorical=False, eval_metric=None, feature_types=None,
             feature_weights=None, gamma=None, grow_policy=None,
             importance_type=None, interaction_constraints=None,
             learning_rate=None, max_bin=None, max_cat_threshold=None,
             max_cat_to_onehot=None, max_delta_step=None, max_depth=None,
             max_leaves=None, min_child_weight=None, missing=nan,
             monotone_constraints=None, multi_strategy=None, n_estimators=None,
             n_jobs=-1, num_parallel_tree=None, ...)]
2026-02-26 15:53:20,582:INFO:compare_models() successfully completed......................................
2026-02-26 15:53:20,598:INFO:Initializing tune_model()
2026-02-26 15:53:20,598:INFO:tune_model(self=<pycaret.regression.oop.RegressionExperiment object at 0x0000021E066AD8D0>, estimator=KNeighborsRegressor(n_jobs=-1), fold=None, round=4, n_iter=10, custom_grid=None, optimize=R2, custom_scorer=None, search_library=scikit-learn, search_algorithm=None, early_stopping=False, early_stopping_max_iters=10, choose_better=True, fit_kwargs=None, groups=None, return_tuner=False, verbose=True, tuner_verbose=True, return_train_score=False, kwargs={})
2026-02-26 15:53:20,598:INFO:Checking exceptions
2026-02-26 15:53:20,619:INFO:Copying training dataset
2026-02-26 15:53:20,628:INFO:Checking base model
2026-02-26 15:53:20,628:INFO:Base model : K Neighbors Regressor
2026-02-26 15:53:20,634:INFO:Declaring metric variables
2026-02-26 15:53:20,640:INFO:Defining Hyperparameters
2026-02-26 15:53:20,809:INFO:Tuning with n_jobs=-1
2026-02-26 15:53:20,809:INFO:Initializing RandomizedSearchCV
2026-02-26 15:53:21,452:INFO:best_params: {'actual_estimator__weights': 'uniform', 'actual_estimator__n_neighbors': 4, 'actual_estimator__metric': 'euclidean'}
2026-02-26 15:53:21,452:INFO:Hyperparameter search completed
2026-02-26 15:53:21,452:INFO:SubProcess create_model() called ==================================
2026-02-26 15:53:21,452:INFO:Initializing create_model()
2026-02-26 15:53:21,452:INFO:create_model(self=<pycaret.regression.oop.RegressionExperiment object at 0x0000021E066AD8D0>, estimator=KNeighborsRegressor(n_jobs=-1), fold=KFold(n_splits=5, random_state=None, shuffle=False), round=4, cross_validation=True, predict=True, fit_kwargs={}, groups=None, refit=True, probability_threshold=None, experiment_custom_tags=None, verbose=True, system=False, add_to_model_list=True, metrics=None, display=<pycaret.internal.display.display.CommonDisplay object at 0x0000021E6B0B6D90>, model_only=True, return_train_score=False, error_score=0.0, kwargs={'weights': 'uniform', 'n_neighbors': 4, 'metric': 'euclidean'})
2026-02-26 15:53:21,452:INFO:Checking exceptions
2026-02-26 15:53:21,452:INFO:Importing libraries
2026-02-26 15:53:21,452:INFO:Copying training dataset
2026-02-26 15:53:21,463:INFO:Defining folds
2026-02-26 15:53:21,463:INFO:Declaring metric variables
2026-02-26 15:53:21,469:INFO:Importing untrained model
2026-02-26 15:53:21,470:INFO:Declaring custom model
2026-02-26 15:53:21,477:INFO:K Neighbors Regressor Imported successfully
2026-02-26 15:53:21,486:INFO:Starting cross validation
2026-02-26 15:53:21,488:INFO:Cross validating with KFold(n_splits=5, random_state=None, shuffle=False), n_jobs=-1
2026-02-26 15:53:21,605:INFO:Calculating mean and std
2026-02-26 15:53:21,605:INFO:Creating metrics dataframe
2026-02-26 15:53:21,613:INFO:Finalizing model
2026-02-26 15:53:21,676:INFO:Uploading results into container
2026-02-26 15:53:21,677:INFO:Uploading model into container now
2026-02-26 15:53:21,677:INFO:_master_model_container: 20
2026-02-26 15:53:21,678:INFO:_display_container: 3
2026-02-26 15:53:21,678:INFO:KNeighborsRegressor(metric='euclidean', n_jobs=-1, n_neighbors=4)
2026-02-26 15:53:21,678:INFO:create_model() successfully completed......................................
2026-02-26 15:53:21,853:INFO:SubProcess create_model() end ==================================
2026-02-26 15:53:21,853:INFO:choose_better activated
2026-02-26 15:53:21,859:INFO:SubProcess create_model() called ==================================
2026-02-26 15:53:21,859:INFO:Initializing create_model()
2026-02-26 15:53:21,859:INFO:create_model(self=<pycaret.regression.oop.RegressionExperiment object at 0x0000021E066AD8D0>, estimator=KNeighborsRegressor(n_jobs=-1), fold=KFold(n_splits=5, random_state=None, shuffle=False), round=4, cross_validation=True, predict=True, fit_kwargs={}, groups=None, refit=True, probability_threshold=None, experiment_custom_tags=None, verbose=False, system=False, add_to_model_list=True, metrics=None, display=None, model_only=True, return_train_score=False, error_score=0.0, kwargs={})
2026-02-26 15:53:21,859:INFO:Checking exceptions
2026-02-26 15:53:21,863:INFO:Importing libraries
2026-02-26 15:53:21,863:INFO:Copying training dataset
2026-02-26 15:53:21,877:INFO:Defining folds
2026-02-26 15:53:21,877:INFO:Declaring metric variables
2026-02-26 15:53:21,878:INFO:Importing untrained model
2026-02-26 15:53:21,878:INFO:Declaring custom model
2026-02-26 15:53:21,879:INFO:K Neighbors Regressor Imported successfully
2026-02-26 15:53:21,881:INFO:Starting cross validation
2026-02-26 15:53:21,883:INFO:Cross validating with KFold(n_splits=5, random_state=None, shuffle=False), n_jobs=-1
2026-02-26 15:53:21,992:INFO:Calculating mean and std
2026-02-26 15:53:21,993:INFO:Creating metrics dataframe
2026-02-26 15:53:21,995:INFO:Finalizing model
2026-02-26 15:53:22,045:INFO:Uploading results into container
2026-02-26 15:53:22,046:INFO:Uploading model into container now
2026-02-26 15:53:22,048:INFO:_master_model_container: 21
2026-02-26 15:53:22,048:INFO:_display_container: 4
2026-02-26 15:53:22,048:INFO:KNeighborsRegressor(n_jobs=-1)
2026-02-26 15:53:22,048:INFO:create_model() successfully completed......................................
2026-02-26 15:53:22,219:INFO:SubProcess create_model() end ==================================
2026-02-26 15:53:22,219:INFO:KNeighborsRegressor(n_jobs=-1) result for R2 is 0.4393
2026-02-26 15:53:22,220:INFO:KNeighborsRegressor(metric='euclidean', n_jobs=-1, n_neighbors=4) result for R2 is 0.4455
2026-02-26 15:53:22,220:INFO:KNeighborsRegressor(metric='euclidean', n_jobs=-1, n_neighbors=4) is best model
2026-02-26 15:53:22,220:INFO:choose_better completed
2026-02-26 15:53:22,236:INFO:_master_model_container: 21
2026-02-26 15:53:22,236:INFO:_display_container: 3
2026-02-26 15:53:22,237:INFO:KNeighborsRegressor(metric='euclidean', n_jobs=-1, n_neighbors=4)
2026-02-26 15:53:22,237:INFO:tune_model() successfully completed......................................
2026-02-26 15:53:22,433:INFO:Initializing plot_model()
2026-02-26 15:53:22,433:INFO:plot_model(self=<pycaret.regression.oop.RegressionExperiment object at 0x0000021E066AD8D0>, estimator=KNeighborsRegressor(metric='euclidean', n_jobs=-1, n_neighbors=4), plot=residuals, scale=1, save=False, fold=None, fit_kwargs=None, plot_kwargs=None, groups=None, feature_name=None, label=False, verbose=True, system=True, display=None, display_format=None)
2026-02-26 15:53:22,433:INFO:Checking exceptions
2026-02-26 15:53:22,438:INFO:Preloading libraries
2026-02-26 15:53:22,439:INFO:Copying training dataset
2026-02-26 15:53:22,439:INFO:Plot type: residuals
2026-02-26 15:53:22,794:INFO:Fitting Model
2026-02-26 15:53:23,114:INFO:Scoring test/hold-out set
2026-02-26 15:53:23,649:INFO:Visual Rendered Successfully
2026-02-26 15:53:23,827:INFO:plot_model() successfully completed......................................
2026-02-26 15:53:23,837:INFO:Initializing plot_model()
2026-02-26 15:53:23,838:INFO:plot_model(self=<pycaret.regression.oop.RegressionExperiment object at 0x0000021E066AD8D0>, estimator=KNeighborsRegressor(metric='euclidean', n_jobs=-1, n_neighbors=4), plot=feature, scale=1, save=False, fold=None, fit_kwargs=None, plot_kwargs=None, groups=None, feature_name=None, label=False, verbose=True, system=True, display=None, display_format=None)
2026-02-26 15:53:23,838:INFO:Checking exceptions
2026-02-26 16:07:57,176:WARNING:
'cuml' is a soft dependency and not included in the pycaret installation. Please run: `pip install cuml` to install.
2026-02-26 16:07:57,176:WARNING:
'cuml' is a soft dependency and not included in the pycaret installation. Please run: `pip install cuml` to install.
2026-02-26 16:07:57,176:WARNING:
'cuml' is a soft dependency and not included in the pycaret installation. Please run: `pip install cuml` to install.
2026-02-26 16:07:57,176:WARNING:
'cuml' is a soft dependency and not included in the pycaret installation. Please run: `pip install cuml` to install.
2026-02-26 16:07:57,391:INFO:PyCaret RegressionExperiment
2026-02-26 16:07:57,391:INFO:Logging name: reg-default-name
2026-02-26 16:07:57,391:INFO:ML Usecase: MLUsecase.REGRESSION
2026-02-26 16:07:57,391:INFO:version 3.3.2
2026-02-26 16:07:57,392:INFO:Initializing setup()
2026-02-26 16:07:57,392:INFO:self.USI: f2b1
2026-02-26 16:07:57,392:INFO:self._variable_keys: {'fold_groups_param', 'gpu_n_jobs_param', 'memory', 'y', 'html_param', 'n_jobs_param', 'exp_id', 'log_plots_param', 'exp_name_log', '_ml_usecase', 'target_param', 'y_train', 'USI', 'idx', 'gpu_param', 'seed', 'pipeline', 'fold_shuffle_param', 'X_train', 'X', 'X_test', 'y_test', 'transform_target_param', 'logging_param', '_available_plots', 'data', 'fold_generator'}
2026-02-26 16:07:57,392:INFO:Checking environment
2026-02-26 16:07:57,392:INFO:python_version: 3.11.14
2026-02-26 16:07:57,392:INFO:python_build: ('main', 'Oct 21 2025 18:30:03')
2026-02-26 16:07:57,392:INFO:machine: AMD64
2026-02-26 16:07:57,392:INFO:platform: Windows-10-10.0.26100-SP0
2026-02-26 16:07:57,392:INFO:Memory: svmem(total=16889774080, available=4548526080, percent=73.1, used=12341248000, free=4548526080)
2026-02-26 16:07:57,392:INFO:Physical Core: 4
2026-02-26 16:07:57,392:INFO:Logical Core: 8
2026-02-26 16:07:57,392:INFO:Checking libraries
2026-02-26 16:07:57,392:INFO:System:
2026-02-26 16:07:57,392:INFO:    python: 3.11.14 | packaged by Anaconda, Inc. | (main, Oct 21 2025, 18:30:03) [MSC v.1929 64 bit (AMD64)]
2026-02-26 16:07:57,392:INFO:executable: c:\Users\Playdata2\miniconda3\envs\battery_env\python.exe
2026-02-26 16:07:57,392:INFO:   machine: Windows-10-10.0.26100-SP0
2026-02-26 16:07:57,392:INFO:PyCaret required dependencies:
2026-02-26 16:07:57,395:INFO:                 pip: 26.0.1
2026-02-26 16:07:57,395:INFO:          setuptools: 80.10.2
2026-02-26 16:07:57,395:INFO:             pycaret: 3.3.2
2026-02-26 16:07:57,395:INFO:             IPython: 9.10.0
2026-02-26 16:07:57,395:INFO:          ipywidgets: 8.1.8
2026-02-26 16:07:57,395:INFO:                tqdm: 4.67.3
2026-02-26 16:07:57,395:INFO:               numpy: 1.26.4
2026-02-26 16:07:57,395:INFO:              pandas: 2.1.4
2026-02-26 16:07:57,395:INFO:              jinja2: 3.1.6
2026-02-26 16:07:57,395:INFO:               scipy: 1.11.4
2026-02-26 16:07:57,395:INFO:              joblib: 1.3.2
2026-02-26 16:07:57,396:INFO:             sklearn: 1.4.2
2026-02-26 16:07:57,396:INFO:                pyod: 2.0.6
2026-02-26 16:07:57,396:INFO:            imblearn: 0.14.1
2026-02-26 16:07:57,396:INFO:   category_encoders: 2.7.0
2026-02-26 16:07:57,396:INFO:            lightgbm: 4.6.0
2026-02-26 16:07:57,396:INFO:               numba: 0.64.0
2026-02-26 16:07:57,396:INFO:            requests: 2.32.5
2026-02-26 16:07:57,396:INFO:          matplotlib: 3.7.5
2026-02-26 16:07:57,396:INFO:          scikitplot: 0.3.7
2026-02-26 16:07:57,396:INFO:         yellowbrick: 1.5
2026-02-26 16:07:57,396:INFO:              plotly: 6.5.2
2026-02-26 16:07:57,396:INFO:    plotly-resampler: Not installed
2026-02-26 16:07:57,396:INFO:             kaleido: 1.2.0
2026-02-26 16:07:57,396:INFO:           schemdraw: 0.15
2026-02-26 16:07:57,396:INFO:         statsmodels: 0.14.6
2026-02-26 16:07:57,396:INFO:              sktime: 0.26.0
2026-02-26 16:07:57,396:INFO:               tbats: 1.1.3
2026-02-26 16:07:57,396:INFO:            pmdarima: 2.0.4
2026-02-26 16:07:57,396:INFO:              psutil: 7.2.2
2026-02-26 16:07:57,396:INFO:          markupsafe: 3.0.3
2026-02-26 16:07:57,396:INFO:             pickle5: Not installed
2026-02-26 16:07:57,396:INFO:         cloudpickle: 3.1.2
2026-02-26 16:07:57,396:INFO:         deprecation: 2.1.0
2026-02-26 16:07:57,396:INFO:              xxhash: 3.6.0
2026-02-26 16:07:57,396:INFO:           wurlitzer: Not installed
2026-02-26 16:07:57,396:INFO:PyCaret optional dependencies:
2026-02-26 16:07:57,405:INFO:                shap: Not installed
2026-02-26 16:07:57,405:INFO:           interpret: Not installed
2026-02-26 16:07:57,405:INFO:                umap: Not installed
2026-02-26 16:07:57,405:INFO:     ydata_profiling: Not installed
2026-02-26 16:07:57,406:INFO:  explainerdashboard: Not installed
2026-02-26 16:07:57,406:INFO:             autoviz: Not installed
2026-02-26 16:07:57,406:INFO:           fairlearn: Not installed
2026-02-26 16:07:57,406:INFO:          deepchecks: Not installed
2026-02-26 16:07:57,406:INFO:             xgboost: 3.2.0
2026-02-26 16:07:57,406:INFO:            catboost: Not installed
2026-02-26 16:07:57,406:INFO:              kmodes: Not installed
2026-02-26 16:07:57,406:INFO:             mlxtend: Not installed
2026-02-26 16:07:57,406:INFO:       statsforecast: Not installed
2026-02-26 16:07:57,406:INFO:        tune_sklearn: Not installed
2026-02-26 16:07:57,406:INFO:                 ray: Not installed
2026-02-26 16:07:57,406:INFO:            hyperopt: Not installed
2026-02-26 16:07:57,406:INFO:              optuna: 4.7.0
2026-02-26 16:07:57,406:INFO:               skopt: Not installed
2026-02-26 16:07:57,406:INFO:              mlflow: Not installed
2026-02-26 16:07:57,406:INFO:              gradio: Not installed
2026-02-26 16:07:57,406:INFO:             fastapi: Not installed
2026-02-26 16:07:57,406:INFO:             uvicorn: Not installed
2026-02-26 16:07:57,406:INFO:              m2cgen: Not installed
2026-02-26 16:07:57,406:INFO:           evidently: Not installed
2026-02-26 16:07:57,406:INFO:               fugue: Not installed
2026-02-26 16:07:57,406:INFO:           streamlit: Not installed
2026-02-26 16:07:57,406:INFO:             prophet: Not installed
2026-02-26 16:07:57,406:INFO:None
2026-02-26 16:07:57,406:INFO:Set up data.
2026-02-26 16:07:57,413:INFO:Set up folding strategy.
2026-02-26 16:07:57,413:INFO:Set up train/test split.
2026-02-26 16:07:57,421:INFO:Set up index.
2026-02-26 16:07:57,422:INFO:Assigning column types.
2026-02-26 16:07:57,427:INFO:Engine successfully changes for model 'lr' to 'sklearn'.
2026-02-26 16:07:57,428:INFO:Engine for model 'lasso' has not been set explicitly, hence returning None.
2026-02-26 16:07:57,430:INFO:Engine for model 'ridge' has not been set explicitly, hence returning None.
2026-02-26 16:07:57,435:INFO:Engine for model 'en' has not been set explicitly, hence returning None.
2026-02-26 16:07:57,485:INFO:Engine for model 'svm' has not been set explicitly, hence returning None.
2026-02-26 16:07:57,524:INFO:Engine for model 'knn' has not been set explicitly, hence returning None.
2026-02-26 16:07:57,524:INFO:Soft dependency imported: xgboost: 3.2.0
2026-02-26 16:07:57,526:WARNING:
'catboost' is a soft dependency and not included in the pycaret installation. Please run: `pip install catboost` to install.
Alternately, you can install this by running `pip install pycaret[models]`
2026-02-26 16:07:57,527:INFO:Engine for model 'lasso' has not been set explicitly, hence returning None.
2026-02-26 16:07:57,531:INFO:Engine for model 'ridge' has not been set explicitly, hence returning None.
2026-02-26 16:07:57,534:INFO:Engine for model 'en' has not been set explicitly, hence returning None.
2026-02-26 16:07:57,583:INFO:Engine for model 'svm' has not been set explicitly, hence returning None.
2026-02-26 16:07:57,618:INFO:Engine for model 'knn' has not been set explicitly, hence returning None.
2026-02-26 16:07:57,619:INFO:Soft dependency imported: xgboost: 3.2.0
2026-02-26 16:07:57,622:WARNING:
'catboost' is a soft dependency and not included in the pycaret installation. Please run: `pip install catboost` to install.
Alternately, you can install this by running `pip install pycaret[models]`
2026-02-26 16:07:57,622:INFO:Engine successfully changes for model 'lasso' to 'sklearn'.
2026-02-26 16:07:57,625:INFO:Engine for model 'ridge' has not been set explicitly, hence returning None.
2026-02-26 16:07:57,629:INFO:Engine for model 'en' has not been set explicitly, hence returning None.
2026-02-26 16:07:57,681:INFO:Engine for model 'svm' has not been set explicitly, hence returning None.
2026-02-26 16:07:57,720:INFO:Engine for model 'knn' has not been set explicitly, hence returning None.
2026-02-26 16:07:57,720:INFO:Soft dependency imported: xgboost: 3.2.0
2026-02-26 16:07:57,725:WARNING:
'catboost' is a soft dependency and not included in the pycaret installation. Please run: `pip install catboost` to install.
Alternately, you can install this by running `pip install pycaret[models]`
2026-02-26 16:07:57,729:INFO:Engine for model 'ridge' has not been set explicitly, hence returning None.
2026-02-26 16:07:57,733:INFO:Engine for model 'en' has not been set explicitly, hence returning None.
2026-02-26 16:07:57,791:INFO:Engine for model 'svm' has not been set explicitly, hence returning None.
2026-02-26 16:07:57,832:INFO:Engine for model 'knn' has not been set explicitly, hence returning None.
2026-02-26 16:07:57,834:INFO:Soft dependency imported: xgboost: 3.2.0
2026-02-26 16:07:57,836:WARNING:
'catboost' is a soft dependency and not included in the pycaret installation. Please run: `pip install catboost` to install.
Alternately, you can install this by running `pip install pycaret[models]`
2026-02-26 16:07:57,836:INFO:Engine successfully changes for model 'ridge' to 'sklearn'.
2026-02-26 16:07:57,844:INFO:Engine for model 'en' has not been set explicitly, hence returning None.
2026-02-26 16:07:57,896:INFO:Engine for model 'svm' has not been set explicitly, hence returning None.
2026-02-26 16:07:57,934:INFO:Engine for model 'knn' has not been set explicitly, hence returning None.
2026-02-26 16:07:57,934:INFO:Soft dependency imported: xgboost: 3.2.0
2026-02-26 16:07:57,937:WARNING:
'catboost' is a soft dependency and not included in the pycaret installation. Please run: `pip install catboost` to install.
Alternately, you can install this by running `pip install pycaret[models]`
2026-02-26 16:07:57,948:INFO:Engine for model 'en' has not been set explicitly, hence returning None.
2026-02-26 16:07:58,008:INFO:Engine for model 'svm' has not been set explicitly, hence returning None.
2026-02-26 16:07:58,045:INFO:Engine for model 'knn' has not been set explicitly, hence returning None.
2026-02-26 16:07:58,046:INFO:Soft dependency imported: xgboost: 3.2.0
2026-02-26 16:07:58,048:WARNING:
'catboost' is a soft dependency and not included in the pycaret installation. Please run: `pip install catboost` to install.
Alternately, you can install this by running `pip install pycaret[models]`
2026-02-26 16:07:58,049:INFO:Engine successfully changes for model 'en' to 'sklearn'.
2026-02-26 16:07:58,111:INFO:Engine for model 'svm' has not been set explicitly, hence returning None.
2026-02-26 16:07:58,150:INFO:Engine for model 'knn' has not been set explicitly, hence returning None.
2026-02-26 16:07:58,151:INFO:Soft dependency imported: xgboost: 3.2.0
2026-02-26 16:07:58,153:WARNING:
'catboost' is a soft dependency and not included in the pycaret installation. Please run: `pip install catboost` to install.
Alternately, you can install this by running `pip install pycaret[models]`
2026-02-26 16:07:58,211:INFO:Engine for model 'svm' has not been set explicitly, hence returning None.
2026-02-26 16:07:58,249:INFO:Engine for model 'knn' has not been set explicitly, hence returning None.
2026-02-26 16:07:58,249:INFO:Soft dependency imported: xgboost: 3.2.0
2026-02-26 16:07:58,251:WARNING:
'catboost' is a soft dependency and not included in the pycaret installation. Please run: `pip install catboost` to install.
Alternately, you can install this by running `pip install pycaret[models]`
2026-02-26 16:07:58,251:INFO:Engine successfully changes for model 'knn' to 'sklearn'.
2026-02-26 16:07:58,317:INFO:Engine for model 'svm' has not been set explicitly, hence returning None.
2026-02-26 16:07:58,353:INFO:Soft dependency imported: xgboost: 3.2.0
2026-02-26 16:07:58,356:WARNING:
'catboost' is a soft dependency and not included in the pycaret installation. Please run: `pip install catboost` to install.
Alternately, you can install this by running `pip install pycaret[models]`
2026-02-26 16:07:58,413:INFO:Engine for model 'svm' has not been set explicitly, hence returning None.
2026-02-26 16:07:58,447:INFO:Soft dependency imported: xgboost: 3.2.0
2026-02-26 16:07:58,448:WARNING:
'catboost' is a soft dependency and not included in the pycaret installation. Please run: `pip install catboost` to install.
Alternately, you can install this by running `pip install pycaret[models]`
2026-02-26 16:07:58,448:INFO:Engine successfully changes for model 'svm' to 'sklearn'.
2026-02-26 16:07:58,540:INFO:Soft dependency imported: xgboost: 3.2.0
2026-02-26 16:07:58,543:WARNING:
'catboost' is a soft dependency and not included in the pycaret installation. Please run: `pip install catboost` to install.
Alternately, you can install this by running `pip install pycaret[models]`
2026-02-26 16:07:58,640:INFO:Soft dependency imported: xgboost: 3.2.0
2026-02-26 16:07:58,643:WARNING:
'catboost' is a soft dependency and not included in the pycaret installation. Please run: `pip install catboost` to install.
Alternately, you can install this by running `pip install pycaret[models]`
2026-02-26 16:07:58,645:INFO:Preparing preprocessing pipeline...
2026-02-26 16:07:58,645:INFO:Set up simple imputation.
2026-02-26 16:07:58,649:INFO:Set up encoding of categorical features.
2026-02-26 16:07:58,649:INFO:Set up feature normalization.
2026-02-26 16:07:58,725:INFO:Finished creating preprocessing pipeline.
2026-02-26 16:07:58,731:INFO:Pipeline: Pipeline(memory=FastMemory(location=C:\Users\PLAYDA~1\AppData\Local\Temp\joblib),
         steps=[('numerical_imputer',
                 TransformerWrapper(include=['initial_voltage',
                                             'initial_impedance', 'v42_voltage',
                                             'v42_impedance', 'v25_voltage',
                                             'v25_impedance', 'v36_voltage',
                                             'v36_impedance',
                                             'impedance_delta_42',
                                             'impedance_delta_25',
                                             'impedance_delta_36',
                                             'impedance_ratio_42',
                                             '...
                                             'health_index'],
                                    transformer=SimpleImputer())),
                ('categorical_imputer',
                 TransformerWrapper(include=['cell_id'],
                                    transformer=SimpleImputer(strategy='most_frequent'))),
                ('rest_encoding',
                 TransformerWrapper(include=['cell_id'],
                                    transformer=TargetEncoder(cols=['cell_id'],
                                                              handle_missing='return_nan'))),
                ('normalize',
                 TransformerWrapper(transformer=StandardScaler()))])
2026-02-26 16:07:58,731:INFO:Creating final display dataframe.
2026-02-26 16:07:58,955:INFO:Setup _display_container:                     Description             Value
0                    Session id                42
1                        Target          capacity
2                   Target type        Regression
3           Original data shape        (1040, 26)
4        Transformed data shape        (1040, 26)
5   Transformed train set shape         (728, 26)
6    Transformed test set shape         (312, 26)
7              Numeric features                24
8          Categorical features                 1
9                    Preprocess              True
10              Imputation type            simple
11           Numeric imputation              mean
12       Categorical imputation              mode
13     Maximum one-hot encoding                25
14              Encoding method              None
15                    Normalize              True
16             Normalize method            zscore
17               Fold Generator             KFold
18                  Fold Number                 5
19                     CPU Jobs                -1
20                      Use GPU             False
21               Log Experiment             False
22              Experiment Name  reg-default-name
23                          USI              f2b1
2026-02-26 16:07:59,072:INFO:Soft dependency imported: xgboost: 3.2.0
2026-02-26 16:07:59,074:WARNING:
'catboost' is a soft dependency and not included in the pycaret installation. Please run: `pip install catboost` to install.
Alternately, you can install this by running `pip install pycaret[models]`
2026-02-26 16:07:59,174:INFO:Soft dependency imported: xgboost: 3.2.0
2026-02-26 16:07:59,177:WARNING:
'catboost' is a soft dependency and not included in the pycaret installation. Please run: `pip install catboost` to install.
Alternately, you can install this by running `pip install pycaret[models]`
2026-02-26 16:07:59,177:INFO:setup() successfully completed in 1.79s...............
2026-02-26 16:08:13,156:INFO:Initializing compare_models()
2026-02-26 16:08:13,156:INFO:compare_models(self=<pycaret.regression.oop.RegressionExperiment object at 0x0000023DBD4DEC90>, include=None, exclude=None, fold=None, round=4, cross_validation=True, sort=R2, n_select=3, budget_time=None, turbo=True, errors=ignore, fit_kwargs=None, groups=None, experiment_custom_tags=None, probability_threshold=None, verbose=True, parallel=None, caller_params={'self': <pycaret.regression.oop.RegressionExperiment object at 0x0000023DBD4DEC90>, 'include': None, 'exclude': None, 'fold': None, 'round': 4, 'cross_validation': True, 'sort': 'R2', 'n_select': 3, 'budget_time': None, 'turbo': True, 'errors': 'ignore', 'fit_kwargs': None, 'groups': None, 'experiment_custom_tags': None, 'engine': None, 'verbose': True, 'parallel': None, '__class__': <class 'pycaret.regression.oop.RegressionExperiment'>})
2026-02-26 16:08:13,156:INFO:Checking exceptions
2026-02-26 16:08:13,160:INFO:Preparing display monitor
2026-02-26 16:08:13,190:INFO:Initializing Linear Regression
2026-02-26 16:08:13,190:INFO:Total runtime is 0.0 minutes
2026-02-26 16:08:13,195:INFO:SubProcess create_model() called ==================================
2026-02-26 16:08:13,195:INFO:Initializing create_model()
2026-02-26 16:08:13,195:INFO:create_model(self=<pycaret.regression.oop.RegressionExperiment object at 0x0000023DBD4DEC90>, estimator=lr, fold=KFold(n_splits=5, random_state=None, shuffle=False), round=4, cross_validation=True, predict=True, fit_kwargs={}, groups=None, refit=False, probability_threshold=None, experiment_custom_tags=None, verbose=False, system=False, add_to_model_list=True, metrics=None, display=<pycaret.internal.display.display.CommonDisplay object at 0x0000023DC0779E50>, model_only=True, return_train_score=False, error_score=0.0, kwargs={})
2026-02-26 16:08:13,196:INFO:Checking exceptions
2026-02-26 16:08:13,196:INFO:Importing libraries
2026-02-26 16:08:13,196:INFO:Copying training dataset
2026-02-26 16:08:13,207:INFO:Defining folds
2026-02-26 16:08:13,207:INFO:Declaring metric variables
2026-02-26 16:08:13,211:INFO:Importing untrained model
2026-02-26 16:08:13,216:INFO:Linear Regression Imported successfully
2026-02-26 16:08:13,228:INFO:Starting cross validation
2026-02-26 16:08:13,240:INFO:Cross validating with KFold(n_splits=5, random_state=None, shuffle=False), n_jobs=-1
2026-02-26 16:08:18,804:WARNING:c:\Users\Playdata2\miniconda3\envs\battery_env\Lib\site-packages\_distutils_hack\__init__.py:30: UserWarning: Setuptools is replacing distutils. Support for replacing an already imported distutils is deprecated. In the future, this condition will fail. Register concerns at https://github.com/pypa/setuptools/issues/new?template=distutils-deprecation.yml
  warnings.warn(

2026-02-26 16:08:18,807:WARNING:c:\Users\Playdata2\miniconda3\envs\battery_env\Lib\site-packages\_distutils_hack\__init__.py:30: UserWarning: Setuptools is replacing distutils. Support for replacing an already imported distutils is deprecated. In the future, this condition will fail. Register concerns at https://github.com/pypa/setuptools/issues/new?template=distutils-deprecation.yml
  warnings.warn(

2026-02-26 16:08:18,809:WARNING:c:\Users\Playdata2\miniconda3\envs\battery_env\Lib\site-packages\_distutils_hack\__init__.py:30: UserWarning: Setuptools is replacing distutils. Support for replacing an already imported distutils is deprecated. In the future, this condition will fail. Register concerns at https://github.com/pypa/setuptools/issues/new?template=distutils-deprecation.yml
  warnings.warn(

2026-02-26 16:08:18,813:WARNING:c:\Users\Playdata2\miniconda3\envs\battery_env\Lib\site-packages\_distutils_hack\__init__.py:30: UserWarning: Setuptools is replacing distutils. Support for replacing an already imported distutils is deprecated. In the future, this condition will fail. Register concerns at https://github.com/pypa/setuptools/issues/new?template=distutils-deprecation.yml
  warnings.warn(

2026-02-26 16:08:18,815:WARNING:c:\Users\Playdata2\miniconda3\envs\battery_env\Lib\site-packages\_distutils_hack\__init__.py:30: UserWarning: Setuptools is replacing distutils. Support for replacing an already imported distutils is deprecated. In the future, this condition will fail. Register concerns at https://github.com/pypa/setuptools/issues/new?template=distutils-deprecation.yml
  warnings.warn(

2026-02-26 16:08:18,991:INFO:Calculating mean and std
2026-02-26 16:08:18,993:INFO:Creating metrics dataframe
2026-02-26 16:08:19,006:INFO:Uploading results into container
2026-02-26 16:08:19,008:INFO:Uploading model into container now
2026-02-26 16:08:19,008:INFO:_master_model_container: 1
2026-02-26 16:08:19,009:INFO:_display_container: 2
2026-02-26 16:08:19,009:INFO:LinearRegression(n_jobs=-1)
2026-02-26 16:08:19,009:INFO:create_model() successfully completed......................................
2026-02-26 16:08:19,211:INFO:SubProcess create_model() end ==================================
2026-02-26 16:08:19,211:INFO:Creating metrics dataframe
2026-02-26 16:08:19,218:INFO:Initializing Lasso Regression
2026-02-26 16:08:19,218:INFO:Total runtime is 0.10045872529347738 minutes
2026-02-26 16:08:19,223:INFO:SubProcess create_model() called ==================================
2026-02-26 16:08:19,223:INFO:Initializing create_model()
2026-02-26 16:08:19,223:INFO:create_model(self=<pycaret.regression.oop.RegressionExperiment object at 0x0000023DBD4DEC90>, estimator=lasso, fold=KFold(n_splits=5, random_state=None, shuffle=False), round=4, cross_validation=True, predict=True, fit_kwargs={}, groups=None, refit=False, probability_threshold=None, experiment_custom_tags=None, verbose=False, system=False, add_to_model_list=True, metrics=None, display=<pycaret.internal.display.display.CommonDisplay object at 0x0000023DC0779E50>, model_only=True, return_train_score=False, error_score=0.0, kwargs={})
2026-02-26 16:08:19,223:INFO:Checking exceptions
2026-02-26 16:08:19,223:INFO:Importing libraries
2026-02-26 16:08:19,223:INFO:Copying training dataset
2026-02-26 16:08:19,228:INFO:Defining folds
2026-02-26 16:08:19,228:INFO:Declaring metric variables
2026-02-26 16:08:19,232:INFO:Importing untrained model
2026-02-26 16:08:19,238:INFO:Lasso Regression Imported successfully
2026-02-26 16:08:19,248:INFO:Starting cross validation
2026-02-26 16:08:19,250:INFO:Cross validating with KFold(n_splits=5, random_state=None, shuffle=False), n_jobs=-1
2026-02-26 16:08:23,052:WARNING:c:\Users\Playdata2\miniconda3\envs\battery_env\Lib\site-packages\_distutils_hack\__init__.py:30: UserWarning: Setuptools is replacing distutils. Support for replacing an already imported distutils is deprecated. In the future, this condition will fail. Register concerns at https://github.com/pypa/setuptools/issues/new?template=distutils-deprecation.yml
  warnings.warn(

2026-02-26 16:08:23,105:WARNING:c:\Users\Playdata2\miniconda3\envs\battery_env\Lib\site-packages\_distutils_hack\__init__.py:30: UserWarning: Setuptools is replacing distutils. Support for replacing an already imported distutils is deprecated. In the future, this condition will fail. Register concerns at https://github.com/pypa/setuptools/issues/new?template=distutils-deprecation.yml
  warnings.warn(

2026-02-26 16:08:23,121:WARNING:c:\Users\Playdata2\miniconda3\envs\battery_env\Lib\site-packages\_distutils_hack\__init__.py:30: UserWarning: Setuptools is replacing distutils. Support for replacing an already imported distutils is deprecated. In the future, this condition will fail. Register concerns at https://github.com/pypa/setuptools/issues/new?template=distutils-deprecation.yml
  warnings.warn(

2026-02-26 16:08:23,248:INFO:Calculating mean and std
2026-02-26 16:08:23,249:INFO:Creating metrics dataframe
2026-02-26 16:08:23,253:INFO:Uploading results into container
2026-02-26 16:08:23,254:INFO:Uploading model into container now
2026-02-26 16:08:23,255:INFO:_master_model_container: 2
2026-02-26 16:08:23,255:INFO:_display_container: 2
2026-02-26 16:08:23,255:INFO:Lasso(random_state=42)
2026-02-26 16:08:23,256:INFO:create_model() successfully completed......................................
2026-02-26 16:08:23,417:INFO:SubProcess create_model() end ==================================
2026-02-26 16:08:23,417:INFO:Creating metrics dataframe
2026-02-26 16:08:23,424:INFO:Initializing Ridge Regression
2026-02-26 16:08:23,424:INFO:Total runtime is 0.17056943972905478 minutes
2026-02-26 16:08:23,428:INFO:SubProcess create_model() called ==================================
2026-02-26 16:08:23,428:INFO:Initializing create_model()
2026-02-26 16:08:23,428:INFO:create_model(self=<pycaret.regression.oop.RegressionExperiment object at 0x0000023DBD4DEC90>, estimator=ridge, fold=KFold(n_splits=5, random_state=None, shuffle=False), round=4, cross_validation=True, predict=True, fit_kwargs={}, groups=None, refit=False, probability_threshold=None, experiment_custom_tags=None, verbose=False, system=False, add_to_model_list=True, metrics=None, display=<pycaret.internal.display.display.CommonDisplay object at 0x0000023DC0779E50>, model_only=True, return_train_score=False, error_score=0.0, kwargs={})
2026-02-26 16:08:23,428:INFO:Checking exceptions
2026-02-26 16:08:23,428:INFO:Importing libraries
2026-02-26 16:08:23,428:INFO:Copying training dataset
2026-02-26 16:08:23,433:INFO:Defining folds
2026-02-26 16:08:23,433:INFO:Declaring metric variables
2026-02-26 16:08:23,439:INFO:Importing untrained model
2026-02-26 16:08:23,444:INFO:Ridge Regression Imported successfully
2026-02-26 16:08:23,452:INFO:Starting cross validation
2026-02-26 16:08:23,455:INFO:Cross validating with KFold(n_splits=5, random_state=None, shuffle=False), n_jobs=-1
2026-02-26 16:08:23,570:INFO:Calculating mean and std
2026-02-26 16:08:23,571:INFO:Creating metrics dataframe
2026-02-26 16:08:23,573:INFO:Uploading results into container
2026-02-26 16:08:23,573:INFO:Uploading model into container now
2026-02-26 16:08:23,574:INFO:_master_model_container: 3
2026-02-26 16:08:23,574:INFO:_display_container: 2
2026-02-26 16:08:23,574:INFO:Ridge(random_state=42)
2026-02-26 16:08:23,574:INFO:create_model() successfully completed......................................
2026-02-26 16:08:23,736:INFO:SubProcess create_model() end ==================================
2026-02-26 16:08:23,736:INFO:Creating metrics dataframe
2026-02-26 16:08:23,743:INFO:Initializing Elastic Net
2026-02-26 16:08:23,743:INFO:Total runtime is 0.17587820688883465 minutes
2026-02-26 16:08:23,746:INFO:SubProcess create_model() called ==================================
2026-02-26 16:08:23,746:INFO:Initializing create_model()
2026-02-26 16:08:23,746:INFO:create_model(self=<pycaret.regression.oop.RegressionExperiment object at 0x0000023DBD4DEC90>, estimator=en, fold=KFold(n_splits=5, random_state=None, shuffle=False), round=4, cross_validation=True, predict=True, fit_kwargs={}, groups=None, refit=False, probability_threshold=None, experiment_custom_tags=None, verbose=False, system=False, add_to_model_list=True, metrics=None, display=<pycaret.internal.display.display.CommonDisplay object at 0x0000023DC0779E50>, model_only=True, return_train_score=False, error_score=0.0, kwargs={})
2026-02-26 16:08:23,746:INFO:Checking exceptions
2026-02-26 16:08:23,746:INFO:Importing libraries
2026-02-26 16:08:23,746:INFO:Copying training dataset
2026-02-26 16:08:23,753:INFO:Defining folds
2026-02-26 16:08:23,753:INFO:Declaring metric variables
2026-02-26 16:08:23,758:INFO:Importing untrained model
2026-02-26 16:08:23,762:INFO:Elastic Net Imported successfully
2026-02-26 16:08:23,770:INFO:Starting cross validation
2026-02-26 16:08:23,772:INFO:Cross validating with KFold(n_splits=5, random_state=None, shuffle=False), n_jobs=-1
2026-02-26 16:08:23,886:INFO:Calculating mean and std
2026-02-26 16:08:23,887:INFO:Creating metrics dataframe
2026-02-26 16:08:23,889:INFO:Uploading results into container
2026-02-26 16:08:23,889:INFO:Uploading model into container now
2026-02-26 16:08:23,890:INFO:_master_model_container: 4
2026-02-26 16:08:23,890:INFO:_display_container: 2
2026-02-26 16:08:23,890:INFO:ElasticNet(random_state=42)
2026-02-26 16:08:23,890:INFO:create_model() successfully completed......................................
2026-02-26 16:08:24,052:INFO:SubProcess create_model() end ==================================
2026-02-26 16:08:24,053:INFO:Creating metrics dataframe
2026-02-26 16:08:24,059:INFO:Initializing Least Angle Regression
2026-02-26 16:08:24,059:INFO:Total runtime is 0.1811546285947164 minutes
2026-02-26 16:08:24,062:INFO:SubProcess create_model() called ==================================
2026-02-26 16:08:24,063:INFO:Initializing create_model()
2026-02-26 16:08:24,063:INFO:create_model(self=<pycaret.regression.oop.RegressionExperiment object at 0x0000023DBD4DEC90>, estimator=lar, fold=KFold(n_splits=5, random_state=None, shuffle=False), round=4, cross_validation=True, predict=True, fit_kwargs={}, groups=None, refit=False, probability_threshold=None, experiment_custom_tags=None, verbose=False, system=False, add_to_model_list=True, metrics=None, display=<pycaret.internal.display.display.CommonDisplay object at 0x0000023DC0779E50>, model_only=True, return_train_score=False, error_score=0.0, kwargs={})
2026-02-26 16:08:24,063:INFO:Checking exceptions
2026-02-26 16:08:24,063:INFO:Importing libraries
2026-02-26 16:08:24,063:INFO:Copying training dataset
2026-02-26 16:08:24,070:INFO:Defining folds
2026-02-26 16:08:24,071:INFO:Declaring metric variables
2026-02-26 16:08:24,074:INFO:Importing untrained model
2026-02-26 16:08:24,080:INFO:Least Angle Regression Imported successfully
2026-02-26 16:08:24,090:INFO:Starting cross validation
2026-02-26 16:08:24,092:INFO:Cross validating with KFold(n_splits=5, random_state=None, shuffle=False), n_jobs=-1
2026-02-26 16:08:24,204:INFO:Calculating mean and std
2026-02-26 16:08:24,206:INFO:Creating metrics dataframe
2026-02-26 16:08:24,207:INFO:Uploading results into container
2026-02-26 16:08:24,208:INFO:Uploading model into container now
2026-02-26 16:08:24,208:INFO:_master_model_container: 5
2026-02-26 16:08:24,208:INFO:_display_container: 2
2026-02-26 16:08:24,209:INFO:Lars(random_state=42)
2026-02-26 16:08:24,209:INFO:create_model() successfully completed......................................
2026-02-26 16:08:24,353:INFO:SubProcess create_model() end ==================================
2026-02-26 16:08:24,353:INFO:Creating metrics dataframe
2026-02-26 16:08:24,359:INFO:Initializing Lasso Least Angle Regression
2026-02-26 16:08:24,361:INFO:Total runtime is 0.18617792129516603 minutes
2026-02-26 16:08:24,363:INFO:SubProcess create_model() called ==================================
2026-02-26 16:08:24,363:INFO:Initializing create_model()
2026-02-26 16:08:24,363:INFO:create_model(self=<pycaret.regression.oop.RegressionExperiment object at 0x0000023DBD4DEC90>, estimator=llar, fold=KFold(n_splits=5, random_state=None, shuffle=False), round=4, cross_validation=True, predict=True, fit_kwargs={}, groups=None, refit=False, probability_threshold=None, experiment_custom_tags=None, verbose=False, system=False, add_to_model_list=True, metrics=None, display=<pycaret.internal.display.display.CommonDisplay object at 0x0000023DC0779E50>, model_only=True, return_train_score=False, error_score=0.0, kwargs={})
2026-02-26 16:08:24,363:INFO:Checking exceptions
2026-02-26 16:08:24,363:INFO:Importing libraries
2026-02-26 16:08:24,365:INFO:Copying training dataset
2026-02-26 16:08:24,369:INFO:Defining folds
2026-02-26 16:08:24,370:INFO:Declaring metric variables
2026-02-26 16:08:24,374:INFO:Importing untrained model
2026-02-26 16:08:24,379:INFO:Lasso Least Angle Regression Imported successfully
2026-02-26 16:08:24,386:INFO:Starting cross validation
2026-02-26 16:08:24,388:INFO:Cross validating with KFold(n_splits=5, random_state=None, shuffle=False), n_jobs=-1
2026-02-26 16:08:24,490:INFO:Calculating mean and std
2026-02-26 16:08:24,491:INFO:Creating metrics dataframe
2026-02-26 16:08:24,493:INFO:Uploading results into container
2026-02-26 16:08:24,493:INFO:Uploading model into container now
2026-02-26 16:08:24,494:INFO:_master_model_container: 6
2026-02-26 16:08:24,494:INFO:_display_container: 2
2026-02-26 16:08:24,494:INFO:LassoLars(random_state=42)
2026-02-26 16:08:24,495:INFO:create_model() successfully completed......................................
2026-02-26 16:08:24,636:INFO:SubProcess create_model() end ==================================
2026-02-26 16:08:24,636:INFO:Creating metrics dataframe
2026-02-26 16:08:24,644:INFO:Initializing Orthogonal Matching Pursuit
2026-02-26 16:08:24,645:INFO:Total runtime is 0.19091189702351888 minutes
2026-02-26 16:08:24,647:INFO:SubProcess create_model() called ==================================
2026-02-26 16:08:24,647:INFO:Initializing create_model()
2026-02-26 16:08:24,647:INFO:create_model(self=<pycaret.regression.oop.RegressionExperiment object at 0x0000023DBD4DEC90>, estimator=omp, fold=KFold(n_splits=5, random_state=None, shuffle=False), round=4, cross_validation=True, predict=True, fit_kwargs={}, groups=None, refit=False, probability_threshold=None, experiment_custom_tags=None, verbose=False, system=False, add_to_model_list=True, metrics=None, display=<pycaret.internal.display.display.CommonDisplay object at 0x0000023DC0779E50>, model_only=True, return_train_score=False, error_score=0.0, kwargs={})
2026-02-26 16:08:24,647:INFO:Checking exceptions
2026-02-26 16:08:24,647:INFO:Importing libraries
2026-02-26 16:08:24,648:INFO:Copying training dataset
2026-02-26 16:08:24,655:INFO:Defining folds
2026-02-26 16:08:24,655:INFO:Declaring metric variables
2026-02-26 16:08:24,659:INFO:Importing untrained model
2026-02-26 16:08:24,663:INFO:Orthogonal Matching Pursuit Imported successfully
2026-02-26 16:08:24,674:INFO:Starting cross validation
2026-02-26 16:08:24,675:INFO:Cross validating with KFold(n_splits=5, random_state=None, shuffle=False), n_jobs=-1
2026-02-26 16:08:24,744:WARNING:c:\Users\Playdata2\miniconda3\envs\battery_env\Lib\site-packages\sklearn\utils\_param_validation.py:186: RuntimeWarning: Orthogonal matching pursuit ended prematurely due to linear dependence in the dictionary. The requested precision might not have been met.
  return func(*args, **kwargs)

2026-02-26 16:08:24,748:WARNING:c:\Users\Playdata2\miniconda3\envs\battery_env\Lib\site-packages\sklearn\utils\_param_validation.py:186: RuntimeWarning: Orthogonal matching pursuit ended prematurely due to linear dependence in the dictionary. The requested precision might not have been met.
  return func(*args, **kwargs)

2026-02-26 16:08:24,751:WARNING:c:\Users\Playdata2\miniconda3\envs\battery_env\Lib\site-packages\sklearn\utils\_param_validation.py:186: RuntimeWarning: Orthogonal matching pursuit ended prematurely due to linear dependence in the dictionary. The requested precision might not have been met.
  return func(*args, **kwargs)

2026-02-26 16:08:24,754:WARNING:c:\Users\Playdata2\miniconda3\envs\battery_env\Lib\site-packages\sklearn\utils\_param_validation.py:186: RuntimeWarning: Orthogonal matching pursuit ended prematurely due to linear dependence in the dictionary. The requested precision might not have been met.
  return func(*args, **kwargs)

2026-02-26 16:08:24,757:WARNING:c:\Users\Playdata2\miniconda3\envs\battery_env\Lib\site-packages\sklearn\utils\_param_validation.py:186: RuntimeWarning: Orthogonal matching pursuit ended prematurely due to linear dependence in the dictionary. The requested precision might not have been met.
  return func(*args, **kwargs)

2026-02-26 16:08:24,790:INFO:Calculating mean and std
2026-02-26 16:08:24,790:INFO:Creating metrics dataframe
2026-02-26 16:08:24,793:INFO:Uploading results into container
2026-02-26 16:08:24,793:INFO:Uploading model into container now
2026-02-26 16:08:24,794:INFO:_master_model_container: 7
2026-02-26 16:08:24,794:INFO:_display_container: 2
2026-02-26 16:08:24,794:INFO:OrthogonalMatchingPursuit()
2026-02-26 16:08:24,795:INFO:create_model() successfully completed......................................
2026-02-26 16:08:24,941:INFO:SubProcess create_model() end ==================================
2026-02-26 16:08:24,941:INFO:Creating metrics dataframe
2026-02-26 16:08:24,947:INFO:Initializing Bayesian Ridge
2026-02-26 16:08:24,948:INFO:Total runtime is 0.19596948623657226 minutes
2026-02-26 16:08:24,952:INFO:SubProcess create_model() called ==================================
2026-02-26 16:08:24,952:INFO:Initializing create_model()
2026-02-26 16:08:24,953:INFO:create_model(self=<pycaret.regression.oop.RegressionExperiment object at 0x0000023DBD4DEC90>, estimator=br, fold=KFold(n_splits=5, random_state=None, shuffle=False), round=4, cross_validation=True, predict=True, fit_kwargs={}, groups=None, refit=False, probability_threshold=None, experiment_custom_tags=None, verbose=False, system=False, add_to_model_list=True, metrics=None, display=<pycaret.internal.display.display.CommonDisplay object at 0x0000023DC0779E50>, model_only=True, return_train_score=False, error_score=0.0, kwargs={})
2026-02-26 16:08:24,953:INFO:Checking exceptions
2026-02-26 16:08:24,953:INFO:Importing libraries
2026-02-26 16:08:24,953:INFO:Copying training dataset
2026-02-26 16:08:24,962:INFO:Defining folds
2026-02-26 16:08:24,962:INFO:Declaring metric variables
2026-02-26 16:08:24,967:INFO:Importing untrained model
2026-02-26 16:08:24,973:INFO:Bayesian Ridge Imported successfully
2026-02-26 16:08:24,981:INFO:Starting cross validation
2026-02-26 16:08:24,982:INFO:Cross validating with KFold(n_splits=5, random_state=None, shuffle=False), n_jobs=-1
2026-02-26 16:08:25,092:INFO:Calculating mean and std
2026-02-26 16:08:25,093:INFO:Creating metrics dataframe
2026-02-26 16:08:25,094:INFO:Uploading results into container
2026-02-26 16:08:25,094:INFO:Uploading model into container now
2026-02-26 16:08:25,095:INFO:_master_model_container: 8
2026-02-26 16:08:25,095:INFO:_display_container: 2
2026-02-26 16:08:25,095:INFO:BayesianRidge()
2026-02-26 16:08:25,099:INFO:create_model() successfully completed......................................
2026-02-26 16:08:25,252:INFO:SubProcess create_model() end ==================================
2026-02-26 16:08:25,253:INFO:Creating metrics dataframe
2026-02-26 16:08:25,263:INFO:Initializing Passive Aggressive Regressor
2026-02-26 16:08:25,263:INFO:Total runtime is 0.20122130314509074 minutes
2026-02-26 16:08:25,267:INFO:SubProcess create_model() called ==================================
2026-02-26 16:08:25,268:INFO:Initializing create_model()
2026-02-26 16:08:25,268:INFO:create_model(self=<pycaret.regression.oop.RegressionExperiment object at 0x0000023DBD4DEC90>, estimator=par, fold=KFold(n_splits=5, random_state=None, shuffle=False), round=4, cross_validation=True, predict=True, fit_kwargs={}, groups=None, refit=False, probability_threshold=None, experiment_custom_tags=None, verbose=False, system=False, add_to_model_list=True, metrics=None, display=<pycaret.internal.display.display.CommonDisplay object at 0x0000023DC0779E50>, model_only=True, return_train_score=False, error_score=0.0, kwargs={})
2026-02-26 16:08:25,268:INFO:Checking exceptions
2026-02-26 16:08:25,268:INFO:Importing libraries
2026-02-26 16:08:25,268:INFO:Copying training dataset
2026-02-26 16:08:25,275:INFO:Defining folds
2026-02-26 16:08:25,275:INFO:Declaring metric variables
2026-02-26 16:08:25,279:INFO:Importing untrained model
2026-02-26 16:08:25,284:INFO:Passive Aggressive Regressor Imported successfully
2026-02-26 16:08:25,294:INFO:Starting cross validation
2026-02-26 16:08:25,295:INFO:Cross validating with KFold(n_splits=5, random_state=None, shuffle=False), n_jobs=-1
2026-02-26 16:08:25,405:INFO:Calculating mean and std
2026-02-26 16:08:25,407:INFO:Creating metrics dataframe
2026-02-26 16:08:25,409:INFO:Uploading results into container
2026-02-26 16:08:25,410:INFO:Uploading model into container now
2026-02-26 16:08:25,410:INFO:_master_model_container: 9
2026-02-26 16:08:25,410:INFO:_display_container: 2
2026-02-26 16:08:25,411:INFO:PassiveAggressiveRegressor(random_state=42)
2026-02-26 16:08:25,411:INFO:create_model() successfully completed......................................
2026-02-26 16:08:25,557:INFO:SubProcess create_model() end ==================================
2026-02-26 16:08:25,558:INFO:Creating metrics dataframe
2026-02-26 16:08:25,565:INFO:Initializing Huber Regressor
2026-02-26 16:08:25,565:INFO:Total runtime is 0.2062458872795105 minutes
2026-02-26 16:08:25,568:INFO:SubProcess create_model() called ==================================
2026-02-26 16:08:25,568:INFO:Initializing create_model()
2026-02-26 16:08:25,568:INFO:create_model(self=<pycaret.regression.oop.RegressionExperiment object at 0x0000023DBD4DEC90>, estimator=huber, fold=KFold(n_splits=5, random_state=None, shuffle=False), round=4, cross_validation=True, predict=True, fit_kwargs={}, groups=None, refit=False, probability_threshold=None, experiment_custom_tags=None, verbose=False, system=False, add_to_model_list=True, metrics=None, display=<pycaret.internal.display.display.CommonDisplay object at 0x0000023DC0779E50>, model_only=True, return_train_score=False, error_score=0.0, kwargs={})
2026-02-26 16:08:25,569:INFO:Checking exceptions
2026-02-26 16:08:25,569:INFO:Importing libraries
2026-02-26 16:08:25,569:INFO:Copying training dataset
2026-02-26 16:08:25,577:INFO:Defining folds
2026-02-26 16:08:25,578:INFO:Declaring metric variables
2026-02-26 16:08:25,581:INFO:Importing untrained model
2026-02-26 16:08:25,588:INFO:Huber Regressor Imported successfully
2026-02-26 16:08:25,614:INFO:Starting cross validation
2026-02-26 16:08:25,616:INFO:Cross validating with KFold(n_splits=5, random_state=None, shuffle=False), n_jobs=-1
2026-02-26 16:08:25,732:WARNING:c:\Users\Playdata2\miniconda3\envs\battery_env\Lib\site-packages\sklearn\linear_model\_huber.py:342: ConvergenceWarning: lbfgs failed to converge (status=1):
STOP: TOTAL NO. of ITERATIONS REACHED LIMIT.

Increase the number of iterations (max_iter) or scale the data as shown in:
    https://scikit-learn.org/stable/modules/preprocessing.html
  self.n_iter_ = _check_optimize_result("lbfgs", opt_res, self.max_iter)

2026-02-26 16:08:25,747:WARNING:c:\Users\Playdata2\miniconda3\envs\battery_env\Lib\site-packages\sklearn\linear_model\_huber.py:342: ConvergenceWarning: lbfgs failed to converge (status=1):
STOP: TOTAL NO. of ITERATIONS REACHED LIMIT.

Increase the number of iterations (max_iter) or scale the data as shown in:
    https://scikit-learn.org/stable/modules/preprocessing.html
  self.n_iter_ = _check_optimize_result("lbfgs", opt_res, self.max_iter)

2026-02-26 16:08:25,749:WARNING:c:\Users\Playdata2\miniconda3\envs\battery_env\Lib\site-packages\sklearn\linear_model\_huber.py:342: ConvergenceWarning: lbfgs failed to converge (status=1):
STOP: TOTAL NO. of ITERATIONS REACHED LIMIT.

Increase the number of iterations (max_iter) or scale the data as shown in:
    https://scikit-learn.org/stable/modules/preprocessing.html
  self.n_iter_ = _check_optimize_result("lbfgs", opt_res, self.max_iter)

2026-02-26 16:08:25,758:WARNING:c:\Users\Playdata2\miniconda3\envs\battery_env\Lib\site-packages\sklearn\linear_model\_huber.py:342: ConvergenceWarning: lbfgs failed to converge (status=1):
STOP: TOTAL NO. of ITERATIONS REACHED LIMIT.

Increase the number of iterations (max_iter) or scale the data as shown in:
    https://scikit-learn.org/stable/modules/preprocessing.html
  self.n_iter_ = _check_optimize_result("lbfgs", opt_res, self.max_iter)

2026-02-26 16:08:25,763:WARNING:c:\Users\Playdata2\miniconda3\envs\battery_env\Lib\site-packages\sklearn\linear_model\_huber.py:342: ConvergenceWarning: lbfgs failed to converge (status=1):
STOP: TOTAL NO. of ITERATIONS REACHED LIMIT.

Increase the number of iterations (max_iter) or scale the data as shown in:
    https://scikit-learn.org/stable/modules/preprocessing.html
  self.n_iter_ = _check_optimize_result("lbfgs", opt_res, self.max_iter)

2026-02-26 16:08:25,797:INFO:Calculating mean and std
2026-02-26 16:08:25,797:INFO:Creating metrics dataframe
2026-02-26 16:08:25,800:INFO:Uploading results into container
2026-02-26 16:08:25,800:INFO:Uploading model into container now
2026-02-26 16:08:25,801:INFO:_master_model_container: 10
2026-02-26 16:08:25,801:INFO:_display_container: 2
2026-02-26 16:08:25,801:INFO:HuberRegressor()
2026-02-26 16:08:25,802:INFO:create_model() successfully completed......................................
2026-02-26 16:08:25,969:INFO:SubProcess create_model() end ==================================
2026-02-26 16:08:25,969:INFO:Creating metrics dataframe
2026-02-26 16:08:25,978:INFO:Initializing K Neighbors Regressor
2026-02-26 16:08:25,978:INFO:Total runtime is 0.21312763690948486 minutes
2026-02-26 16:08:25,982:INFO:SubProcess create_model() called ==================================
2026-02-26 16:08:25,982:INFO:Initializing create_model()
2026-02-26 16:08:25,982:INFO:create_model(self=<pycaret.regression.oop.RegressionExperiment object at 0x0000023DBD4DEC90>, estimator=knn, fold=KFold(n_splits=5, random_state=None, shuffle=False), round=4, cross_validation=True, predict=True, fit_kwargs={}, groups=None, refit=False, probability_threshold=None, experiment_custom_tags=None, verbose=False, system=False, add_to_model_list=True, metrics=None, display=<pycaret.internal.display.display.CommonDisplay object at 0x0000023DC0779E50>, model_only=True, return_train_score=False, error_score=0.0, kwargs={})
2026-02-26 16:08:25,982:INFO:Checking exceptions
2026-02-26 16:08:25,982:INFO:Importing libraries
2026-02-26 16:08:25,982:INFO:Copying training dataset
2026-02-26 16:08:25,990:INFO:Defining folds
2026-02-26 16:08:25,990:INFO:Declaring metric variables
2026-02-26 16:08:25,995:INFO:Importing untrained model
2026-02-26 16:08:25,998:INFO:K Neighbors Regressor Imported successfully
2026-02-26 16:08:26,007:INFO:Starting cross validation
2026-02-26 16:08:26,010:INFO:Cross validating with KFold(n_splits=5, random_state=None, shuffle=False), n_jobs=-1
2026-02-26 16:08:26,119:INFO:Calculating mean and std
2026-02-26 16:08:26,120:INFO:Creating metrics dataframe
2026-02-26 16:08:26,124:INFO:Uploading results into container
2026-02-26 16:08:26,125:INFO:Uploading model into container now
2026-02-26 16:08:26,125:INFO:_master_model_container: 11
2026-02-26 16:08:26,125:INFO:_display_container: 2
2026-02-26 16:08:26,125:INFO:KNeighborsRegressor(n_jobs=-1)
2026-02-26 16:08:26,126:INFO:create_model() successfully completed......................................
2026-02-26 16:08:26,287:INFO:SubProcess create_model() end ==================================
2026-02-26 16:08:26,288:INFO:Creating metrics dataframe
2026-02-26 16:08:26,296:INFO:Initializing Decision Tree Regressor
2026-02-26 16:08:26,296:INFO:Total runtime is 0.2184334675470988 minutes
2026-02-26 16:08:26,299:INFO:SubProcess create_model() called ==================================
2026-02-26 16:08:26,300:INFO:Initializing create_model()
2026-02-26 16:08:26,300:INFO:create_model(self=<pycaret.regression.oop.RegressionExperiment object at 0x0000023DBD4DEC90>, estimator=dt, fold=KFold(n_splits=5, random_state=None, shuffle=False), round=4, cross_validation=True, predict=True, fit_kwargs={}, groups=None, refit=False, probability_threshold=None, experiment_custom_tags=None, verbose=False, system=False, add_to_model_list=True, metrics=None, display=<pycaret.internal.display.display.CommonDisplay object at 0x0000023DC0779E50>, model_only=True, return_train_score=False, error_score=0.0, kwargs={})
2026-02-26 16:08:26,300:INFO:Checking exceptions
2026-02-26 16:08:26,300:INFO:Importing libraries
2026-02-26 16:08:26,300:INFO:Copying training dataset
2026-02-26 16:08:26,307:INFO:Defining folds
2026-02-26 16:08:26,307:INFO:Declaring metric variables
2026-02-26 16:08:26,310:INFO:Importing untrained model
2026-02-26 16:08:26,315:INFO:Decision Tree Regressor Imported successfully
2026-02-26 16:08:26,324:INFO:Starting cross validation
2026-02-26 16:08:26,326:INFO:Cross validating with KFold(n_splits=5, random_state=None, shuffle=False), n_jobs=-1
2026-02-26 16:08:26,455:INFO:Calculating mean and std
2026-02-26 16:08:26,456:INFO:Creating metrics dataframe
2026-02-26 16:08:26,458:INFO:Uploading results into container
2026-02-26 16:08:26,460:INFO:Uploading model into container now
2026-02-26 16:08:26,461:INFO:_master_model_container: 12
2026-02-26 16:08:26,461:INFO:_display_container: 2
2026-02-26 16:08:26,461:INFO:DecisionTreeRegressor(random_state=42)
2026-02-26 16:08:26,461:INFO:create_model() successfully completed......................................
2026-02-26 16:08:26,607:INFO:SubProcess create_model() end ==================================
2026-02-26 16:08:26,608:INFO:Creating metrics dataframe
2026-02-26 16:08:26,615:INFO:Initializing Random Forest Regressor
2026-02-26 16:08:26,616:INFO:Total runtime is 0.2237665096918742 minutes
2026-02-26 16:08:26,619:INFO:SubProcess create_model() called ==================================
2026-02-26 16:08:26,619:INFO:Initializing create_model()
2026-02-26 16:08:26,620:INFO:create_model(self=<pycaret.regression.oop.RegressionExperiment object at 0x0000023DBD4DEC90>, estimator=rf, fold=KFold(n_splits=5, random_state=None, shuffle=False), round=4, cross_validation=True, predict=True, fit_kwargs={}, groups=None, refit=False, probability_threshold=None, experiment_custom_tags=None, verbose=False, system=False, add_to_model_list=True, metrics=None, display=<pycaret.internal.display.display.CommonDisplay object at 0x0000023DC0779E50>, model_only=True, return_train_score=False, error_score=0.0, kwargs={})
2026-02-26 16:08:26,620:INFO:Checking exceptions
2026-02-26 16:08:26,620:INFO:Importing libraries
2026-02-26 16:08:26,620:INFO:Copying training dataset
2026-02-26 16:08:26,628:INFO:Defining folds
2026-02-26 16:08:26,628:INFO:Declaring metric variables
2026-02-26 16:08:26,632:INFO:Importing untrained model
2026-02-26 16:08:26,636:INFO:Random Forest Regressor Imported successfully
2026-02-26 16:08:26,646:INFO:Starting cross validation
2026-02-26 16:08:26,647:INFO:Cross validating with KFold(n_splits=5, random_state=None, shuffle=False), n_jobs=-1
2026-02-26 16:08:27,601:INFO:Calculating mean and std
2026-02-26 16:08:27,601:INFO:Creating metrics dataframe
2026-02-26 16:08:27,604:INFO:Uploading results into container
2026-02-26 16:08:27,605:INFO:Uploading model into container now
2026-02-26 16:08:27,606:INFO:_master_model_container: 13
2026-02-26 16:08:27,606:INFO:_display_container: 2
2026-02-26 16:08:27,607:INFO:RandomForestRegressor(n_jobs=-1, random_state=42)
2026-02-26 16:08:27,607:INFO:create_model() successfully completed......................................
2026-02-26 16:08:27,777:INFO:SubProcess create_model() end ==================================
2026-02-26 16:08:27,777:INFO:Creating metrics dataframe
2026-02-26 16:08:27,787:INFO:Initializing Extra Trees Regressor
2026-02-26 16:08:27,788:INFO:Total runtime is 0.24329913059870403 minutes
2026-02-26 16:08:27,792:INFO:SubProcess create_model() called ==================================
2026-02-26 16:08:27,792:INFO:Initializing create_model()
2026-02-26 16:08:27,792:INFO:create_model(self=<pycaret.regression.oop.RegressionExperiment object at 0x0000023DBD4DEC90>, estimator=et, fold=KFold(n_splits=5, random_state=None, shuffle=False), round=4, cross_validation=True, predict=True, fit_kwargs={}, groups=None, refit=False, probability_threshold=None, experiment_custom_tags=None, verbose=False, system=False, add_to_model_list=True, metrics=None, display=<pycaret.internal.display.display.CommonDisplay object at 0x0000023DC0779E50>, model_only=True, return_train_score=False, error_score=0.0, kwargs={})
2026-02-26 16:08:27,792:INFO:Checking exceptions
2026-02-26 16:08:27,792:INFO:Importing libraries
2026-02-26 16:08:27,792:INFO:Copying training dataset
2026-02-26 16:08:27,803:INFO:Defining folds
2026-02-26 16:08:27,805:INFO:Declaring metric variables
2026-02-26 16:08:27,812:INFO:Importing untrained model
2026-02-26 16:08:27,820:INFO:Extra Trees Regressor Imported successfully
2026-02-26 16:08:27,867:INFO:Starting cross validation
2026-02-26 16:08:27,871:INFO:Cross validating with KFold(n_splits=5, random_state=None, shuffle=False), n_jobs=-1
2026-02-26 16:08:28,507:INFO:Calculating mean and std
2026-02-26 16:08:28,508:INFO:Creating metrics dataframe
2026-02-26 16:08:28,509:INFO:Uploading results into container
2026-02-26 16:08:28,510:INFO:Uploading model into container now
2026-02-26 16:08:28,510:INFO:_master_model_container: 14
2026-02-26 16:08:28,510:INFO:_display_container: 2
2026-02-26 16:08:28,511:INFO:ExtraTreesRegressor(n_jobs=-1, random_state=42)
2026-02-26 16:08:28,511:INFO:create_model() successfully completed......................................
2026-02-26 16:08:28,650:INFO:SubProcess create_model() end ==================================
2026-02-26 16:08:28,651:INFO:Creating metrics dataframe
2026-02-26 16:08:28,667:INFO:Initializing AdaBoost Regressor
2026-02-26 16:08:28,667:INFO:Total runtime is 0.2579473376274109 minutes
2026-02-26 16:08:28,671:INFO:SubProcess create_model() called ==================================
2026-02-26 16:08:28,672:INFO:Initializing create_model()
2026-02-26 16:08:28,672:INFO:create_model(self=<pycaret.regression.oop.RegressionExperiment object at 0x0000023DBD4DEC90>, estimator=ada, fold=KFold(n_splits=5, random_state=None, shuffle=False), round=4, cross_validation=True, predict=True, fit_kwargs={}, groups=None, refit=False, probability_threshold=None, experiment_custom_tags=None, verbose=False, system=False, add_to_model_list=True, metrics=None, display=<pycaret.internal.display.display.CommonDisplay object at 0x0000023DC0779E50>, model_only=True, return_train_score=False, error_score=0.0, kwargs={})
2026-02-26 16:08:28,672:INFO:Checking exceptions
2026-02-26 16:08:28,672:INFO:Importing libraries
2026-02-26 16:08:28,672:INFO:Copying training dataset
2026-02-26 16:08:28,679:INFO:Defining folds
2026-02-26 16:08:28,681:INFO:Declaring metric variables
2026-02-26 16:08:28,684:INFO:Importing untrained model
2026-02-26 16:08:28,690:INFO:AdaBoost Regressor Imported successfully
2026-02-26 16:08:28,697:INFO:Starting cross validation
2026-02-26 16:08:28,698:INFO:Cross validating with KFold(n_splits=5, random_state=None, shuffle=False), n_jobs=-1
2026-02-26 16:08:28,999:INFO:Calculating mean and std
2026-02-26 16:08:28,999:INFO:Creating metrics dataframe
2026-02-26 16:08:29,000:INFO:Uploading results into container
2026-02-26 16:08:29,002:INFO:Uploading model into container now
2026-02-26 16:08:29,002:INFO:_master_model_container: 15
2026-02-26 16:08:29,002:INFO:_display_container: 2
2026-02-26 16:08:29,003:INFO:AdaBoostRegressor(random_state=42)
2026-02-26 16:08:29,004:INFO:create_model() successfully completed......................................
2026-02-26 16:08:29,158:INFO:SubProcess create_model() end ==================================
2026-02-26 16:08:29,158:INFO:Creating metrics dataframe
2026-02-26 16:08:29,167:INFO:Initializing Gradient Boosting Regressor
2026-02-26 16:08:29,167:INFO:Total runtime is 0.2662817160288493 minutes
2026-02-26 16:08:29,172:INFO:SubProcess create_model() called ==================================
2026-02-26 16:08:29,172:INFO:Initializing create_model()
2026-02-26 16:08:29,173:INFO:create_model(self=<pycaret.regression.oop.RegressionExperiment object at 0x0000023DBD4DEC90>, estimator=gbr, fold=KFold(n_splits=5, random_state=None, shuffle=False), round=4, cross_validation=True, predict=True, fit_kwargs={}, groups=None, refit=False, probability_threshold=None, experiment_custom_tags=None, verbose=False, system=False, add_to_model_list=True, metrics=None, display=<pycaret.internal.display.display.CommonDisplay object at 0x0000023DC0779E50>, model_only=True, return_train_score=False, error_score=0.0, kwargs={})
2026-02-26 16:08:29,173:INFO:Checking exceptions
2026-02-26 16:08:29,173:INFO:Importing libraries
2026-02-26 16:08:29,173:INFO:Copying training dataset
2026-02-26 16:08:29,179:INFO:Defining folds
2026-02-26 16:08:29,179:INFO:Declaring metric variables
2026-02-26 16:08:29,186:INFO:Importing untrained model
2026-02-26 16:08:29,192:INFO:Gradient Boosting Regressor Imported successfully
2026-02-26 16:08:29,203:INFO:Starting cross validation
2026-02-26 16:08:29,206:INFO:Cross validating with KFold(n_splits=5, random_state=None, shuffle=False), n_jobs=-1
2026-02-26 16:08:29,725:INFO:Calculating mean and std
2026-02-26 16:08:29,726:INFO:Creating metrics dataframe
2026-02-26 16:08:29,728:INFO:Uploading results into container
2026-02-26 16:08:29,728:INFO:Uploading model into container now
2026-02-26 16:08:29,729:INFO:_master_model_container: 16
2026-02-26 16:08:29,729:INFO:_display_container: 2
2026-02-26 16:08:29,729:INFO:GradientBoostingRegressor(random_state=42)
2026-02-26 16:08:29,729:INFO:create_model() successfully completed......................................
2026-02-26 16:08:29,865:INFO:SubProcess create_model() end ==================================
2026-02-26 16:08:29,866:INFO:Creating metrics dataframe
2026-02-26 16:08:29,878:INFO:Initializing Extreme Gradient Boosting
2026-02-26 16:08:29,878:INFO:Total runtime is 0.27812511920928956 minutes
2026-02-26 16:08:29,882:INFO:SubProcess create_model() called ==================================
2026-02-26 16:08:29,882:INFO:Initializing create_model()
2026-02-26 16:08:29,882:INFO:create_model(self=<pycaret.regression.oop.RegressionExperiment object at 0x0000023DBD4DEC90>, estimator=xgboost, fold=KFold(n_splits=5, random_state=None, shuffle=False), round=4, cross_validation=True, predict=True, fit_kwargs={}, groups=None, refit=False, probability_threshold=None, experiment_custom_tags=None, verbose=False, system=False, add_to_model_list=True, metrics=None, display=<pycaret.internal.display.display.CommonDisplay object at 0x0000023DC0779E50>, model_only=True, return_train_score=False, error_score=0.0, kwargs={})
2026-02-26 16:08:29,882:INFO:Checking exceptions
2026-02-26 16:08:29,882:INFO:Importing libraries
2026-02-26 16:08:29,882:INFO:Copying training dataset
2026-02-26 16:08:29,891:INFO:Defining folds
2026-02-26 16:08:29,891:INFO:Declaring metric variables
2026-02-26 16:08:29,894:INFO:Importing untrained model
2026-02-26 16:08:29,900:INFO:Extreme Gradient Boosting Imported successfully
2026-02-26 16:08:29,909:INFO:Starting cross validation
2026-02-26 16:08:29,910:INFO:Cross validating with KFold(n_splits=5, random_state=None, shuffle=False), n_jobs=-1
2026-02-26 16:08:30,158:INFO:Calculating mean and std
2026-02-26 16:08:30,159:INFO:Creating metrics dataframe
2026-02-26 16:08:30,161:INFO:Uploading results into container
2026-02-26 16:08:30,161:INFO:Uploading model into container now
2026-02-26 16:08:30,161:INFO:_master_model_container: 17
2026-02-26 16:08:30,161:INFO:_display_container: 2
2026-02-26 16:08:30,163:INFO:XGBRegressor(base_score=None, booster='gbtree', callbacks=None,
             colsample_bylevel=None, colsample_bynode=None,
             colsample_bytree=None, device='cpu', early_stopping_rounds=None,
             enable_categorical=False, eval_metric=None, feature_types=None,
             feature_weights=None, gamma=None, grow_policy=None,
             importance_type=None, interaction_constraints=None,
             learning_rate=None, max_bin=None, max_cat_threshold=None,
             max_cat_to_onehot=None, max_delta_step=None, max_depth=None,
             max_leaves=None, min_child_weight=None, missing=nan,
             monotone_constraints=None, multi_strategy=None, n_estimators=None,
             n_jobs=-1, num_parallel_tree=None, ...)
2026-02-26 16:08:30,165:INFO:create_model() successfully completed......................................
2026-02-26 16:08:30,312:INFO:SubProcess create_model() end ==================================
2026-02-26 16:08:30,312:INFO:Creating metrics dataframe
2026-02-26 16:08:30,321:INFO:Initializing Light Gradient Boosting Machine
2026-02-26 16:08:30,323:INFO:Total runtime is 0.28554360071818036 minutes
2026-02-26 16:08:30,327:INFO:SubProcess create_model() called ==================================
2026-02-26 16:08:30,327:INFO:Initializing create_model()
2026-02-26 16:08:30,327:INFO:create_model(self=<pycaret.regression.oop.RegressionExperiment object at 0x0000023DBD4DEC90>, estimator=lightgbm, fold=KFold(n_splits=5, random_state=None, shuffle=False), round=4, cross_validation=True, predict=True, fit_kwargs={}, groups=None, refit=False, probability_threshold=None, experiment_custom_tags=None, verbose=False, system=False, add_to_model_list=True, metrics=None, display=<pycaret.internal.display.display.CommonDisplay object at 0x0000023DC0779E50>, model_only=True, return_train_score=False, error_score=0.0, kwargs={})
2026-02-26 16:08:30,327:INFO:Checking exceptions
2026-02-26 16:08:30,327:INFO:Importing libraries
2026-02-26 16:08:30,327:INFO:Copying training dataset
2026-02-26 16:08:30,332:INFO:Defining folds
2026-02-26 16:08:30,333:INFO:Declaring metric variables
2026-02-26 16:08:30,336:INFO:Importing untrained model
2026-02-26 16:08:30,342:INFO:Light Gradient Boosting Machine Imported successfully
2026-02-26 16:08:30,348:INFO:Starting cross validation
2026-02-26 16:08:30,351:INFO:Cross validating with KFold(n_splits=5, random_state=None, shuffle=False), n_jobs=-1
2026-02-26 16:08:30,868:INFO:Calculating mean and std
2026-02-26 16:08:30,870:INFO:Creating metrics dataframe
2026-02-26 16:08:30,873:INFO:Uploading results into container
2026-02-26 16:08:30,873:INFO:Uploading model into container now
2026-02-26 16:08:30,874:INFO:_master_model_container: 18
2026-02-26 16:08:30,875:INFO:_display_container: 2
2026-02-26 16:08:30,875:INFO:LGBMRegressor(n_jobs=-1, random_state=42)
2026-02-26 16:08:30,876:INFO:create_model() successfully completed......................................
2026-02-26 16:08:31,034:INFO:SubProcess create_model() end ==================================
2026-02-26 16:08:31,034:INFO:Creating metrics dataframe
2026-02-26 16:08:31,045:INFO:Initializing Dummy Regressor
2026-02-26 16:08:31,046:INFO:Total runtime is 0.2976054151852926 minutes
2026-02-26 16:08:31,049:INFO:SubProcess create_model() called ==================================
2026-02-26 16:08:31,050:INFO:Initializing create_model()
2026-02-26 16:08:31,050:INFO:create_model(self=<pycaret.regression.oop.RegressionExperiment object at 0x0000023DBD4DEC90>, estimator=dummy, fold=KFold(n_splits=5, random_state=None, shuffle=False), round=4, cross_validation=True, predict=True, fit_kwargs={}, groups=None, refit=False, probability_threshold=None, experiment_custom_tags=None, verbose=False, system=False, add_to_model_list=True, metrics=None, display=<pycaret.internal.display.display.CommonDisplay object at 0x0000023DC0779E50>, model_only=True, return_train_score=False, error_score=0.0, kwargs={})
2026-02-26 16:08:31,050:INFO:Checking exceptions
2026-02-26 16:08:31,050:INFO:Importing libraries
2026-02-26 16:08:31,050:INFO:Copying training dataset
2026-02-26 16:08:31,059:INFO:Defining folds
2026-02-26 16:08:31,059:INFO:Declaring metric variables
2026-02-26 16:08:31,065:INFO:Importing untrained model
2026-02-26 16:08:31,067:INFO:Dummy Regressor Imported successfully
2026-02-26 16:08:31,078:INFO:Starting cross validation
2026-02-26 16:08:31,081:INFO:Cross validating with KFold(n_splits=5, random_state=None, shuffle=False), n_jobs=-1
2026-02-26 16:08:31,183:INFO:Calculating mean and std
2026-02-26 16:08:31,184:INFO:Creating metrics dataframe
2026-02-26 16:08:31,185:INFO:Uploading results into container
2026-02-26 16:08:31,186:INFO:Uploading model into container now
2026-02-26 16:08:31,186:INFO:_master_model_container: 19
2026-02-26 16:08:31,186:INFO:_display_container: 2
2026-02-26 16:08:31,187:INFO:DummyRegressor()
2026-02-26 16:08:31,187:INFO:create_model() successfully completed......................................
2026-02-26 16:08:31,324:INFO:SubProcess create_model() end ==================================
2026-02-26 16:08:31,324:INFO:Creating metrics dataframe
2026-02-26 16:08:31,343:INFO:Initializing create_model()
2026-02-26 16:08:31,344:INFO:create_model(self=<pycaret.regression.oop.RegressionExperiment object at 0x0000023DBD4DEC90>, estimator=KNeighborsRegressor(n_jobs=-1), fold=KFold(n_splits=5, random_state=None, shuffle=False), round=4, cross_validation=False, predict=False, fit_kwargs={}, groups=None, refit=True, probability_threshold=None, experiment_custom_tags=None, verbose=False, system=False, add_to_model_list=True, metrics=None, display=None, model_only=True, return_train_score=False, error_score=0.0, kwargs={})
2026-02-26 16:08:31,345:INFO:Checking exceptions
2026-02-26 16:08:31,347:INFO:Importing libraries
2026-02-26 16:08:31,347:INFO:Copying training dataset
2026-02-26 16:08:31,351:INFO:Defining folds
2026-02-26 16:08:31,352:INFO:Declaring metric variables
2026-02-26 16:08:31,352:INFO:Importing untrained model
2026-02-26 16:08:31,352:INFO:Declaring custom model
2026-02-26 16:08:31,352:INFO:K Neighbors Regressor Imported successfully
2026-02-26 16:08:31,353:INFO:Cross validation set to False
2026-02-26 16:08:31,353:INFO:Fitting Model
2026-02-26 16:08:31,390:INFO:KNeighborsRegressor(n_jobs=-1)
2026-02-26 16:08:31,392:INFO:create_model() successfully completed......................................
2026-02-26 16:08:31,534:INFO:Initializing create_model()
2026-02-26 16:08:31,534:INFO:create_model(self=<pycaret.regression.oop.RegressionExperiment object at 0x0000023DBD4DEC90>, estimator=ExtraTreesRegressor(n_jobs=-1, random_state=42), fold=KFold(n_splits=5, random_state=None, shuffle=False), round=4, cross_validation=False, predict=False, fit_kwargs={}, groups=None, refit=True, probability_threshold=None, experiment_custom_tags=None, verbose=False, system=False, add_to_model_list=True, metrics=None, display=None, model_only=True, return_train_score=False, error_score=0.0, kwargs={})
2026-02-26 16:08:31,534:INFO:Checking exceptions
2026-02-26 16:08:31,536:INFO:Importing libraries
2026-02-26 16:08:31,536:INFO:Copying training dataset
2026-02-26 16:08:31,542:INFO:Defining folds
2026-02-26 16:08:31,543:INFO:Declaring metric variables
2026-02-26 16:08:31,543:INFO:Importing untrained model
2026-02-26 16:08:31,543:INFO:Declaring custom model
2026-02-26 16:08:31,545:INFO:Extra Trees Regressor Imported successfully
2026-02-26 16:08:31,546:INFO:Cross validation set to False
2026-02-26 16:08:31,546:INFO:Fitting Model
2026-02-26 16:08:31,710:INFO:ExtraTreesRegressor(n_jobs=-1, random_state=42)
2026-02-26 16:08:31,710:INFO:create_model() successfully completed......................................
2026-02-26 16:08:31,846:INFO:Initializing create_model()
2026-02-26 16:08:31,846:INFO:create_model(self=<pycaret.regression.oop.RegressionExperiment object at 0x0000023DBD4DEC90>, estimator=XGBRegressor(base_score=None, booster='gbtree', callbacks=None,
             colsample_bylevel=None, colsample_bynode=None,
             colsample_bytree=None, device='cpu', early_stopping_rounds=None,
             enable_categorical=False, eval_metric=None, feature_types=None,
             feature_weights=None, gamma=None, grow_policy=None,
             importance_type=None, interaction_constraints=None,
             learning_rate=None, max_bin=None, max_cat_threshold=None,
             max_cat_to_onehot=None, max_delta_step=None, max_depth=None,
             max_leaves=None, min_child_weight=None, missing=nan,
             monotone_constraints=None, multi_strategy=None, n_estimators=None,
             n_jobs=-1, num_parallel_tree=None, ...), fold=KFold(n_splits=5, random_state=None, shuffle=False), round=4, cross_validation=False, predict=False, fit_kwargs={}, groups=None, refit=True, probability_threshold=None, experiment_custom_tags=None, verbose=False, system=False, add_to_model_list=True, metrics=None, display=None, model_only=True, return_train_score=False, error_score=0.0, kwargs={})
2026-02-26 16:08:31,846:INFO:Checking exceptions
2026-02-26 16:08:31,847:INFO:Importing libraries
2026-02-26 16:08:31,847:INFO:Copying training dataset
2026-02-26 16:08:31,852:INFO:Defining folds
2026-02-26 16:08:31,852:INFO:Declaring metric variables
2026-02-26 16:08:31,852:INFO:Importing untrained model
2026-02-26 16:08:31,852:INFO:Declaring custom model
2026-02-26 16:08:31,853:INFO:Extreme Gradient Boosting Imported successfully
2026-02-26 16:08:31,855:INFO:Cross validation set to False
2026-02-26 16:08:31,855:INFO:Fitting Model
2026-02-26 16:08:31,955:INFO:XGBRegressor(base_score=None, booster='gbtree', callbacks=None,
             colsample_bylevel=None, colsample_bynode=None,
             colsample_bytree=None, device='cpu', early_stopping_rounds=None,
             enable_categorical=False, eval_metric=None, feature_types=None,
             feature_weights=None, gamma=None, grow_policy=None,
             importance_type=None, interaction_constraints=None,
             learning_rate=None, max_bin=None, max_cat_threshold=None,
             max_cat_to_onehot=None, max_delta_step=None, max_depth=None,
             max_leaves=None, min_child_weight=None, missing=nan,
             monotone_constraints=None, multi_strategy=None, n_estimators=None,
             n_jobs=-1, num_parallel_tree=None, ...)
2026-02-26 16:08:31,956:INFO:create_model() successfully completed......................................
2026-02-26 16:08:32,147:INFO:_master_model_container: 19
2026-02-26 16:08:32,148:INFO:_display_container: 2
2026-02-26 16:08:32,150:INFO:[KNeighborsRegressor(n_jobs=-1), ExtraTreesRegressor(n_jobs=-1, random_state=42), XGBRegressor(base_score=None, booster='gbtree', callbacks=None,
             colsample_bylevel=None, colsample_bynode=None,
             colsample_bytree=None, device='cpu', early_stopping_rounds=None,
             enable_categorical=False, eval_metric=None, feature_types=None,
             feature_weights=None, gamma=None, grow_policy=None,
             importance_type=None, interaction_constraints=None,
             learning_rate=None, max_bin=None, max_cat_threshold=None,
             max_cat_to_onehot=None, max_delta_step=None, max_depth=None,
             max_leaves=None, min_child_weight=None, missing=nan,
             monotone_constraints=None, multi_strategy=None, n_estimators=None,
             n_jobs=-1, num_parallel_tree=None, ...)]
2026-02-26 16:08:32,150:INFO:compare_models() successfully completed......................................
2026-02-26 16:09:50,352:INFO:Initializing tune_model()
2026-02-26 16:09:50,352:INFO:tune_model(self=<pycaret.regression.oop.RegressionExperiment object at 0x0000023DBD4DEC90>, estimator=KNeighborsRegressor(n_jobs=-1), fold=None, round=4, n_iter=10, custom_grid=None, optimize=R2, custom_scorer=None, search_library=scikit-learn, search_algorithm=None, early_stopping=False, early_stopping_max_iters=10, choose_better=True, fit_kwargs=None, groups=None, return_tuner=False, verbose=True, tuner_verbose=True, return_train_score=False, kwargs={})
2026-02-26 16:09:50,352:INFO:Checking exceptions
2026-02-26 16:09:50,373:INFO:Copying training dataset
2026-02-26 16:09:50,382:INFO:Checking base model
2026-02-26 16:09:50,382:INFO:Base model : K Neighbors Regressor
2026-02-26 16:09:50,385:INFO:Declaring metric variables
2026-02-26 16:09:50,405:INFO:Defining Hyperparameters
2026-02-26 16:09:50,592:INFO:Tuning with n_jobs=-1
2026-02-26 16:09:50,592:INFO:Initializing RandomizedSearchCV
2026-02-26 16:09:51,317:INFO:best_params: {'actual_estimator__weights': 'uniform', 'actual_estimator__n_neighbors': 4, 'actual_estimator__metric': 'euclidean'}
2026-02-26 16:09:51,318:INFO:Hyperparameter search completed
2026-02-26 16:09:51,318:INFO:SubProcess create_model() called ==================================
2026-02-26 16:09:51,318:INFO:Initializing create_model()
2026-02-26 16:09:51,318:INFO:create_model(self=<pycaret.regression.oop.RegressionExperiment object at 0x0000023DBD4DEC90>, estimator=KNeighborsRegressor(n_jobs=-1), fold=KFold(n_splits=5, random_state=None, shuffle=False), round=4, cross_validation=True, predict=True, fit_kwargs={}, groups=None, refit=True, probability_threshold=None, experiment_custom_tags=None, verbose=True, system=False, add_to_model_list=True, metrics=None, display=<pycaret.internal.display.display.CommonDisplay object at 0x0000023DB9D6EFD0>, model_only=True, return_train_score=False, error_score=0.0, kwargs={'weights': 'uniform', 'n_neighbors': 4, 'metric': 'euclidean'})
2026-02-26 16:09:51,318:INFO:Checking exceptions
2026-02-26 16:09:51,319:INFO:Importing libraries
2026-02-26 16:09:51,319:INFO:Copying training dataset
2026-02-26 16:09:51,329:INFO:Defining folds
2026-02-26 16:09:51,330:INFO:Declaring metric variables
2026-02-26 16:09:51,334:INFO:Importing untrained model
2026-02-26 16:09:51,336:INFO:Declaring custom model
2026-02-26 16:09:51,341:INFO:K Neighbors Regressor Imported successfully
2026-02-26 16:09:51,354:INFO:Starting cross validation
2026-02-26 16:09:51,356:INFO:Cross validating with KFold(n_splits=5, random_state=None, shuffle=False), n_jobs=-1
2026-02-26 16:09:51,498:INFO:Calculating mean and std
2026-02-26 16:09:51,500:INFO:Creating metrics dataframe
2026-02-26 16:09:51,511:INFO:Finalizing model
2026-02-26 16:09:51,563:INFO:Uploading results into container
2026-02-26 16:09:51,564:INFO:Uploading model into container now
2026-02-26 16:09:51,564:INFO:_master_model_container: 20
2026-02-26 16:09:51,565:INFO:_display_container: 3
2026-02-26 16:09:51,565:INFO:KNeighborsRegressor(metric='euclidean', n_jobs=-1, n_neighbors=4)
2026-02-26 16:09:51,565:INFO:create_model() successfully completed......................................
2026-02-26 16:09:51,748:INFO:SubProcess create_model() end ==================================
2026-02-26 16:09:51,748:INFO:choose_better activated
2026-02-26 16:09:51,753:INFO:SubProcess create_model() called ==================================
2026-02-26 16:09:51,754:INFO:Initializing create_model()
2026-02-26 16:09:51,755:INFO:create_model(self=<pycaret.regression.oop.RegressionExperiment object at 0x0000023DBD4DEC90>, estimator=KNeighborsRegressor(n_jobs=-1), fold=KFold(n_splits=5, random_state=None, shuffle=False), round=4, cross_validation=True, predict=True, fit_kwargs={}, groups=None, refit=True, probability_threshold=None, experiment_custom_tags=None, verbose=False, system=False, add_to_model_list=True, metrics=None, display=None, model_only=True, return_train_score=False, error_score=0.0, kwargs={})
2026-02-26 16:09:51,755:INFO:Checking exceptions
2026-02-26 16:09:51,757:INFO:Importing libraries
2026-02-26 16:09:51,757:INFO:Copying training dataset
2026-02-26 16:09:51,765:INFO:Defining folds
2026-02-26 16:09:51,765:INFO:Declaring metric variables
2026-02-26 16:09:51,765:INFO:Importing untrained model
2026-02-26 16:09:51,765:INFO:Declaring custom model
2026-02-26 16:09:51,766:INFO:K Neighbors Regressor Imported successfully
2026-02-26 16:09:51,766:INFO:Starting cross validation
2026-02-26 16:09:51,767:INFO:Cross validating with KFold(n_splits=5, random_state=None, shuffle=False), n_jobs=-1
2026-02-26 16:09:51,882:INFO:Calculating mean and std
2026-02-26 16:09:51,882:INFO:Creating metrics dataframe
2026-02-26 16:09:51,884:INFO:Finalizing model
2026-02-26 16:09:51,927:INFO:Uploading results into container
2026-02-26 16:09:51,927:INFO:Uploading model into container now
2026-02-26 16:09:51,928:INFO:_master_model_container: 21
2026-02-26 16:09:51,928:INFO:_display_container: 4
2026-02-26 16:09:51,928:INFO:KNeighborsRegressor(n_jobs=-1)
2026-02-26 16:09:51,928:INFO:create_model() successfully completed......................................
2026-02-26 16:09:52,061:INFO:SubProcess create_model() end ==================================
2026-02-26 16:09:52,061:INFO:KNeighborsRegressor(n_jobs=-1) result for R2 is 0.4393
2026-02-26 16:09:52,063:INFO:KNeighborsRegressor(metric='euclidean', n_jobs=-1, n_neighbors=4) result for R2 is 0.4455
2026-02-26 16:09:52,063:INFO:KNeighborsRegressor(metric='euclidean', n_jobs=-1, n_neighbors=4) is best model
2026-02-26 16:09:52,063:INFO:choose_better completed
2026-02-26 16:09:52,072:INFO:_master_model_container: 21
2026-02-26 16:09:52,073:INFO:_display_container: 3
2026-02-26 16:09:52,073:INFO:KNeighborsRegressor(metric='euclidean', n_jobs=-1, n_neighbors=4)
2026-02-26 16:09:52,073:INFO:tune_model() successfully completed......................................
2026-02-26 16:10:08,737:INFO:Initializing plot_model()
2026-02-26 16:10:08,737:INFO:plot_model(self=<pycaret.regression.oop.RegressionExperiment object at 0x0000023DBD4DEC90>, estimator=KNeighborsRegressor(metric='euclidean', n_jobs=-1, n_neighbors=4), plot=residuals, scale=1, save=False, fold=None, fit_kwargs=None, plot_kwargs=None, groups=None, feature_name=None, label=False, verbose=True, system=True, display=None, display_format=None)
2026-02-26 16:10:08,737:INFO:Checking exceptions
2026-02-26 16:10:08,743:INFO:Preloading libraries
2026-02-26 16:10:08,744:INFO:Copying training dataset
2026-02-26 16:10:08,744:INFO:Plot type: residuals
2026-02-26 16:10:09,044:INFO:Fitting Model
2026-02-26 16:10:09,396:INFO:Scoring test/hold-out set
2026-02-26 16:10:09,803:INFO:Visual Rendered Successfully
2026-02-26 16:10:10,136:INFO:plot_model() successfully completed......................................
2026-02-26 16:11:00,593:INFO:Initializing plot_model()
2026-02-26 16:11:00,593:INFO:plot_model(self=<pycaret.regression.oop.RegressionExperiment object at 0x0000023DBD4DEC90>, estimator=KNeighborsRegressor(metric='euclidean', n_jobs=-1, n_neighbors=4), plot=feature, scale=1, save=False, fold=None, fit_kwargs=None, plot_kwargs=None, groups=None, feature_name=None, label=False, verbose=True, system=True, display=None, display_format=None)
2026-02-26 16:11:00,593:INFO:Checking exceptions
2026-02-26 17:01:59,418:INFO:PyCaret RegressionExperiment
2026-02-26 17:01:59,418:INFO:Logging name: reg-default-name
2026-02-26 17:01:59,418:INFO:ML Usecase: MLUsecase.REGRESSION
2026-02-26 17:01:59,418:INFO:version 3.3.2
2026-02-26 17:01:59,418:INFO:Initializing setup()
2026-02-26 17:01:59,418:INFO:self.USI: 1830
2026-02-26 17:01:59,418:INFO:self._variable_keys: {'fold_groups_param', 'gpu_n_jobs_param', 'memory', 'y', 'html_param', 'n_jobs_param', 'exp_id', 'log_plots_param', 'exp_name_log', '_ml_usecase', 'target_param', 'y_train', 'USI', 'idx', 'gpu_param', 'seed', 'pipeline', 'fold_shuffle_param', 'X_train', 'X', 'X_test', 'y_test', 'transform_target_param', 'logging_param', '_available_plots', 'data', 'fold_generator'}
2026-02-26 17:01:59,418:INFO:Checking environment
2026-02-26 17:01:59,418:INFO:python_version: 3.11.14
2026-02-26 17:01:59,418:INFO:python_build: ('main', 'Oct 21 2025 18:30:03')
2026-02-26 17:01:59,418:INFO:machine: AMD64
2026-02-26 17:01:59,418:INFO:platform: Windows-10-10.0.26100-SP0
2026-02-26 17:01:59,419:INFO:Memory: svmem(total=16889774080, available=6067884032, percent=64.1, used=10821890048, free=6067884032)
2026-02-26 17:01:59,419:INFO:Physical Core: 4
2026-02-26 17:01:59,419:INFO:Logical Core: 8
2026-02-26 17:01:59,419:INFO:Checking libraries
2026-02-26 17:01:59,419:INFO:System:
2026-02-26 17:01:59,419:INFO:    python: 3.11.14 | packaged by Anaconda, Inc. | (main, Oct 21 2025, 18:30:03) [MSC v.1929 64 bit (AMD64)]
2026-02-26 17:01:59,419:INFO:executable: c:\Users\Playdata2\miniconda3\envs\battery_env\python.exe
2026-02-26 17:01:59,419:INFO:   machine: Windows-10-10.0.26100-SP0
2026-02-26 17:01:59,419:INFO:PyCaret required dependencies:
2026-02-26 17:01:59,419:INFO:                 pip: 26.0.1
2026-02-26 17:01:59,420:INFO:          setuptools: 80.10.2
2026-02-26 17:01:59,420:INFO:             pycaret: 3.3.2
2026-02-26 17:01:59,420:INFO:             IPython: 9.10.0
2026-02-26 17:01:59,420:INFO:          ipywidgets: 8.1.8
2026-02-26 17:01:59,420:INFO:                tqdm: 4.67.3
2026-02-26 17:01:59,420:INFO:               numpy: 1.26.4
2026-02-26 17:01:59,420:INFO:              pandas: 2.1.4
2026-02-26 17:01:59,420:INFO:              jinja2: 3.1.6
2026-02-26 17:01:59,420:INFO:               scipy: 1.11.4
2026-02-26 17:01:59,420:INFO:              joblib: 1.3.2
2026-02-26 17:01:59,420:INFO:             sklearn: 1.4.2
2026-02-26 17:01:59,420:INFO:                pyod: 2.0.6
2026-02-26 17:01:59,420:INFO:            imblearn: 0.14.1
2026-02-26 17:01:59,420:INFO:   category_encoders: 2.7.0
2026-02-26 17:01:59,420:INFO:            lightgbm: 4.6.0
2026-02-26 17:01:59,420:INFO:               numba: 0.64.0
2026-02-26 17:01:59,421:INFO:            requests: 2.32.5
2026-02-26 17:01:59,421:INFO:          matplotlib: 3.7.5
2026-02-26 17:01:59,421:INFO:          scikitplot: 0.3.7
2026-02-26 17:01:59,421:INFO:         yellowbrick: 1.5
2026-02-26 17:01:59,421:INFO:              plotly: 6.5.2
2026-02-26 17:01:59,421:INFO:    plotly-resampler: Not installed
2026-02-26 17:01:59,421:INFO:             kaleido: 1.2.0
2026-02-26 17:01:59,421:INFO:           schemdraw: 0.15
2026-02-26 17:01:59,421:INFO:         statsmodels: 0.14.6
2026-02-26 17:01:59,421:INFO:              sktime: 0.26.0
2026-02-26 17:01:59,421:INFO:               tbats: 1.1.3
2026-02-26 17:01:59,421:INFO:            pmdarima: 2.0.4
2026-02-26 17:01:59,423:INFO:              psutil: 7.2.2
2026-02-26 17:01:59,423:INFO:          markupsafe: 3.0.3
2026-02-26 17:01:59,423:INFO:             pickle5: Not installed
2026-02-26 17:01:59,423:INFO:         cloudpickle: 3.1.2
2026-02-26 17:01:59,423:INFO:         deprecation: 2.1.0
2026-02-26 17:01:59,423:INFO:              xxhash: 3.6.0
2026-02-26 17:01:59,423:INFO:           wurlitzer: Not installed
2026-02-26 17:01:59,423:INFO:PyCaret optional dependencies:
2026-02-26 17:01:59,423:INFO:                shap: Not installed
2026-02-26 17:01:59,423:INFO:           interpret: Not installed
2026-02-26 17:01:59,423:INFO:                umap: Not installed
2026-02-26 17:01:59,423:INFO:     ydata_profiling: Not installed
2026-02-26 17:01:59,423:INFO:  explainerdashboard: Not installed
2026-02-26 17:01:59,423:INFO:             autoviz: Not installed
2026-02-26 17:01:59,423:INFO:           fairlearn: Not installed
2026-02-26 17:01:59,423:INFO:          deepchecks: Not installed
2026-02-26 17:01:59,424:INFO:             xgboost: 3.2.0
2026-02-26 17:01:59,424:INFO:            catboost: Not installed
2026-02-26 17:01:59,424:INFO:              kmodes: Not installed
2026-02-26 17:01:59,424:INFO:             mlxtend: Not installed
2026-02-26 17:01:59,424:INFO:       statsforecast: Not installed
2026-02-26 17:01:59,424:INFO:        tune_sklearn: Not installed
2026-02-26 17:01:59,424:INFO:                 ray: Not installed
2026-02-26 17:01:59,424:INFO:            hyperopt: Not installed
2026-02-26 17:01:59,424:INFO:              optuna: 4.7.0
2026-02-26 17:01:59,424:INFO:               skopt: Not installed
2026-02-26 17:01:59,424:INFO:              mlflow: Not installed
2026-02-26 17:01:59,424:INFO:              gradio: Not installed
2026-02-26 17:01:59,424:INFO:             fastapi: Not installed
2026-02-26 17:01:59,425:INFO:             uvicorn: Not installed
2026-02-26 17:01:59,425:INFO:              m2cgen: Not installed
2026-02-26 17:01:59,425:INFO:           evidently: Not installed
2026-02-26 17:01:59,425:INFO:               fugue: Not installed
2026-02-26 17:01:59,425:INFO:           streamlit: Not installed
2026-02-26 17:01:59,425:INFO:             prophet: Not installed
2026-02-26 17:01:59,425:INFO:None
2026-02-26 17:01:59,425:INFO:Set up data.
2026-02-26 17:01:59,429:INFO:Set up folding strategy.
2026-02-26 17:01:59,429:INFO:Set up train/test split.
2026-02-26 17:01:59,432:INFO:Set up index.
2026-02-26 17:01:59,432:INFO:Assigning column types.
2026-02-26 17:01:59,436:INFO:Engine successfully changes for model 'lr' to 'sklearn'.
2026-02-26 17:01:59,437:INFO:Engine for model 'lasso' has not been set explicitly, hence returning None.
2026-02-26 17:01:59,446:INFO:Engine for model 'ridge' has not been set explicitly, hence returning None.
2026-02-26 17:01:59,458:INFO:Engine for model 'en' has not been set explicitly, hence returning None.
2026-02-26 17:01:59,549:INFO:Engine for model 'svm' has not been set explicitly, hence returning None.
2026-02-26 17:01:59,586:INFO:Engine for model 'knn' has not been set explicitly, hence returning None.
2026-02-26 17:01:59,587:INFO:Soft dependency imported: xgboost: 3.2.0
2026-02-26 17:01:59,589:WARNING:
'catboost' is a soft dependency and not included in the pycaret installation. Please run: `pip install catboost` to install.
Alternately, you can install this by running `pip install pycaret[models]`
2026-02-26 17:01:59,589:INFO:Engine for model 'lasso' has not been set explicitly, hence returning None.
2026-02-26 17:01:59,592:INFO:Engine for model 'ridge' has not been set explicitly, hence returning None.
2026-02-26 17:01:59,596:INFO:Engine for model 'en' has not been set explicitly, hence returning None.
2026-02-26 17:01:59,641:INFO:Engine for model 'svm' has not been set explicitly, hence returning None.
2026-02-26 17:01:59,677:INFO:Engine for model 'knn' has not been set explicitly, hence returning None.
2026-02-26 17:01:59,677:INFO:Soft dependency imported: xgboost: 3.2.0
2026-02-26 17:01:59,679:WARNING:
'catboost' is a soft dependency and not included in the pycaret installation. Please run: `pip install catboost` to install.
Alternately, you can install this by running `pip install pycaret[models]`
2026-02-26 17:01:59,679:INFO:Engine successfully changes for model 'lasso' to 'sklearn'.
2026-02-26 17:01:59,682:INFO:Engine for model 'ridge' has not been set explicitly, hence returning None.
2026-02-26 17:01:59,686:INFO:Engine for model 'en' has not been set explicitly, hence returning None.
2026-02-26 17:01:59,736:INFO:Engine for model 'svm' has not been set explicitly, hence returning None.
2026-02-26 17:01:59,777:INFO:Engine for model 'knn' has not been set explicitly, hence returning None.
2026-02-26 17:01:59,777:INFO:Soft dependency imported: xgboost: 3.2.0
2026-02-26 17:01:59,779:WARNING:
'catboost' is a soft dependency and not included in the pycaret installation. Please run: `pip install catboost` to install.
Alternately, you can install this by running `pip install pycaret[models]`
2026-02-26 17:01:59,784:INFO:Engine for model 'ridge' has not been set explicitly, hence returning None.
2026-02-26 17:01:59,789:INFO:Engine for model 'en' has not been set explicitly, hence returning None.
2026-02-26 17:01:59,837:INFO:Engine for model 'svm' has not been set explicitly, hence returning None.
2026-02-26 17:01:59,874:INFO:Engine for model 'knn' has not been set explicitly, hence returning None.
2026-02-26 17:01:59,875:INFO:Soft dependency imported: xgboost: 3.2.0
2026-02-26 17:01:59,877:WARNING:
'catboost' is a soft dependency and not included in the pycaret installation. Please run: `pip install catboost` to install.
Alternately, you can install this by running `pip install pycaret[models]`
2026-02-26 17:01:59,877:INFO:Engine successfully changes for model 'ridge' to 'sklearn'.
2026-02-26 17:01:59,885:INFO:Engine for model 'en' has not been set explicitly, hence returning None.
2026-02-26 17:01:59,933:INFO:Engine for model 'svm' has not been set explicitly, hence returning None.
2026-02-26 17:01:59,968:INFO:Engine for model 'knn' has not been set explicitly, hence returning None.
2026-02-26 17:01:59,969:INFO:Soft dependency imported: xgboost: 3.2.0
2026-02-26 17:01:59,971:WARNING:
'catboost' is a soft dependency and not included in the pycaret installation. Please run: `pip install catboost` to install.
Alternately, you can install this by running `pip install pycaret[models]`
2026-02-26 17:01:59,981:INFO:Engine for model 'en' has not been set explicitly, hence returning None.
2026-02-26 17:02:00,029:INFO:Engine for model 'svm' has not been set explicitly, hence returning None.
2026-02-26 17:02:00,068:INFO:Engine for model 'knn' has not been set explicitly, hence returning None.
2026-02-26 17:02:00,069:INFO:Soft dependency imported: xgboost: 3.2.0
2026-02-26 17:02:00,072:WARNING:
'catboost' is a soft dependency and not included in the pycaret installation. Please run: `pip install catboost` to install.
Alternately, you can install this by running `pip install pycaret[models]`
2026-02-26 17:02:00,072:INFO:Engine successfully changes for model 'en' to 'sklearn'.
2026-02-26 17:02:00,128:INFO:Engine for model 'svm' has not been set explicitly, hence returning None.
2026-02-26 17:02:00,168:INFO:Engine for model 'knn' has not been set explicitly, hence returning None.
2026-02-26 17:02:00,168:INFO:Soft dependency imported: xgboost: 3.2.0
2026-02-26 17:02:00,172:WARNING:
'catboost' is a soft dependency and not included in the pycaret installation. Please run: `pip install catboost` to install.
Alternately, you can install this by running `pip install pycaret[models]`
2026-02-26 17:02:00,246:INFO:Engine for model 'svm' has not been set explicitly, hence returning None.
2026-02-26 17:02:00,298:INFO:Engine for model 'knn' has not been set explicitly, hence returning None.
2026-02-26 17:02:00,298:INFO:Soft dependency imported: xgboost: 3.2.0
2026-02-26 17:02:00,300:WARNING:
'catboost' is a soft dependency and not included in the pycaret installation. Please run: `pip install catboost` to install.
Alternately, you can install this by running `pip install pycaret[models]`
2026-02-26 17:02:00,302:INFO:Engine successfully changes for model 'knn' to 'sklearn'.
2026-02-26 17:02:00,370:INFO:Engine for model 'svm' has not been set explicitly, hence returning None.
2026-02-26 17:02:00,407:INFO:Soft dependency imported: xgboost: 3.2.0
2026-02-26 17:02:00,409:WARNING:
'catboost' is a soft dependency and not included in the pycaret installation. Please run: `pip install catboost` to install.
Alternately, you can install this by running `pip install pycaret[models]`
2026-02-26 17:02:00,461:INFO:Engine for model 'svm' has not been set explicitly, hence returning None.
2026-02-26 17:02:00,498:INFO:Soft dependency imported: xgboost: 3.2.0
2026-02-26 17:02:00,499:WARNING:
'catboost' is a soft dependency and not included in the pycaret installation. Please run: `pip install catboost` to install.
Alternately, you can install this by running `pip install pycaret[models]`
2026-02-26 17:02:00,499:INFO:Engine successfully changes for model 'svm' to 'sklearn'.
2026-02-26 17:02:00,587:INFO:Soft dependency imported: xgboost: 3.2.0
2026-02-26 17:02:00,589:WARNING:
'catboost' is a soft dependency and not included in the pycaret installation. Please run: `pip install catboost` to install.
Alternately, you can install this by running `pip install pycaret[models]`
2026-02-26 17:02:00,677:INFO:Soft dependency imported: xgboost: 3.2.0
2026-02-26 17:02:00,679:WARNING:
'catboost' is a soft dependency and not included in the pycaret installation. Please run: `pip install catboost` to install.
Alternately, you can install this by running `pip install pycaret[models]`
2026-02-26 17:02:00,681:INFO:Preparing preprocessing pipeline...
2026-02-26 17:02:00,681:INFO:Set up simple imputation.
2026-02-26 17:02:00,681:INFO:Set up feature normalization.
2026-02-26 17:02:00,702:INFO:Finished creating preprocessing pipeline.
2026-02-26 17:02:00,707:INFO:Pipeline: Pipeline(memory=FastMemory(location=C:\Users\PLAYDA~1\AppData\Local\Temp\joblib),
         steps=[('numerical_imputer',
                 TransformerWrapper(include=['initial_voltage',
                                             'initial_impedance',
                                             'ocv_deviation'],
                                    transformer=SimpleImputer())),
                ('categorical_imputer',
                 TransformerWrapper(include=[],
                                    transformer=SimpleImputer(strategy='most_frequent'))),
                ('normalize',
                 TransformerWrapper(transformer=StandardScaler()))])
2026-02-26 17:02:00,707:INFO:Creating final display dataframe.
2026-02-26 17:02:00,783:INFO:Setup _display_container:                     Description             Value
0                    Session id                42
1                        Target          capacity
2                   Target type        Regression
3           Original data shape         (1039, 4)
4        Transformed data shape         (1039, 4)
5   Transformed train set shape          (727, 4)
6    Transformed test set shape          (312, 4)
7              Numeric features                 3
8                    Preprocess              True
9               Imputation type            simple
10           Numeric imputation              mean
11       Categorical imputation              mode
12                    Normalize              True
13             Normalize method            zscore
14               Fold Generator             KFold
15                  Fold Number                 5
16                     CPU Jobs                -1
17                      Use GPU             False
18               Log Experiment             False
19              Experiment Name  reg-default-name
20                          USI              1830
2026-02-26 17:02:00,952:INFO:Soft dependency imported: xgboost: 3.2.0
2026-02-26 17:02:00,957:WARNING:
'catboost' is a soft dependency and not included in the pycaret installation. Please run: `pip install catboost` to install.
Alternately, you can install this by running `pip install pycaret[models]`
2026-02-26 17:02:01,059:INFO:Soft dependency imported: xgboost: 3.2.0
2026-02-26 17:02:01,061:WARNING:
'catboost' is a soft dependency and not included in the pycaret installation. Please run: `pip install catboost` to install.
Alternately, you can install this by running `pip install pycaret[models]`
2026-02-26 17:02:01,061:INFO:setup() successfully completed in 1.65s...............
2026-02-26 17:02:01,062:INFO:Initializing compare_models()
2026-02-26 17:02:01,062:INFO:compare_models(self=<pycaret.regression.oop.RegressionExperiment object at 0x0000023DBD3A1990>, include=None, exclude=None, fold=None, round=4, cross_validation=True, sort=R2, n_select=3, budget_time=None, turbo=True, errors=ignore, fit_kwargs=None, groups=None, experiment_custom_tags=None, probability_threshold=None, verbose=False, parallel=None, caller_params={'self': <pycaret.regression.oop.RegressionExperiment object at 0x0000023DBD3A1990>, 'include': None, 'exclude': None, 'fold': None, 'round': 4, 'cross_validation': True, 'sort': 'R2', 'n_select': 3, 'budget_time': None, 'turbo': True, 'errors': 'ignore', 'fit_kwargs': None, 'groups': None, 'experiment_custom_tags': None, 'engine': None, 'verbose': False, 'parallel': None, '__class__': <class 'pycaret.regression.oop.RegressionExperiment'>})
2026-02-26 17:02:01,062:INFO:Checking exceptions
2026-02-26 17:02:01,063:INFO:Preparing display monitor
2026-02-26 17:02:01,065:INFO:Initializing Linear Regression
2026-02-26 17:02:01,065:INFO:Total runtime is 0.0 minutes
2026-02-26 17:02:01,065:INFO:SubProcess create_model() called ==================================
2026-02-26 17:02:01,065:INFO:Initializing create_model()
2026-02-26 17:02:01,065:INFO:create_model(self=<pycaret.regression.oop.RegressionExperiment object at 0x0000023DBD3A1990>, estimator=lr, fold=KFold(n_splits=5, random_state=None, shuffle=False), round=4, cross_validation=True, predict=True, fit_kwargs={}, groups=None, refit=False, probability_threshold=None, experiment_custom_tags=None, verbose=False, system=False, add_to_model_list=True, metrics=None, display=<pycaret.internal.display.display.CommonDisplay object at 0x0000023DC76BB6D0>, model_only=True, return_train_score=False, error_score=0.0, kwargs={})
2026-02-26 17:02:01,065:INFO:Checking exceptions
2026-02-26 17:02:01,065:INFO:Importing libraries
2026-02-26 17:02:01,065:INFO:Copying training dataset
2026-02-26 17:02:01,067:INFO:Defining folds
2026-02-26 17:02:01,067:INFO:Declaring metric variables
2026-02-26 17:02:01,067:INFO:Importing untrained model
2026-02-26 17:02:01,067:INFO:Linear Regression Imported successfully
2026-02-26 17:02:01,068:INFO:Starting cross validation
2026-02-26 17:02:01,069:INFO:Cross validating with KFold(n_splits=5, random_state=None, shuffle=False), n_jobs=-1
2026-02-26 17:02:05,714:WARNING:c:\Users\Playdata2\miniconda3\envs\battery_env\Lib\site-packages\_distutils_hack\__init__.py:30: UserWarning: Setuptools is replacing distutils. Support for replacing an already imported distutils is deprecated. In the future, this condition will fail. Register concerns at https://github.com/pypa/setuptools/issues/new?template=distutils-deprecation.yml
  warnings.warn(

2026-02-26 17:02:05,714:WARNING:c:\Users\Playdata2\miniconda3\envs\battery_env\Lib\site-packages\_distutils_hack\__init__.py:30: UserWarning: Setuptools is replacing distutils. Support for replacing an already imported distutils is deprecated. In the future, this condition will fail. Register concerns at https://github.com/pypa/setuptools/issues/new?template=distutils-deprecation.yml
  warnings.warn(

2026-02-26 17:02:05,715:WARNING:c:\Users\Playdata2\miniconda3\envs\battery_env\Lib\site-packages\_distutils_hack\__init__.py:30: UserWarning: Setuptools is replacing distutils. Support for replacing an already imported distutils is deprecated. In the future, this condition will fail. Register concerns at https://github.com/pypa/setuptools/issues/new?template=distutils-deprecation.yml
  warnings.warn(

2026-02-26 17:02:05,717:WARNING:c:\Users\Playdata2\miniconda3\envs\battery_env\Lib\site-packages\_distutils_hack\__init__.py:30: UserWarning: Setuptools is replacing distutils. Support for replacing an already imported distutils is deprecated. In the future, this condition will fail. Register concerns at https://github.com/pypa/setuptools/issues/new?template=distutils-deprecation.yml
  warnings.warn(

2026-02-26 17:02:05,729:WARNING:c:\Users\Playdata2\miniconda3\envs\battery_env\Lib\site-packages\_distutils_hack\__init__.py:30: UserWarning: Setuptools is replacing distutils. Support for replacing an already imported distutils is deprecated. In the future, this condition will fail. Register concerns at https://github.com/pypa/setuptools/issues/new?template=distutils-deprecation.yml
  warnings.warn(

2026-02-26 17:02:06,000:INFO:Calculating mean and std
2026-02-26 17:02:06,000:INFO:Creating metrics dataframe
2026-02-26 17:02:06,007:INFO:Uploading results into container
2026-02-26 17:02:06,007:INFO:Uploading model into container now
2026-02-26 17:02:06,007:INFO:_master_model_container: 1
2026-02-26 17:02:06,008:INFO:_display_container: 2
2026-02-26 17:02:06,008:INFO:LinearRegression(n_jobs=-1)
2026-02-26 17:02:06,008:INFO:create_model() successfully completed......................................
2026-02-26 17:02:06,257:INFO:SubProcess create_model() end ==================================
2026-02-26 17:02:06,257:INFO:Creating metrics dataframe
2026-02-26 17:02:06,259:INFO:Initializing Lasso Regression
2026-02-26 17:02:06,259:INFO:Total runtime is 0.08657141129175822 minutes
2026-02-26 17:02:06,259:INFO:SubProcess create_model() called ==================================
2026-02-26 17:02:06,259:INFO:Initializing create_model()
2026-02-26 17:02:06,259:INFO:create_model(self=<pycaret.regression.oop.RegressionExperiment object at 0x0000023DBD3A1990>, estimator=lasso, fold=KFold(n_splits=5, random_state=None, shuffle=False), round=4, cross_validation=True, predict=True, fit_kwargs={}, groups=None, refit=False, probability_threshold=None, experiment_custom_tags=None, verbose=False, system=False, add_to_model_list=True, metrics=None, display=<pycaret.internal.display.display.CommonDisplay object at 0x0000023DC76BB6D0>, model_only=True, return_train_score=False, error_score=0.0, kwargs={})
2026-02-26 17:02:06,259:INFO:Checking exceptions
2026-02-26 17:02:06,260:INFO:Importing libraries
2026-02-26 17:02:06,260:INFO:Copying training dataset
2026-02-26 17:02:06,261:INFO:Defining folds
2026-02-26 17:02:06,261:INFO:Declaring metric variables
2026-02-26 17:02:06,261:INFO:Importing untrained model
2026-02-26 17:02:06,261:INFO:Lasso Regression Imported successfully
2026-02-26 17:02:06,261:INFO:Starting cross validation
2026-02-26 17:02:06,263:INFO:Cross validating with KFold(n_splits=5, random_state=None, shuffle=False), n_jobs=-1
2026-02-26 17:02:09,203:WARNING:c:\Users\Playdata2\miniconda3\envs\battery_env\Lib\site-packages\_distutils_hack\__init__.py:30: UserWarning: Setuptools is replacing distutils. Support for replacing an already imported distutils is deprecated. In the future, this condition will fail. Register concerns at https://github.com/pypa/setuptools/issues/new?template=distutils-deprecation.yml
  warnings.warn(

2026-02-26 17:02:09,227:WARNING:c:\Users\Playdata2\miniconda3\envs\battery_env\Lib\site-packages\_distutils_hack\__init__.py:30: UserWarning: Setuptools is replacing distutils. Support for replacing an already imported distutils is deprecated. In the future, this condition will fail. Register concerns at https://github.com/pypa/setuptools/issues/new?template=distutils-deprecation.yml
  warnings.warn(

2026-02-26 17:02:09,242:WARNING:c:\Users\Playdata2\miniconda3\envs\battery_env\Lib\site-packages\_distutils_hack\__init__.py:30: UserWarning: Setuptools is replacing distutils. Support for replacing an already imported distutils is deprecated. In the future, this condition will fail. Register concerns at https://github.com/pypa/setuptools/issues/new?template=distutils-deprecation.yml
  warnings.warn(

2026-02-26 17:02:09,476:INFO:Calculating mean and std
2026-02-26 17:02:09,477:INFO:Creating metrics dataframe
2026-02-26 17:02:09,479:INFO:Uploading results into container
2026-02-26 17:02:09,479:INFO:Uploading model into container now
2026-02-26 17:02:09,480:INFO:_master_model_container: 2
2026-02-26 17:02:09,480:INFO:_display_container: 2
2026-02-26 17:02:09,480:INFO:Lasso(random_state=42)
2026-02-26 17:02:09,480:INFO:create_model() successfully completed......................................
2026-02-26 17:02:09,650:INFO:SubProcess create_model() end ==================================
2026-02-26 17:02:09,650:INFO:Creating metrics dataframe
2026-02-26 17:02:09,652:INFO:Initializing Ridge Regression
2026-02-26 17:02:09,652:INFO:Total runtime is 0.1431165814399719 minutes
2026-02-26 17:02:09,653:INFO:SubProcess create_model() called ==================================
2026-02-26 17:02:09,653:INFO:Initializing create_model()
2026-02-26 17:02:09,653:INFO:create_model(self=<pycaret.regression.oop.RegressionExperiment object at 0x0000023DBD3A1990>, estimator=ridge, fold=KFold(n_splits=5, random_state=None, shuffle=False), round=4, cross_validation=True, predict=True, fit_kwargs={}, groups=None, refit=False, probability_threshold=None, experiment_custom_tags=None, verbose=False, system=False, add_to_model_list=True, metrics=None, display=<pycaret.internal.display.display.CommonDisplay object at 0x0000023DC76BB6D0>, model_only=True, return_train_score=False, error_score=0.0, kwargs={})
2026-02-26 17:02:09,653:INFO:Checking exceptions
2026-02-26 17:02:09,653:INFO:Importing libraries
2026-02-26 17:02:09,653:INFO:Copying training dataset
2026-02-26 17:02:09,657:INFO:Defining folds
2026-02-26 17:02:09,657:INFO:Declaring metric variables
2026-02-26 17:02:09,657:INFO:Importing untrained model
2026-02-26 17:02:09,657:INFO:Ridge Regression Imported successfully
2026-02-26 17:02:09,657:INFO:Starting cross validation
2026-02-26 17:02:09,657:INFO:Cross validating with KFold(n_splits=5, random_state=None, shuffle=False), n_jobs=-1
2026-02-26 17:02:09,718:INFO:Calculating mean and std
2026-02-26 17:02:09,718:INFO:Creating metrics dataframe
2026-02-26 17:02:09,720:INFO:Uploading results into container
2026-02-26 17:02:09,720:INFO:Uploading model into container now
2026-02-26 17:02:09,720:INFO:_master_model_container: 3
2026-02-26 17:02:09,720:INFO:_display_container: 2
2026-02-26 17:02:09,721:INFO:Ridge(random_state=42)
2026-02-26 17:02:09,721:INFO:create_model() successfully completed......................................
2026-02-26 17:02:09,863:INFO:SubProcess create_model() end ==================================
2026-02-26 17:02:09,863:INFO:Creating metrics dataframe
2026-02-26 17:02:09,866:INFO:Initializing Elastic Net
2026-02-26 17:02:09,866:INFO:Total runtime is 0.14667783975601195 minutes
2026-02-26 17:02:09,866:INFO:SubProcess create_model() called ==================================
2026-02-26 17:02:09,867:INFO:Initializing create_model()
2026-02-26 17:02:09,867:INFO:create_model(self=<pycaret.regression.oop.RegressionExperiment object at 0x0000023DBD3A1990>, estimator=en, fold=KFold(n_splits=5, random_state=None, shuffle=False), round=4, cross_validation=True, predict=True, fit_kwargs={}, groups=None, refit=False, probability_threshold=None, experiment_custom_tags=None, verbose=False, system=False, add_to_model_list=True, metrics=None, display=<pycaret.internal.display.display.CommonDisplay object at 0x0000023DC76BB6D0>, model_only=True, return_train_score=False, error_score=0.0, kwargs={})
2026-02-26 17:02:09,867:INFO:Checking exceptions
2026-02-26 17:02:09,867:INFO:Importing libraries
2026-02-26 17:02:09,867:INFO:Copying training dataset
2026-02-26 17:02:09,869:INFO:Defining folds
2026-02-26 17:02:09,869:INFO:Declaring metric variables
2026-02-26 17:02:09,869:INFO:Importing untrained model
2026-02-26 17:02:09,869:INFO:Elastic Net Imported successfully
2026-02-26 17:02:09,869:INFO:Starting cross validation
2026-02-26 17:02:09,870:INFO:Cross validating with KFold(n_splits=5, random_state=None, shuffle=False), n_jobs=-1
2026-02-26 17:02:09,911:INFO:Calculating mean and std
2026-02-26 17:02:09,911:INFO:Creating metrics dataframe
2026-02-26 17:02:09,913:INFO:Uploading results into container
2026-02-26 17:02:09,913:INFO:Uploading model into container now
2026-02-26 17:02:09,913:INFO:_master_model_container: 4
2026-02-26 17:02:09,913:INFO:_display_container: 2
2026-02-26 17:02:09,914:INFO:ElasticNet(random_state=42)
2026-02-26 17:02:09,914:INFO:create_model() successfully completed......................................
2026-02-26 17:02:10,064:INFO:SubProcess create_model() end ==================================
2026-02-26 17:02:10,065:INFO:Creating metrics dataframe
2026-02-26 17:02:10,067:INFO:Initializing Least Angle Regression
2026-02-26 17:02:10,068:INFO:Total runtime is 0.15004462798436483 minutes
2026-02-26 17:02:10,068:INFO:SubProcess create_model() called ==================================
2026-02-26 17:02:10,068:INFO:Initializing create_model()
2026-02-26 17:02:10,068:INFO:create_model(self=<pycaret.regression.oop.RegressionExperiment object at 0x0000023DBD3A1990>, estimator=lar, fold=KFold(n_splits=5, random_state=None, shuffle=False), round=4, cross_validation=True, predict=True, fit_kwargs={}, groups=None, refit=False, probability_threshold=None, experiment_custom_tags=None, verbose=False, system=False, add_to_model_list=True, metrics=None, display=<pycaret.internal.display.display.CommonDisplay object at 0x0000023DC76BB6D0>, model_only=True, return_train_score=False, error_score=0.0, kwargs={})
2026-02-26 17:02:10,068:INFO:Checking exceptions
2026-02-26 17:02:10,068:INFO:Importing libraries
2026-02-26 17:02:10,068:INFO:Copying training dataset
2026-02-26 17:02:10,069:INFO:Defining folds
2026-02-26 17:02:10,069:INFO:Declaring metric variables
2026-02-26 17:02:10,069:INFO:Importing untrained model
2026-02-26 17:02:10,071:INFO:Least Angle Regression Imported successfully
2026-02-26 17:02:10,071:INFO:Starting cross validation
2026-02-26 17:02:10,072:INFO:Cross validating with KFold(n_splits=5, random_state=None, shuffle=False), n_jobs=-1
2026-02-26 17:02:10,120:INFO:Calculating mean and std
2026-02-26 17:02:10,120:INFO:Creating metrics dataframe
2026-02-26 17:02:10,123:INFO:Uploading results into container
2026-02-26 17:02:10,124:INFO:Uploading model into container now
2026-02-26 17:02:10,124:INFO:_master_model_container: 5
2026-02-26 17:02:10,124:INFO:_display_container: 2
2026-02-26 17:02:10,124:INFO:Lars(random_state=42)
2026-02-26 17:02:10,124:INFO:create_model() successfully completed......................................
2026-02-26 17:02:10,264:INFO:SubProcess create_model() end ==================================
2026-02-26 17:02:10,264:INFO:Creating metrics dataframe
2026-02-26 17:02:10,265:INFO:Initializing Lasso Least Angle Regression
2026-02-26 17:02:10,265:INFO:Total runtime is 0.1533415158589681 minutes
2026-02-26 17:02:10,265:INFO:SubProcess create_model() called ==================================
2026-02-26 17:02:10,266:INFO:Initializing create_model()
2026-02-26 17:02:10,266:INFO:create_model(self=<pycaret.regression.oop.RegressionExperiment object at 0x0000023DBD3A1990>, estimator=llar, fold=KFold(n_splits=5, random_state=None, shuffle=False), round=4, cross_validation=True, predict=True, fit_kwargs={}, groups=None, refit=False, probability_threshold=None, experiment_custom_tags=None, verbose=False, system=False, add_to_model_list=True, metrics=None, display=<pycaret.internal.display.display.CommonDisplay object at 0x0000023DC76BB6D0>, model_only=True, return_train_score=False, error_score=0.0, kwargs={})
2026-02-26 17:02:10,266:INFO:Checking exceptions
2026-02-26 17:02:10,266:INFO:Importing libraries
2026-02-26 17:02:10,266:INFO:Copying training dataset
2026-02-26 17:02:10,268:INFO:Defining folds
2026-02-26 17:02:10,268:INFO:Declaring metric variables
2026-02-26 17:02:10,268:INFO:Importing untrained model
2026-02-26 17:02:10,269:INFO:Lasso Least Angle Regression Imported successfully
2026-02-26 17:02:10,269:INFO:Starting cross validation
2026-02-26 17:02:10,269:INFO:Cross validating with KFold(n_splits=5, random_state=None, shuffle=False), n_jobs=-1
2026-02-26 17:02:10,310:INFO:Calculating mean and std
2026-02-26 17:02:10,311:INFO:Creating metrics dataframe
2026-02-26 17:02:10,312:INFO:Uploading results into container
2026-02-26 17:02:10,312:INFO:Uploading model into container now
2026-02-26 17:02:10,312:INFO:_master_model_container: 6
2026-02-26 17:02:10,312:INFO:_display_container: 2
2026-02-26 17:02:10,313:INFO:LassoLars(random_state=42)
2026-02-26 17:02:10,313:INFO:create_model() successfully completed......................................
2026-02-26 17:02:10,455:INFO:SubProcess create_model() end ==================================
2026-02-26 17:02:10,455:INFO:Creating metrics dataframe
2026-02-26 17:02:10,457:INFO:Initializing Orthogonal Matching Pursuit
2026-02-26 17:02:10,457:INFO:Total runtime is 0.1565377394358317 minutes
2026-02-26 17:02:10,457:INFO:SubProcess create_model() called ==================================
2026-02-26 17:02:10,459:INFO:Initializing create_model()
2026-02-26 17:02:10,459:INFO:create_model(self=<pycaret.regression.oop.RegressionExperiment object at 0x0000023DBD3A1990>, estimator=omp, fold=KFold(n_splits=5, random_state=None, shuffle=False), round=4, cross_validation=True, predict=True, fit_kwargs={}, groups=None, refit=False, probability_threshold=None, experiment_custom_tags=None, verbose=False, system=False, add_to_model_list=True, metrics=None, display=<pycaret.internal.display.display.CommonDisplay object at 0x0000023DC76BB6D0>, model_only=True, return_train_score=False, error_score=0.0, kwargs={})
2026-02-26 17:02:10,459:INFO:Checking exceptions
2026-02-26 17:02:10,459:INFO:Importing libraries
2026-02-26 17:02:10,459:INFO:Copying training dataset
2026-02-26 17:02:10,461:INFO:Defining folds
2026-02-26 17:02:10,461:INFO:Declaring metric variables
2026-02-26 17:02:10,461:INFO:Importing untrained model
2026-02-26 17:02:10,461:INFO:Orthogonal Matching Pursuit Imported successfully
2026-02-26 17:02:10,461:INFO:Starting cross validation
2026-02-26 17:02:10,462:INFO:Cross validating with KFold(n_splits=5, random_state=None, shuffle=False), n_jobs=-1
2026-02-26 17:02:10,512:INFO:Calculating mean and std
2026-02-26 17:02:10,513:INFO:Creating metrics dataframe
2026-02-26 17:02:10,513:INFO:Uploading results into container
2026-02-26 17:02:10,515:INFO:Uploading model into container now
2026-02-26 17:02:10,515:INFO:_master_model_container: 7
2026-02-26 17:02:10,515:INFO:_display_container: 2
2026-02-26 17:02:10,515:INFO:OrthogonalMatchingPursuit()
2026-02-26 17:02:10,515:INFO:create_model() successfully completed......................................
2026-02-26 17:02:10,652:INFO:SubProcess create_model() end ==================================
2026-02-26 17:02:10,652:INFO:Creating metrics dataframe
2026-02-26 17:02:10,655:INFO:Initializing Bayesian Ridge
2026-02-26 17:02:10,657:INFO:Total runtime is 0.15986931721369427 minutes
2026-02-26 17:02:10,657:INFO:SubProcess create_model() called ==================================
2026-02-26 17:02:10,657:INFO:Initializing create_model()
2026-02-26 17:02:10,657:INFO:create_model(self=<pycaret.regression.oop.RegressionExperiment object at 0x0000023DBD3A1990>, estimator=br, fold=KFold(n_splits=5, random_state=None, shuffle=False), round=4, cross_validation=True, predict=True, fit_kwargs={}, groups=None, refit=False, probability_threshold=None, experiment_custom_tags=None, verbose=False, system=False, add_to_model_list=True, metrics=None, display=<pycaret.internal.display.display.CommonDisplay object at 0x0000023DC76BB6D0>, model_only=True, return_train_score=False, error_score=0.0, kwargs={})
2026-02-26 17:02:10,657:INFO:Checking exceptions
2026-02-26 17:02:10,657:INFO:Importing libraries
2026-02-26 17:02:10,657:INFO:Copying training dataset
2026-02-26 17:02:10,660:INFO:Defining folds
2026-02-26 17:02:10,660:INFO:Declaring metric variables
2026-02-26 17:02:10,660:INFO:Importing untrained model
2026-02-26 17:02:10,660:INFO:Bayesian Ridge Imported successfully
2026-02-26 17:02:10,661:INFO:Starting cross validation
2026-02-26 17:02:10,661:INFO:Cross validating with KFold(n_splits=5, random_state=None, shuffle=False), n_jobs=-1
2026-02-26 17:02:10,710:INFO:Calculating mean and std
2026-02-26 17:02:10,710:INFO:Creating metrics dataframe
2026-02-26 17:02:10,711:INFO:Uploading results into container
2026-02-26 17:02:10,711:INFO:Uploading model into container now
2026-02-26 17:02:10,711:INFO:_master_model_container: 8
2026-02-26 17:02:10,711:INFO:_display_container: 2
2026-02-26 17:02:10,712:INFO:BayesianRidge()
2026-02-26 17:02:10,712:INFO:create_model() successfully completed......................................
2026-02-26 17:02:10,848:INFO:SubProcess create_model() end ==================================
2026-02-26 17:02:10,848:INFO:Creating metrics dataframe
2026-02-26 17:02:10,850:INFO:Initializing Passive Aggressive Regressor
2026-02-26 17:02:10,850:INFO:Total runtime is 0.16308853228886924 minutes
2026-02-26 17:02:10,850:INFO:SubProcess create_model() called ==================================
2026-02-26 17:02:10,850:INFO:Initializing create_model()
2026-02-26 17:02:10,850:INFO:create_model(self=<pycaret.regression.oop.RegressionExperiment object at 0x0000023DBD3A1990>, estimator=par, fold=KFold(n_splits=5, random_state=None, shuffle=False), round=4, cross_validation=True, predict=True, fit_kwargs={}, groups=None, refit=False, probability_threshold=None, experiment_custom_tags=None, verbose=False, system=False, add_to_model_list=True, metrics=None, display=<pycaret.internal.display.display.CommonDisplay object at 0x0000023DC76BB6D0>, model_only=True, return_train_score=False, error_score=0.0, kwargs={})
2026-02-26 17:02:10,850:INFO:Checking exceptions
2026-02-26 17:02:10,850:INFO:Importing libraries
2026-02-26 17:02:10,850:INFO:Copying training dataset
2026-02-26 17:02:10,852:INFO:Defining folds
2026-02-26 17:02:10,852:INFO:Declaring metric variables
2026-02-26 17:02:10,852:INFO:Importing untrained model
2026-02-26 17:02:10,853:INFO:Passive Aggressive Regressor Imported successfully
2026-02-26 17:02:10,853:INFO:Starting cross validation
2026-02-26 17:02:10,853:INFO:Cross validating with KFold(n_splits=5, random_state=None, shuffle=False), n_jobs=-1
2026-02-26 17:02:10,903:INFO:Calculating mean and std
2026-02-26 17:02:10,903:INFO:Creating metrics dataframe
2026-02-26 17:02:10,905:INFO:Uploading results into container
2026-02-26 17:02:10,905:INFO:Uploading model into container now
2026-02-26 17:02:10,907:INFO:_master_model_container: 9
2026-02-26 17:02:10,907:INFO:_display_container: 2
2026-02-26 17:02:10,907:INFO:PassiveAggressiveRegressor(random_state=42)
2026-02-26 17:02:10,907:INFO:create_model() successfully completed......................................
2026-02-26 17:02:11,063:INFO:SubProcess create_model() end ==================================
2026-02-26 17:02:11,063:INFO:Creating metrics dataframe
2026-02-26 17:02:11,065:INFO:Initializing Huber Regressor
2026-02-26 17:02:11,065:INFO:Total runtime is 0.16666756470998131 minutes
2026-02-26 17:02:11,065:INFO:SubProcess create_model() called ==================================
2026-02-26 17:02:11,066:INFO:Initializing create_model()
2026-02-26 17:02:11,066:INFO:create_model(self=<pycaret.regression.oop.RegressionExperiment object at 0x0000023DBD3A1990>, estimator=huber, fold=KFold(n_splits=5, random_state=None, shuffle=False), round=4, cross_validation=True, predict=True, fit_kwargs={}, groups=None, refit=False, probability_threshold=None, experiment_custom_tags=None, verbose=False, system=False, add_to_model_list=True, metrics=None, display=<pycaret.internal.display.display.CommonDisplay object at 0x0000023DC76BB6D0>, model_only=True, return_train_score=False, error_score=0.0, kwargs={})
2026-02-26 17:02:11,066:INFO:Checking exceptions
2026-02-26 17:02:11,066:INFO:Importing libraries
2026-02-26 17:02:11,066:INFO:Copying training dataset
2026-02-26 17:02:11,068:INFO:Defining folds
2026-02-26 17:02:11,068:INFO:Declaring metric variables
2026-02-26 17:02:11,068:INFO:Importing untrained model
2026-02-26 17:02:11,068:INFO:Huber Regressor Imported successfully
2026-02-26 17:02:11,068:INFO:Starting cross validation
2026-02-26 17:02:11,069:INFO:Cross validating with KFold(n_splits=5, random_state=None, shuffle=False), n_jobs=-1
2026-02-26 17:02:11,126:INFO:Calculating mean and std
2026-02-26 17:02:11,126:INFO:Creating metrics dataframe
2026-02-26 17:02:11,127:INFO:Uploading results into container
2026-02-26 17:02:11,128:INFO:Uploading model into container now
2026-02-26 17:02:11,128:INFO:_master_model_container: 10
2026-02-26 17:02:11,128:INFO:_display_container: 2
2026-02-26 17:02:11,128:INFO:HuberRegressor()
2026-02-26 17:02:11,128:INFO:create_model() successfully completed......................................
2026-02-26 17:02:11,279:INFO:SubProcess create_model() end ==================================
2026-02-26 17:02:11,279:INFO:Creating metrics dataframe
2026-02-26 17:02:11,282:INFO:Initializing K Neighbors Regressor
2026-02-26 17:02:11,282:INFO:Total runtime is 0.17028775612513228 minutes
2026-02-26 17:02:11,283:INFO:SubProcess create_model() called ==================================
2026-02-26 17:02:11,283:INFO:Initializing create_model()
2026-02-26 17:02:11,283:INFO:create_model(self=<pycaret.regression.oop.RegressionExperiment object at 0x0000023DBD3A1990>, estimator=knn, fold=KFold(n_splits=5, random_state=None, shuffle=False), round=4, cross_validation=True, predict=True, fit_kwargs={}, groups=None, refit=False, probability_threshold=None, experiment_custom_tags=None, verbose=False, system=False, add_to_model_list=True, metrics=None, display=<pycaret.internal.display.display.CommonDisplay object at 0x0000023DC76BB6D0>, model_only=True, return_train_score=False, error_score=0.0, kwargs={})
2026-02-26 17:02:11,283:INFO:Checking exceptions
2026-02-26 17:02:11,283:INFO:Importing libraries
2026-02-26 17:02:11,283:INFO:Copying training dataset
2026-02-26 17:02:11,285:INFO:Defining folds
2026-02-26 17:02:11,285:INFO:Declaring metric variables
2026-02-26 17:02:11,285:INFO:Importing untrained model
2026-02-26 17:02:11,285:INFO:K Neighbors Regressor Imported successfully
2026-02-26 17:02:11,285:INFO:Starting cross validation
2026-02-26 17:02:11,286:INFO:Cross validating with KFold(n_splits=5, random_state=None, shuffle=False), n_jobs=-1
2026-02-26 17:02:11,356:INFO:Calculating mean and std
2026-02-26 17:02:11,356:INFO:Creating metrics dataframe
2026-02-26 17:02:11,357:INFO:Uploading results into container
2026-02-26 17:02:11,357:INFO:Uploading model into container now
2026-02-26 17:02:11,357:INFO:_master_model_container: 11
2026-02-26 17:02:11,357:INFO:_display_container: 2
2026-02-26 17:02:11,358:INFO:KNeighborsRegressor(n_jobs=-1)
2026-02-26 17:02:11,358:INFO:create_model() successfully completed......................................
2026-02-26 17:02:11,495:INFO:SubProcess create_model() end ==================================
2026-02-26 17:02:11,496:INFO:Creating metrics dataframe
2026-02-26 17:02:11,497:INFO:Initializing Decision Tree Regressor
2026-02-26 17:02:11,497:INFO:Total runtime is 0.17387191454569503 minutes
2026-02-26 17:02:11,498:INFO:SubProcess create_model() called ==================================
2026-02-26 17:02:11,498:INFO:Initializing create_model()
2026-02-26 17:02:11,498:INFO:create_model(self=<pycaret.regression.oop.RegressionExperiment object at 0x0000023DBD3A1990>, estimator=dt, fold=KFold(n_splits=5, random_state=None, shuffle=False), round=4, cross_validation=True, predict=True, fit_kwargs={}, groups=None, refit=False, probability_threshold=None, experiment_custom_tags=None, verbose=False, system=False, add_to_model_list=True, metrics=None, display=<pycaret.internal.display.display.CommonDisplay object at 0x0000023DC76BB6D0>, model_only=True, return_train_score=False, error_score=0.0, kwargs={})
2026-02-26 17:02:11,498:INFO:Checking exceptions
2026-02-26 17:02:11,498:INFO:Importing libraries
2026-02-26 17:02:11,498:INFO:Copying training dataset
2026-02-26 17:02:11,500:INFO:Defining folds
2026-02-26 17:02:11,500:INFO:Declaring metric variables
2026-02-26 17:02:11,500:INFO:Importing untrained model
2026-02-26 17:02:11,500:INFO:Decision Tree Regressor Imported successfully
2026-02-26 17:02:11,500:INFO:Starting cross validation
2026-02-26 17:02:11,502:INFO:Cross validating with KFold(n_splits=5, random_state=None, shuffle=False), n_jobs=-1
2026-02-26 17:02:11,540:INFO:Calculating mean and std
2026-02-26 17:02:11,540:INFO:Creating metrics dataframe
2026-02-26 17:02:11,542:INFO:Uploading results into container
2026-02-26 17:02:11,542:INFO:Uploading model into container now
2026-02-26 17:02:11,543:INFO:_master_model_container: 12
2026-02-26 17:02:11,543:INFO:_display_container: 2
2026-02-26 17:02:11,543:INFO:DecisionTreeRegressor(random_state=42)
2026-02-26 17:02:11,543:INFO:create_model() successfully completed......................................
2026-02-26 17:02:11,682:INFO:SubProcess create_model() end ==================================
2026-02-26 17:02:11,682:INFO:Creating metrics dataframe
2026-02-26 17:02:11,685:INFO:Initializing Random Forest Regressor
2026-02-26 17:02:11,685:INFO:Total runtime is 0.17699531714121505 minutes
2026-02-26 17:02:11,685:INFO:SubProcess create_model() called ==================================
2026-02-26 17:02:11,685:INFO:Initializing create_model()
2026-02-26 17:02:11,685:INFO:create_model(self=<pycaret.regression.oop.RegressionExperiment object at 0x0000023DBD3A1990>, estimator=rf, fold=KFold(n_splits=5, random_state=None, shuffle=False), round=4, cross_validation=True, predict=True, fit_kwargs={}, groups=None, refit=False, probability_threshold=None, experiment_custom_tags=None, verbose=False, system=False, add_to_model_list=True, metrics=None, display=<pycaret.internal.display.display.CommonDisplay object at 0x0000023DC76BB6D0>, model_only=True, return_train_score=False, error_score=0.0, kwargs={})
2026-02-26 17:02:11,685:INFO:Checking exceptions
2026-02-26 17:02:11,685:INFO:Importing libraries
2026-02-26 17:02:11,685:INFO:Copying training dataset
2026-02-26 17:02:11,687:INFO:Defining folds
2026-02-26 17:02:11,687:INFO:Declaring metric variables
2026-02-26 17:02:11,687:INFO:Importing untrained model
2026-02-26 17:02:11,687:INFO:Random Forest Regressor Imported successfully
2026-02-26 17:02:11,689:INFO:Starting cross validation
2026-02-26 17:02:11,690:INFO:Cross validating with KFold(n_splits=5, random_state=None, shuffle=False), n_jobs=-1
2026-02-26 17:02:11,947:INFO:Calculating mean and std
2026-02-26 17:02:11,947:INFO:Creating metrics dataframe
2026-02-26 17:02:11,948:INFO:Uploading results into container
2026-02-26 17:02:11,948:INFO:Uploading model into container now
2026-02-26 17:02:11,949:INFO:_master_model_container: 13
2026-02-26 17:02:11,949:INFO:_display_container: 2
2026-02-26 17:02:11,949:INFO:RandomForestRegressor(n_jobs=-1, random_state=42)
2026-02-26 17:02:11,949:INFO:create_model() successfully completed......................................
2026-02-26 17:02:12,090:INFO:SubProcess create_model() end ==================================
2026-02-26 17:02:12,090:INFO:Creating metrics dataframe
2026-02-26 17:02:12,092:INFO:Initializing Extra Trees Regressor
2026-02-26 17:02:12,093:INFO:Total runtime is 0.18379537264506027 minutes
2026-02-26 17:02:12,093:INFO:SubProcess create_model() called ==================================
2026-02-26 17:02:12,093:INFO:Initializing create_model()
2026-02-26 17:02:12,093:INFO:create_model(self=<pycaret.regression.oop.RegressionExperiment object at 0x0000023DBD3A1990>, estimator=et, fold=KFold(n_splits=5, random_state=None, shuffle=False), round=4, cross_validation=True, predict=True, fit_kwargs={}, groups=None, refit=False, probability_threshold=None, experiment_custom_tags=None, verbose=False, system=False, add_to_model_list=True, metrics=None, display=<pycaret.internal.display.display.CommonDisplay object at 0x0000023DC76BB6D0>, model_only=True, return_train_score=False, error_score=0.0, kwargs={})
2026-02-26 17:02:12,093:INFO:Checking exceptions
2026-02-26 17:02:12,093:INFO:Importing libraries
2026-02-26 17:02:12,093:INFO:Copying training dataset
2026-02-26 17:02:12,094:INFO:Defining folds
2026-02-26 17:02:12,094:INFO:Declaring metric variables
2026-02-26 17:02:12,094:INFO:Importing untrained model
2026-02-26 17:02:12,095:INFO:Extra Trees Regressor Imported successfully
2026-02-26 17:02:12,095:INFO:Starting cross validation
2026-02-26 17:02:12,095:INFO:Cross validating with KFold(n_splits=5, random_state=None, shuffle=False), n_jobs=-1
2026-02-26 17:02:12,291:INFO:Calculating mean and std
2026-02-26 17:02:12,292:INFO:Creating metrics dataframe
2026-02-26 17:02:12,293:INFO:Uploading results into container
2026-02-26 17:02:12,293:INFO:Uploading model into container now
2026-02-26 17:02:12,294:INFO:_master_model_container: 14
2026-02-26 17:02:12,294:INFO:_display_container: 2
2026-02-26 17:02:12,294:INFO:ExtraTreesRegressor(n_jobs=-1, random_state=42)
2026-02-26 17:02:12,294:INFO:create_model() successfully completed......................................
2026-02-26 17:02:12,430:INFO:SubProcess create_model() end ==================================
2026-02-26 17:02:12,430:INFO:Creating metrics dataframe
2026-02-26 17:02:12,432:INFO:Initializing AdaBoost Regressor
2026-02-26 17:02:12,432:INFO:Total runtime is 0.18945626020431522 minutes
2026-02-26 17:02:12,432:INFO:SubProcess create_model() called ==================================
2026-02-26 17:02:12,432:INFO:Initializing create_model()
2026-02-26 17:02:12,432:INFO:create_model(self=<pycaret.regression.oop.RegressionExperiment object at 0x0000023DBD3A1990>, estimator=ada, fold=KFold(n_splits=5, random_state=None, shuffle=False), round=4, cross_validation=True, predict=True, fit_kwargs={}, groups=None, refit=False, probability_threshold=None, experiment_custom_tags=None, verbose=False, system=False, add_to_model_list=True, metrics=None, display=<pycaret.internal.display.display.CommonDisplay object at 0x0000023DC76BB6D0>, model_only=True, return_train_score=False, error_score=0.0, kwargs={})
2026-02-26 17:02:12,432:INFO:Checking exceptions
2026-02-26 17:02:12,432:INFO:Importing libraries
2026-02-26 17:02:12,433:INFO:Copying training dataset
2026-02-26 17:02:12,434:INFO:Defining folds
2026-02-26 17:02:12,434:INFO:Declaring metric variables
2026-02-26 17:02:12,435:INFO:Importing untrained model
2026-02-26 17:02:12,435:INFO:AdaBoost Regressor Imported successfully
2026-02-26 17:02:12,435:INFO:Starting cross validation
2026-02-26 17:02:12,436:INFO:Cross validating with KFold(n_splits=5, random_state=None, shuffle=False), n_jobs=-1
2026-02-26 17:02:12,494:INFO:Calculating mean and std
2026-02-26 17:02:12,494:INFO:Creating metrics dataframe
2026-02-26 17:02:12,495:INFO:Uploading results into container
2026-02-26 17:02:12,496:INFO:Uploading model into container now
2026-02-26 17:02:12,496:INFO:_master_model_container: 15
2026-02-26 17:02:12,496:INFO:_display_container: 2
2026-02-26 17:02:12,496:INFO:AdaBoostRegressor(random_state=42)
2026-02-26 17:02:12,496:INFO:create_model() successfully completed......................................
2026-02-26 17:02:12,633:INFO:SubProcess create_model() end ==================================
2026-02-26 17:02:12,633:INFO:Creating metrics dataframe
2026-02-26 17:02:12,635:INFO:Initializing Gradient Boosting Regressor
2026-02-26 17:02:12,636:INFO:Total runtime is 0.19284810225168866 minutes
2026-02-26 17:02:12,636:INFO:SubProcess create_model() called ==================================
2026-02-26 17:02:12,636:INFO:Initializing create_model()
2026-02-26 17:02:12,636:INFO:create_model(self=<pycaret.regression.oop.RegressionExperiment object at 0x0000023DBD3A1990>, estimator=gbr, fold=KFold(n_splits=5, random_state=None, shuffle=False), round=4, cross_validation=True, predict=True, fit_kwargs={}, groups=None, refit=False, probability_threshold=None, experiment_custom_tags=None, verbose=False, system=False, add_to_model_list=True, metrics=None, display=<pycaret.internal.display.display.CommonDisplay object at 0x0000023DC76BB6D0>, model_only=True, return_train_score=False, error_score=0.0, kwargs={})
2026-02-26 17:02:12,636:INFO:Checking exceptions
2026-02-26 17:02:12,636:INFO:Importing libraries
2026-02-26 17:02:12,636:INFO:Copying training dataset
2026-02-26 17:02:12,638:INFO:Defining folds
2026-02-26 17:02:12,638:INFO:Declaring metric variables
2026-02-26 17:02:12,638:INFO:Importing untrained model
2026-02-26 17:02:12,639:INFO:Gradient Boosting Regressor Imported successfully
2026-02-26 17:02:12,639:INFO:Starting cross validation
2026-02-26 17:02:12,639:INFO:Cross validating with KFold(n_splits=5, random_state=None, shuffle=False), n_jobs=-1
2026-02-26 17:02:12,740:INFO:Calculating mean and std
2026-02-26 17:02:12,740:INFO:Creating metrics dataframe
2026-02-26 17:02:12,742:INFO:Uploading results into container
2026-02-26 17:02:12,742:INFO:Uploading model into container now
2026-02-26 17:02:12,743:INFO:_master_model_container: 16
2026-02-26 17:02:12,743:INFO:_display_container: 2
2026-02-26 17:02:12,743:INFO:GradientBoostingRegressor(random_state=42)
2026-02-26 17:02:12,743:INFO:create_model() successfully completed......................................
2026-02-26 17:02:12,881:INFO:SubProcess create_model() end ==================================
2026-02-26 17:02:12,881:INFO:Creating metrics dataframe
2026-02-26 17:02:12,882:INFO:Initializing Extreme Gradient Boosting
2026-02-26 17:02:12,882:INFO:Total runtime is 0.1969581246376038 minutes
2026-02-26 17:02:12,883:INFO:SubProcess create_model() called ==================================
2026-02-26 17:02:12,883:INFO:Initializing create_model()
2026-02-26 17:02:12,883:INFO:create_model(self=<pycaret.regression.oop.RegressionExperiment object at 0x0000023DBD3A1990>, estimator=xgboost, fold=KFold(n_splits=5, random_state=None, shuffle=False), round=4, cross_validation=True, predict=True, fit_kwargs={}, groups=None, refit=False, probability_threshold=None, experiment_custom_tags=None, verbose=False, system=False, add_to_model_list=True, metrics=None, display=<pycaret.internal.display.display.CommonDisplay object at 0x0000023DC76BB6D0>, model_only=True, return_train_score=False, error_score=0.0, kwargs={})
2026-02-26 17:02:12,883:INFO:Checking exceptions
2026-02-26 17:02:12,883:INFO:Importing libraries
2026-02-26 17:02:12,883:INFO:Copying training dataset
2026-02-26 17:02:12,885:INFO:Defining folds
2026-02-26 17:02:12,885:INFO:Declaring metric variables
2026-02-26 17:02:12,886:INFO:Importing untrained model
2026-02-26 17:02:12,887:INFO:Extreme Gradient Boosting Imported successfully
2026-02-26 17:02:12,887:INFO:Starting cross validation
2026-02-26 17:02:12,887:INFO:Cross validating with KFold(n_splits=5, random_state=None, shuffle=False), n_jobs=-1
2026-02-26 17:02:13,051:INFO:Calculating mean and std
2026-02-26 17:02:13,051:INFO:Creating metrics dataframe
2026-02-26 17:02:13,052:INFO:Uploading results into container
2026-02-26 17:02:13,052:INFO:Uploading model into container now
2026-02-26 17:02:13,052:INFO:_master_model_container: 17
2026-02-26 17:02:13,053:INFO:_display_container: 2
2026-02-26 17:02:13,053:INFO:XGBRegressor(base_score=None, booster='gbtree', callbacks=None,
             colsample_bylevel=None, colsample_bynode=None,
             colsample_bytree=None, device='cpu', early_stopping_rounds=None,
             enable_categorical=False, eval_metric=None, feature_types=None,
             feature_weights=None, gamma=None, grow_policy=None,
             importance_type=None, interaction_constraints=None,
             learning_rate=None, max_bin=None, max_cat_threshold=None,
             max_cat_to_onehot=None, max_delta_step=None, max_depth=None,
             max_leaves=None, min_child_weight=None, missing=nan,
             monotone_constraints=None, multi_strategy=None, n_estimators=None,
             n_jobs=-1, num_parallel_tree=None, ...)
2026-02-26 17:02:13,053:INFO:create_model() successfully completed......................................
2026-02-26 17:02:13,240:INFO:SubProcess create_model() end ==================================
2026-02-26 17:02:13,240:INFO:Creating metrics dataframe
2026-02-26 17:02:13,242:INFO:Initializing Light Gradient Boosting Machine
2026-02-26 17:02:13,243:INFO:Total runtime is 0.2029672702153524 minutes
2026-02-26 17:02:13,243:INFO:SubProcess create_model() called ==================================
2026-02-26 17:02:13,243:INFO:Initializing create_model()
2026-02-26 17:02:13,243:INFO:create_model(self=<pycaret.regression.oop.RegressionExperiment object at 0x0000023DBD3A1990>, estimator=lightgbm, fold=KFold(n_splits=5, random_state=None, shuffle=False), round=4, cross_validation=True, predict=True, fit_kwargs={}, groups=None, refit=False, probability_threshold=None, experiment_custom_tags=None, verbose=False, system=False, add_to_model_list=True, metrics=None, display=<pycaret.internal.display.display.CommonDisplay object at 0x0000023DC76BB6D0>, model_only=True, return_train_score=False, error_score=0.0, kwargs={})
2026-02-26 17:02:13,243:INFO:Checking exceptions
2026-02-26 17:02:13,243:INFO:Importing libraries
2026-02-26 17:02:13,243:INFO:Copying training dataset
2026-02-26 17:02:13,244:INFO:Defining folds
2026-02-26 17:02:13,245:INFO:Declaring metric variables
2026-02-26 17:02:13,245:INFO:Importing untrained model
2026-02-26 17:02:13,245:INFO:Light Gradient Boosting Machine Imported successfully
2026-02-26 17:02:13,245:INFO:Starting cross validation
2026-02-26 17:02:13,246:INFO:Cross validating with KFold(n_splits=5, random_state=None, shuffle=False), n_jobs=-1
2026-02-26 17:02:13,531:INFO:Calculating mean and std
2026-02-26 17:02:13,531:INFO:Creating metrics dataframe
2026-02-26 17:02:13,533:INFO:Uploading results into container
2026-02-26 17:02:13,534:INFO:Uploading model into container now
2026-02-26 17:02:13,534:INFO:_master_model_container: 18
2026-02-26 17:02:13,534:INFO:_display_container: 2
2026-02-26 17:02:13,535:INFO:LGBMRegressor(n_jobs=-1, random_state=42)
2026-02-26 17:02:13,535:INFO:create_model() successfully completed......................................
2026-02-26 17:02:13,698:INFO:SubProcess create_model() end ==================================
2026-02-26 17:02:13,698:INFO:Creating metrics dataframe
2026-02-26 17:02:13,700:INFO:Initializing Dummy Regressor
2026-02-26 17:02:13,700:INFO:Total runtime is 0.2105862061182658 minutes
2026-02-26 17:02:13,700:INFO:SubProcess create_model() called ==================================
2026-02-26 17:02:13,700:INFO:Initializing create_model()
2026-02-26 17:02:13,701:INFO:create_model(self=<pycaret.regression.oop.RegressionExperiment object at 0x0000023DBD3A1990>, estimator=dummy, fold=KFold(n_splits=5, random_state=None, shuffle=False), round=4, cross_validation=True, predict=True, fit_kwargs={}, groups=None, refit=False, probability_threshold=None, experiment_custom_tags=None, verbose=False, system=False, add_to_model_list=True, metrics=None, display=<pycaret.internal.display.display.CommonDisplay object at 0x0000023DC76BB6D0>, model_only=True, return_train_score=False, error_score=0.0, kwargs={})
2026-02-26 17:02:13,701:INFO:Checking exceptions
2026-02-26 17:02:13,701:INFO:Importing libraries
2026-02-26 17:02:13,701:INFO:Copying training dataset
2026-02-26 17:02:13,702:INFO:Defining folds
2026-02-26 17:02:13,702:INFO:Declaring metric variables
2026-02-26 17:02:13,703:INFO:Importing untrained model
2026-02-26 17:02:13,703:INFO:Dummy Regressor Imported successfully
2026-02-26 17:02:13,703:INFO:Starting cross validation
2026-02-26 17:02:13,703:INFO:Cross validating with KFold(n_splits=5, random_state=None, shuffle=False), n_jobs=-1
2026-02-26 17:02:13,739:INFO:Calculating mean and std
2026-02-26 17:02:13,739:INFO:Creating metrics dataframe
2026-02-26 17:02:13,740:INFO:Uploading results into container
2026-02-26 17:02:13,741:INFO:Uploading model into container now
2026-02-26 17:02:13,741:INFO:_master_model_container: 19
2026-02-26 17:02:13,742:INFO:_display_container: 2
2026-02-26 17:02:13,742:INFO:DummyRegressor()
2026-02-26 17:02:13,742:INFO:create_model() successfully completed......................................
2026-02-26 17:02:13,886:INFO:SubProcess create_model() end ==================================
2026-02-26 17:02:13,887:INFO:Creating metrics dataframe
2026-02-26 17:02:13,891:INFO:Initializing create_model()
2026-02-26 17:02:13,891:INFO:create_model(self=<pycaret.regression.oop.RegressionExperiment object at 0x0000023DBD3A1990>, estimator=LinearRegression(n_jobs=-1), fold=KFold(n_splits=5, random_state=None, shuffle=False), round=4, cross_validation=False, predict=False, fit_kwargs={}, groups=None, refit=True, probability_threshold=None, experiment_custom_tags=None, verbose=False, system=False, add_to_model_list=True, metrics=None, display=None, model_only=True, return_train_score=False, error_score=0.0, kwargs={})
2026-02-26 17:02:13,891:INFO:Checking exceptions
2026-02-26 17:02:13,892:INFO:Importing libraries
2026-02-26 17:02:13,892:INFO:Copying training dataset
2026-02-26 17:02:13,894:INFO:Defining folds
2026-02-26 17:02:13,894:INFO:Declaring metric variables
2026-02-26 17:02:13,895:INFO:Importing untrained model
2026-02-26 17:02:13,895:INFO:Declaring custom model
2026-02-26 17:02:13,895:INFO:Linear Regression Imported successfully
2026-02-26 17:02:13,896:INFO:Cross validation set to False
2026-02-26 17:02:13,896:INFO:Fitting Model
2026-02-26 17:02:13,903:INFO:LinearRegression(n_jobs=-1)
2026-02-26 17:02:13,903:INFO:create_model() successfully completed......................................
2026-02-26 17:02:14,046:INFO:Initializing create_model()
2026-02-26 17:02:14,047:INFO:create_model(self=<pycaret.regression.oop.RegressionExperiment object at 0x0000023DBD3A1990>, estimator=BayesianRidge(), fold=KFold(n_splits=5, random_state=None, shuffle=False), round=4, cross_validation=False, predict=False, fit_kwargs={}, groups=None, refit=True, probability_threshold=None, experiment_custom_tags=None, verbose=False, system=False, add_to_model_list=True, metrics=None, display=None, model_only=True, return_train_score=False, error_score=0.0, kwargs={})
2026-02-26 17:02:14,047:INFO:Checking exceptions
2026-02-26 17:02:14,048:INFO:Importing libraries
2026-02-26 17:02:14,048:INFO:Copying training dataset
2026-02-26 17:02:14,050:INFO:Defining folds
2026-02-26 17:02:14,050:INFO:Declaring metric variables
2026-02-26 17:02:14,050:INFO:Importing untrained model
2026-02-26 17:02:14,050:INFO:Declaring custom model
2026-02-26 17:02:14,051:INFO:Bayesian Ridge Imported successfully
2026-02-26 17:02:14,051:INFO:Cross validation set to False
2026-02-26 17:02:14,051:INFO:Fitting Model
2026-02-26 17:02:14,059:INFO:BayesianRidge()
2026-02-26 17:02:14,059:INFO:create_model() successfully completed......................................
2026-02-26 17:02:14,198:INFO:Initializing create_model()
2026-02-26 17:02:14,198:INFO:create_model(self=<pycaret.regression.oop.RegressionExperiment object at 0x0000023DBD3A1990>, estimator=Ridge(random_state=42), fold=KFold(n_splits=5, random_state=None, shuffle=False), round=4, cross_validation=False, predict=False, fit_kwargs={}, groups=None, refit=True, probability_threshold=None, experiment_custom_tags=None, verbose=False, system=False, add_to_model_list=True, metrics=None, display=None, model_only=True, return_train_score=False, error_score=0.0, kwargs={})
2026-02-26 17:02:14,198:INFO:Checking exceptions
2026-02-26 17:02:14,200:INFO:Importing libraries
2026-02-26 17:02:14,200:INFO:Copying training dataset
2026-02-26 17:02:14,202:INFO:Defining folds
2026-02-26 17:02:14,202:INFO:Declaring metric variables
2026-02-26 17:02:14,202:INFO:Importing untrained model
2026-02-26 17:02:14,202:INFO:Declaring custom model
2026-02-26 17:02:14,203:INFO:Ridge Regression Imported successfully
2026-02-26 17:02:14,203:INFO:Cross validation set to False
2026-02-26 17:02:14,203:INFO:Fitting Model
2026-02-26 17:02:14,210:INFO:Ridge(random_state=42)
2026-02-26 17:02:14,211:INFO:create_model() successfully completed......................................
2026-02-26 17:02:14,366:INFO:_master_model_container: 19
2026-02-26 17:02:14,367:INFO:_display_container: 2
2026-02-26 17:02:14,367:INFO:[LinearRegression(n_jobs=-1), BayesianRidge(), Ridge(random_state=42)]
2026-02-26 17:02:14,367:INFO:compare_models() successfully completed......................................
2026-02-26 17:02:14,373:INFO:PyCaret RegressionExperiment
2026-02-26 17:02:14,373:INFO:Logging name: reg-default-name
2026-02-26 17:02:14,373:INFO:ML Usecase: MLUsecase.REGRESSION
2026-02-26 17:02:14,373:INFO:version 3.3.2
2026-02-26 17:02:14,373:INFO:Initializing setup()
2026-02-26 17:02:14,373:INFO:self.USI: 1133
2026-02-26 17:02:14,373:INFO:self._variable_keys: {'fold_groups_param', 'gpu_n_jobs_param', 'memory', 'y', 'html_param', 'n_jobs_param', 'exp_id', 'log_plots_param', 'exp_name_log', '_ml_usecase', 'target_param', 'y_train', 'USI', 'idx', 'gpu_param', 'seed', 'pipeline', 'fold_shuffle_param', 'X_train', 'X', 'X_test', 'y_test', 'transform_target_param', 'logging_param', '_available_plots', 'data', 'fold_generator'}
2026-02-26 17:02:14,374:INFO:Checking environment
2026-02-26 17:02:14,374:INFO:python_version: 3.11.14
2026-02-26 17:02:14,374:INFO:python_build: ('main', 'Oct 21 2025 18:30:03')
2026-02-26 17:02:14,374:INFO:machine: AMD64
2026-02-26 17:02:14,374:INFO:platform: Windows-10-10.0.26100-SP0
2026-02-26 17:02:14,375:INFO:Memory: svmem(total=16889774080, available=5045157888, percent=70.1, used=11844616192, free=5045157888)
2026-02-26 17:02:14,375:INFO:Physical Core: 4
2026-02-26 17:02:14,375:INFO:Logical Core: 8
2026-02-26 17:02:14,375:INFO:Checking libraries
2026-02-26 17:02:14,375:INFO:System:
2026-02-26 17:02:14,375:INFO:    python: 3.11.14 | packaged by Anaconda, Inc. | (main, Oct 21 2025, 18:30:03) [MSC v.1929 64 bit (AMD64)]
2026-02-26 17:02:14,375:INFO:executable: c:\Users\Playdata2\miniconda3\envs\battery_env\python.exe
2026-02-26 17:02:14,375:INFO:   machine: Windows-10-10.0.26100-SP0
2026-02-26 17:02:14,375:INFO:PyCaret required dependencies:
2026-02-26 17:02:14,375:INFO:                 pip: 26.0.1
2026-02-26 17:02:14,375:INFO:          setuptools: 80.10.2
2026-02-26 17:02:14,375:INFO:             pycaret: 3.3.2
2026-02-26 17:02:14,375:INFO:             IPython: 9.10.0
2026-02-26 17:02:14,376:INFO:          ipywidgets: 8.1.8
2026-02-26 17:02:14,376:INFO:                tqdm: 4.67.3
2026-02-26 17:02:14,376:INFO:               numpy: 1.26.4
2026-02-26 17:02:14,376:INFO:              pandas: 2.1.4
2026-02-26 17:02:14,376:INFO:              jinja2: 3.1.6
2026-02-26 17:02:14,376:INFO:               scipy: 1.11.4
2026-02-26 17:02:14,376:INFO:              joblib: 1.3.2
2026-02-26 17:02:14,376:INFO:             sklearn: 1.4.2
2026-02-26 17:02:14,376:INFO:                pyod: 2.0.6
2026-02-26 17:02:14,376:INFO:            imblearn: 0.14.1
2026-02-26 17:02:14,376:INFO:   category_encoders: 2.7.0
2026-02-26 17:02:14,376:INFO:            lightgbm: 4.6.0
2026-02-26 17:02:14,376:INFO:               numba: 0.64.0
2026-02-26 17:02:14,376:INFO:            requests: 2.32.5
2026-02-26 17:02:14,376:INFO:          matplotlib: 3.7.5
2026-02-26 17:02:14,376:INFO:          scikitplot: 0.3.7
2026-02-26 17:02:14,376:INFO:         yellowbrick: 1.5
2026-02-26 17:02:14,376:INFO:              plotly: 6.5.2
2026-02-26 17:02:14,376:INFO:    plotly-resampler: Not installed
2026-02-26 17:02:14,376:INFO:             kaleido: 1.2.0
2026-02-26 17:02:14,376:INFO:           schemdraw: 0.15
2026-02-26 17:02:14,376:INFO:         statsmodels: 0.14.6
2026-02-26 17:02:14,376:INFO:              sktime: 0.26.0
2026-02-26 17:02:14,376:INFO:               tbats: 1.1.3
2026-02-26 17:02:14,376:INFO:            pmdarima: 2.0.4
2026-02-26 17:02:14,377:INFO:              psutil: 7.2.2
2026-02-26 17:02:14,377:INFO:          markupsafe: 3.0.3
2026-02-26 17:02:14,377:INFO:             pickle5: Not installed
2026-02-26 17:02:14,377:INFO:         cloudpickle: 3.1.2
2026-02-26 17:02:14,377:INFO:         deprecation: 2.1.0
2026-02-26 17:02:14,377:INFO:              xxhash: 3.6.0
2026-02-26 17:02:14,377:INFO:           wurlitzer: Not installed
2026-02-26 17:02:14,377:INFO:PyCaret optional dependencies:
2026-02-26 17:02:14,377:INFO:                shap: Not installed
2026-02-26 17:02:14,377:INFO:           interpret: Not installed
2026-02-26 17:02:14,377:INFO:                umap: Not installed
2026-02-26 17:02:14,377:INFO:     ydata_profiling: Not installed
2026-02-26 17:02:14,377:INFO:  explainerdashboard: Not installed
2026-02-26 17:02:14,377:INFO:             autoviz: Not installed
2026-02-26 17:02:14,377:INFO:           fairlearn: Not installed
2026-02-26 17:02:14,377:INFO:          deepchecks: Not installed
2026-02-26 17:02:14,377:INFO:             xgboost: 3.2.0
2026-02-26 17:02:14,377:INFO:            catboost: Not installed
2026-02-26 17:02:14,377:INFO:              kmodes: Not installed
2026-02-26 17:02:14,377:INFO:             mlxtend: Not installed
2026-02-26 17:02:14,377:INFO:       statsforecast: Not installed
2026-02-26 17:02:14,377:INFO:        tune_sklearn: Not installed
2026-02-26 17:02:14,377:INFO:                 ray: Not installed
2026-02-26 17:02:14,377:INFO:            hyperopt: Not installed
2026-02-26 17:02:14,377:INFO:              optuna: 4.7.0
2026-02-26 17:02:14,377:INFO:               skopt: Not installed
2026-02-26 17:02:14,377:INFO:              mlflow: Not installed
2026-02-26 17:02:14,377:INFO:              gradio: Not installed
2026-02-26 17:02:14,378:INFO:             fastapi: Not installed
2026-02-26 17:02:14,378:INFO:             uvicorn: Not installed
2026-02-26 17:02:14,378:INFO:              m2cgen: Not installed
2026-02-26 17:02:14,378:INFO:           evidently: Not installed
2026-02-26 17:02:14,378:INFO:               fugue: Not installed
2026-02-26 17:02:14,378:INFO:           streamlit: Not installed
2026-02-26 17:02:14,378:INFO:             prophet: Not installed
2026-02-26 17:02:14,378:INFO:None
2026-02-26 17:02:14,378:INFO:Set up data.
2026-02-26 17:02:14,381:INFO:Set up folding strategy.
2026-02-26 17:02:14,381:INFO:Set up train/test split.
2026-02-26 17:02:14,384:INFO:Set up index.
2026-02-26 17:02:14,384:INFO:Assigning column types.
2026-02-26 17:02:14,387:INFO:Engine successfully changes for model 'lr' to 'sklearn'.
2026-02-26 17:02:14,388:INFO:Engine for model 'lasso' has not been set explicitly, hence returning None.
2026-02-26 17:02:14,393:INFO:Engine for model 'ridge' has not been set explicitly, hence returning None.
2026-02-26 17:02:14,397:INFO:Engine for model 'en' has not been set explicitly, hence returning None.
2026-02-26 17:02:14,446:INFO:Engine for model 'svm' has not been set explicitly, hence returning None.
2026-02-26 17:02:14,484:INFO:Engine for model 'knn' has not been set explicitly, hence returning None.
2026-02-26 17:02:14,484:INFO:Soft dependency imported: xgboost: 3.2.0
2026-02-26 17:02:14,487:WARNING:
'catboost' is a soft dependency and not included in the pycaret installation. Please run: `pip install catboost` to install.
Alternately, you can install this by running `pip install pycaret[models]`
2026-02-26 17:02:14,488:INFO:Engine for model 'lasso' has not been set explicitly, hence returning None.
2026-02-26 17:02:14,492:INFO:Engine for model 'ridge' has not been set explicitly, hence returning None.
2026-02-26 17:02:14,495:INFO:Engine for model 'en' has not been set explicitly, hence returning None.
2026-02-26 17:02:14,543:INFO:Engine for model 'svm' has not been set explicitly, hence returning None.
2026-02-26 17:02:14,584:INFO:Engine for model 'knn' has not been set explicitly, hence returning None.
2026-02-26 17:02:14,584:INFO:Soft dependency imported: xgboost: 3.2.0
2026-02-26 17:02:14,587:WARNING:
'catboost' is a soft dependency and not included in the pycaret installation. Please run: `pip install catboost` to install.
Alternately, you can install this by running `pip install pycaret[models]`
2026-02-26 17:02:14,589:INFO:Engine successfully changes for model 'lasso' to 'sklearn'.
2026-02-26 17:02:14,595:INFO:Engine for model 'ridge' has not been set explicitly, hence returning None.
2026-02-26 17:02:14,598:INFO:Engine for model 'en' has not been set explicitly, hence returning None.
2026-02-26 17:02:14,646:INFO:Engine for model 'svm' has not been set explicitly, hence returning None.
2026-02-26 17:02:14,681:INFO:Engine for model 'knn' has not been set explicitly, hence returning None.
2026-02-26 17:02:14,682:INFO:Soft dependency imported: xgboost: 3.2.0
2026-02-26 17:02:14,685:WARNING:
'catboost' is a soft dependency and not included in the pycaret installation. Please run: `pip install catboost` to install.
Alternately, you can install this by running `pip install pycaret[models]`
2026-02-26 17:02:14,689:INFO:Engine for model 'ridge' has not been set explicitly, hence returning None.
2026-02-26 17:02:14,692:INFO:Engine for model 'en' has not been set explicitly, hence returning None.
2026-02-26 17:02:14,738:INFO:Engine for model 'svm' has not been set explicitly, hence returning None.
2026-02-26 17:02:14,773:INFO:Engine for model 'knn' has not been set explicitly, hence returning None.
2026-02-26 17:02:14,773:INFO:Soft dependency imported: xgboost: 3.2.0
2026-02-26 17:02:14,775:WARNING:
'catboost' is a soft dependency and not included in the pycaret installation. Please run: `pip install catboost` to install.
Alternately, you can install this by running `pip install pycaret[models]`
2026-02-26 17:02:14,776:INFO:Engine successfully changes for model 'ridge' to 'sklearn'.
2026-02-26 17:02:14,783:INFO:Engine for model 'en' has not been set explicitly, hence returning None.
2026-02-26 17:02:14,826:INFO:Engine for model 'svm' has not been set explicitly, hence returning None.
2026-02-26 17:02:14,860:INFO:Engine for model 'knn' has not been set explicitly, hence returning None.
2026-02-26 17:02:14,860:INFO:Soft dependency imported: xgboost: 3.2.0
2026-02-26 17:02:14,863:WARNING:
'catboost' is a soft dependency and not included in the pycaret installation. Please run: `pip install catboost` to install.
Alternately, you can install this by running `pip install pycaret[models]`
2026-02-26 17:02:14,870:INFO:Engine for model 'en' has not been set explicitly, hence returning None.
2026-02-26 17:02:14,913:INFO:Engine for model 'svm' has not been set explicitly, hence returning None.
2026-02-26 17:02:14,948:INFO:Engine for model 'knn' has not been set explicitly, hence returning None.
2026-02-26 17:02:14,948:INFO:Soft dependency imported: xgboost: 3.2.0
2026-02-26 17:02:14,951:WARNING:
'catboost' is a soft dependency and not included in the pycaret installation. Please run: `pip install catboost` to install.
Alternately, you can install this by running `pip install pycaret[models]`
2026-02-26 17:02:14,951:INFO:Engine successfully changes for model 'en' to 'sklearn'.
2026-02-26 17:02:15,002:INFO:Engine for model 'svm' has not been set explicitly, hence returning None.
2026-02-26 17:02:15,035:INFO:Engine for model 'knn' has not been set explicitly, hence returning None.
2026-02-26 17:02:15,036:INFO:Soft dependency imported: xgboost: 3.2.0
2026-02-26 17:02:15,038:WARNING:
'catboost' is a soft dependency and not included in the pycaret installation. Please run: `pip install catboost` to install.
Alternately, you can install this by running `pip install pycaret[models]`
2026-02-26 17:02:15,091:INFO:Engine for model 'svm' has not been set explicitly, hence returning None.
2026-02-26 17:02:15,127:INFO:Engine for model 'knn' has not been set explicitly, hence returning None.
2026-02-26 17:02:15,128:INFO:Soft dependency imported: xgboost: 3.2.0
2026-02-26 17:02:15,130:WARNING:
'catboost' is a soft dependency and not included in the pycaret installation. Please run: `pip install catboost` to install.
Alternately, you can install this by running `pip install pycaret[models]`
2026-02-26 17:02:15,130:INFO:Engine successfully changes for model 'knn' to 'sklearn'.
2026-02-26 17:02:15,181:INFO:Engine for model 'svm' has not been set explicitly, hence returning None.
2026-02-26 17:02:15,215:INFO:Soft dependency imported: xgboost: 3.2.0
2026-02-26 17:02:15,218:WARNING:
'catboost' is a soft dependency and not included in the pycaret installation. Please run: `pip install catboost` to install.
Alternately, you can install this by running `pip install pycaret[models]`
2026-02-26 17:02:15,269:INFO:Engine for model 'svm' has not been set explicitly, hence returning None.
2026-02-26 17:02:15,303:INFO:Soft dependency imported: xgboost: 3.2.0
2026-02-26 17:02:15,305:WARNING:
'catboost' is a soft dependency and not included in the pycaret installation. Please run: `pip install catboost` to install.
Alternately, you can install this by running `pip install pycaret[models]`
2026-02-26 17:02:15,306:INFO:Engine successfully changes for model 'svm' to 'sklearn'.
2026-02-26 17:02:15,394:INFO:Soft dependency imported: xgboost: 3.2.0
2026-02-26 17:02:15,396:WARNING:
'catboost' is a soft dependency and not included in the pycaret installation. Please run: `pip install catboost` to install.
Alternately, you can install this by running `pip install pycaret[models]`
2026-02-26 17:02:15,481:INFO:Soft dependency imported: xgboost: 3.2.0
2026-02-26 17:02:15,482:WARNING:
'catboost' is a soft dependency and not included in the pycaret installation. Please run: `pip install catboost` to install.
Alternately, you can install this by running `pip install pycaret[models]`
2026-02-26 17:02:15,483:INFO:Preparing preprocessing pipeline...
2026-02-26 17:02:15,484:INFO:Set up simple imputation.
2026-02-26 17:02:15,484:INFO:Set up feature normalization.
2026-02-26 17:02:15,511:INFO:Finished creating preprocessing pipeline.
2026-02-26 17:02:15,516:INFO:Pipeline: Pipeline(memory=FastMemory(location=C:\Users\PLAYDA~1\AppData\Local\Temp\joblib),
         steps=[('numerical_imputer',
                 TransformerWrapper(include=['initial_voltage',
                                             'initial_impedance', 'v42_voltage',
                                             'v42_impedance',
                                             'impedance_ratio_42',
                                             'voltage_delta_initial_42',
                                             'impedance_voltage_product',
                                             'health_index', 'ocv_deviation'],
                                    transformer=SimpleImputer())),
                ('categorical_imputer',
                 TransformerWrapper(include=[],
                                    transformer=SimpleImputer(strategy='most_frequent'))),
                ('normalize',
                 TransformerWrapper(transformer=StandardScaler()))])
2026-02-26 17:02:15,516:INFO:Creating final display dataframe.
2026-02-26 17:02:15,591:INFO:Setup _display_container:                     Description             Value
0                    Session id                42
1                        Target          capacity
2                   Target type        Regression
3           Original data shape        (1039, 10)
4        Transformed data shape        (1039, 10)
5   Transformed train set shape         (727, 10)
6    Transformed test set shape         (312, 10)
7              Numeric features                 9
8                    Preprocess              True
9               Imputation type            simple
10           Numeric imputation              mean
11       Categorical imputation              mode
12                    Normalize              True
13             Normalize method            zscore
14               Fold Generator             KFold
15                  Fold Number                 5
16                     CPU Jobs                -1
17                      Use GPU             False
18               Log Experiment             False
19              Experiment Name  reg-default-name
20                          USI              1133
2026-02-26 17:02:15,707:INFO:Soft dependency imported: xgboost: 3.2.0
2026-02-26 17:02:15,710:WARNING:
'catboost' is a soft dependency and not included in the pycaret installation. Please run: `pip install catboost` to install.
Alternately, you can install this by running `pip install pycaret[models]`
2026-02-26 17:02:15,868:INFO:Soft dependency imported: xgboost: 3.2.0
2026-02-26 17:02:15,870:WARNING:
'catboost' is a soft dependency and not included in the pycaret installation. Please run: `pip install catboost` to install.
Alternately, you can install this by running `pip install pycaret[models]`
2026-02-26 17:02:15,872:INFO:setup() successfully completed in 1.5s...............
2026-02-26 17:02:15,872:INFO:Initializing compare_models()
2026-02-26 17:02:15,872:INFO:compare_models(self=<pycaret.regression.oop.RegressionExperiment object at 0x0000023DC05BB550>, include=None, exclude=None, fold=None, round=4, cross_validation=True, sort=R2, n_select=3, budget_time=None, turbo=True, errors=ignore, fit_kwargs=None, groups=None, experiment_custom_tags=None, probability_threshold=None, verbose=False, parallel=None, caller_params={'self': <pycaret.regression.oop.RegressionExperiment object at 0x0000023DC05BB550>, 'include': None, 'exclude': None, 'fold': None, 'round': 4, 'cross_validation': True, 'sort': 'R2', 'n_select': 3, 'budget_time': None, 'turbo': True, 'errors': 'ignore', 'fit_kwargs': None, 'groups': None, 'experiment_custom_tags': None, 'engine': None, 'verbose': False, 'parallel': None, '__class__': <class 'pycaret.regression.oop.RegressionExperiment'>})
2026-02-26 17:02:15,872:INFO:Checking exceptions
2026-02-26 17:02:15,873:INFO:Preparing display monitor
2026-02-26 17:02:15,876:INFO:Initializing Linear Regression
2026-02-26 17:02:15,876:INFO:Total runtime is 0.0 minutes
2026-02-26 17:02:15,877:INFO:SubProcess create_model() called ==================================
2026-02-26 17:02:15,877:INFO:Initializing create_model()
2026-02-26 17:02:15,877:INFO:create_model(self=<pycaret.regression.oop.RegressionExperiment object at 0x0000023DC05BB550>, estimator=lr, fold=KFold(n_splits=5, random_state=None, shuffle=False), round=4, cross_validation=True, predict=True, fit_kwargs={}, groups=None, refit=False, probability_threshold=None, experiment_custom_tags=None, verbose=False, system=False, add_to_model_list=True, metrics=None, display=<pycaret.internal.display.display.CommonDisplay object at 0x0000023DBD3CE9D0>, model_only=True, return_train_score=False, error_score=0.0, kwargs={})
2026-02-26 17:02:15,877:INFO:Checking exceptions
2026-02-26 17:02:15,877:INFO:Importing libraries
2026-02-26 17:02:15,877:INFO:Copying training dataset
2026-02-26 17:02:15,881:INFO:Defining folds
2026-02-26 17:02:15,881:INFO:Declaring metric variables
2026-02-26 17:02:15,881:INFO:Importing untrained model
2026-02-26 17:02:15,881:INFO:Linear Regression Imported successfully
2026-02-26 17:02:15,881:INFO:Starting cross validation
2026-02-26 17:02:15,882:INFO:Cross validating with KFold(n_splits=5, random_state=None, shuffle=False), n_jobs=-1
2026-02-26 17:02:15,931:INFO:Calculating mean and std
2026-02-26 17:02:15,931:INFO:Creating metrics dataframe
2026-02-26 17:02:15,933:INFO:Uploading results into container
2026-02-26 17:02:15,933:INFO:Uploading model into container now
2026-02-26 17:02:15,934:INFO:_master_model_container: 1
2026-02-26 17:02:15,934:INFO:_display_container: 2
2026-02-26 17:02:15,934:INFO:LinearRegression(n_jobs=-1)
2026-02-26 17:02:15,934:INFO:create_model() successfully completed......................................
2026-02-26 17:02:16,079:INFO:SubProcess create_model() end ==================================
2026-02-26 17:02:16,080:INFO:Creating metrics dataframe
2026-02-26 17:02:16,081:INFO:Initializing Lasso Regression
2026-02-26 17:02:16,082:INFO:Total runtime is 0.0034190694491068522 minutes
2026-02-26 17:02:16,082:INFO:SubProcess create_model() called ==================================
2026-02-26 17:02:16,082:INFO:Initializing create_model()
2026-02-26 17:02:16,082:INFO:create_model(self=<pycaret.regression.oop.RegressionExperiment object at 0x0000023DC05BB550>, estimator=lasso, fold=KFold(n_splits=5, random_state=None, shuffle=False), round=4, cross_validation=True, predict=True, fit_kwargs={}, groups=None, refit=False, probability_threshold=None, experiment_custom_tags=None, verbose=False, system=False, add_to_model_list=True, metrics=None, display=<pycaret.internal.display.display.CommonDisplay object at 0x0000023DBD3CE9D0>, model_only=True, return_train_score=False, error_score=0.0, kwargs={})
2026-02-26 17:02:16,082:INFO:Checking exceptions
2026-02-26 17:02:16,082:INFO:Importing libraries
2026-02-26 17:02:16,082:INFO:Copying training dataset
2026-02-26 17:02:16,085:INFO:Defining folds
2026-02-26 17:02:16,085:INFO:Declaring metric variables
2026-02-26 17:02:16,085:INFO:Importing untrained model
2026-02-26 17:02:16,085:INFO:Lasso Regression Imported successfully
2026-02-26 17:02:16,085:INFO:Starting cross validation
2026-02-26 17:02:16,086:INFO:Cross validating with KFold(n_splits=5, random_state=None, shuffle=False), n_jobs=-1
2026-02-26 17:02:16,137:INFO:Calculating mean and std
2026-02-26 17:02:16,137:INFO:Creating metrics dataframe
2026-02-26 17:02:16,139:INFO:Uploading results into container
2026-02-26 17:02:16,139:INFO:Uploading model into container now
2026-02-26 17:02:16,139:INFO:_master_model_container: 2
2026-02-26 17:02:16,139:INFO:_display_container: 2
2026-02-26 17:02:16,140:INFO:Lasso(random_state=42)
2026-02-26 17:02:16,140:INFO:create_model() successfully completed......................................
2026-02-26 17:02:16,317:INFO:SubProcess create_model() end ==================================
2026-02-26 17:02:16,317:INFO:Creating metrics dataframe
2026-02-26 17:02:16,319:INFO:Initializing Ridge Regression
2026-02-26 17:02:16,319:INFO:Total runtime is 0.007383700211842854 minutes
2026-02-26 17:02:16,320:INFO:SubProcess create_model() called ==================================
2026-02-26 17:02:16,320:INFO:Initializing create_model()
2026-02-26 17:02:16,320:INFO:create_model(self=<pycaret.regression.oop.RegressionExperiment object at 0x0000023DC05BB550>, estimator=ridge, fold=KFold(n_splits=5, random_state=None, shuffle=False), round=4, cross_validation=True, predict=True, fit_kwargs={}, groups=None, refit=False, probability_threshold=None, experiment_custom_tags=None, verbose=False, system=False, add_to_model_list=True, metrics=None, display=<pycaret.internal.display.display.CommonDisplay object at 0x0000023DBD3CE9D0>, model_only=True, return_train_score=False, error_score=0.0, kwargs={})
2026-02-26 17:02:16,320:INFO:Checking exceptions
2026-02-26 17:02:16,320:INFO:Importing libraries
2026-02-26 17:02:16,320:INFO:Copying training dataset
2026-02-26 17:02:16,324:INFO:Defining folds
2026-02-26 17:02:16,324:INFO:Declaring metric variables
2026-02-26 17:02:16,324:INFO:Importing untrained model
2026-02-26 17:02:16,324:INFO:Ridge Regression Imported successfully
2026-02-26 17:02:16,325:INFO:Starting cross validation
2026-02-26 17:02:16,325:INFO:Cross validating with KFold(n_splits=5, random_state=None, shuffle=False), n_jobs=-1
2026-02-26 17:02:16,366:INFO:Calculating mean and std
2026-02-26 17:02:16,366:INFO:Creating metrics dataframe
2026-02-26 17:02:16,367:INFO:Uploading results into container
2026-02-26 17:02:16,367:INFO:Uploading model into container now
2026-02-26 17:02:16,367:INFO:_master_model_container: 3
2026-02-26 17:02:16,367:INFO:_display_container: 2
2026-02-26 17:02:16,368:INFO:Ridge(random_state=42)
2026-02-26 17:02:16,368:INFO:create_model() successfully completed......................................
2026-02-26 17:02:16,505:INFO:SubProcess create_model() end ==================================
2026-02-26 17:02:16,505:INFO:Creating metrics dataframe
2026-02-26 17:02:16,507:INFO:Initializing Elastic Net
2026-02-26 17:02:16,507:INFO:Total runtime is 0.010509924093882243 minutes
2026-02-26 17:02:16,507:INFO:SubProcess create_model() called ==================================
2026-02-26 17:02:16,507:INFO:Initializing create_model()
2026-02-26 17:02:16,507:INFO:create_model(self=<pycaret.regression.oop.RegressionExperiment object at 0x0000023DC05BB550>, estimator=en, fold=KFold(n_splits=5, random_state=None, shuffle=False), round=4, cross_validation=True, predict=True, fit_kwargs={}, groups=None, refit=False, probability_threshold=None, experiment_custom_tags=None, verbose=False, system=False, add_to_model_list=True, metrics=None, display=<pycaret.internal.display.display.CommonDisplay object at 0x0000023DBD3CE9D0>, model_only=True, return_train_score=False, error_score=0.0, kwargs={})
2026-02-26 17:02:16,507:INFO:Checking exceptions
2026-02-26 17:02:16,507:INFO:Importing libraries
2026-02-26 17:02:16,507:INFO:Copying training dataset
2026-02-26 17:02:16,510:INFO:Defining folds
2026-02-26 17:02:16,510:INFO:Declaring metric variables
2026-02-26 17:02:16,510:INFO:Importing untrained model
2026-02-26 17:02:16,510:INFO:Elastic Net Imported successfully
2026-02-26 17:02:16,510:INFO:Starting cross validation
2026-02-26 17:02:16,511:INFO:Cross validating with KFold(n_splits=5, random_state=None, shuffle=False), n_jobs=-1
2026-02-26 17:02:16,558:INFO:Calculating mean and std
2026-02-26 17:02:16,558:INFO:Creating metrics dataframe
2026-02-26 17:02:16,560:INFO:Uploading results into container
2026-02-26 17:02:16,561:INFO:Uploading model into container now
2026-02-26 17:02:16,561:INFO:_master_model_container: 4
2026-02-26 17:02:16,561:INFO:_display_container: 2
2026-02-26 17:02:16,561:INFO:ElasticNet(random_state=42)
2026-02-26 17:02:16,561:INFO:create_model() successfully completed......................................
2026-02-26 17:02:16,701:INFO:SubProcess create_model() end ==================================
2026-02-26 17:02:16,701:INFO:Creating metrics dataframe
2026-02-26 17:02:16,703:INFO:Initializing Least Angle Regression
2026-02-26 17:02:16,703:INFO:Total runtime is 0.013785437742869059 minutes
2026-02-26 17:02:16,703:INFO:SubProcess create_model() called ==================================
2026-02-26 17:02:16,703:INFO:Initializing create_model()
2026-02-26 17:02:16,703:INFO:create_model(self=<pycaret.regression.oop.RegressionExperiment object at 0x0000023DC05BB550>, estimator=lar, fold=KFold(n_splits=5, random_state=None, shuffle=False), round=4, cross_validation=True, predict=True, fit_kwargs={}, groups=None, refit=False, probability_threshold=None, experiment_custom_tags=None, verbose=False, system=False, add_to_model_list=True, metrics=None, display=<pycaret.internal.display.display.CommonDisplay object at 0x0000023DBD3CE9D0>, model_only=True, return_train_score=False, error_score=0.0, kwargs={})
2026-02-26 17:02:16,703:INFO:Checking exceptions
2026-02-26 17:02:16,703:INFO:Importing libraries
2026-02-26 17:02:16,703:INFO:Copying training dataset
2026-02-26 17:02:16,705:INFO:Defining folds
2026-02-26 17:02:16,705:INFO:Declaring metric variables
2026-02-26 17:02:16,707:INFO:Importing untrained model
2026-02-26 17:02:16,707:INFO:Least Angle Regression Imported successfully
2026-02-26 17:02:16,707:INFO:Starting cross validation
2026-02-26 17:02:16,707:INFO:Cross validating with KFold(n_splits=5, random_state=None, shuffle=False), n_jobs=-1
2026-02-26 17:02:16,757:INFO:Calculating mean and std
2026-02-26 17:02:16,757:INFO:Creating metrics dataframe
2026-02-26 17:02:16,757:INFO:Uploading results into container
2026-02-26 17:02:16,758:INFO:Uploading model into container now
2026-02-26 17:02:16,759:INFO:_master_model_container: 5
2026-02-26 17:02:16,759:INFO:_display_container: 2
2026-02-26 17:02:16,759:INFO:Lars(random_state=42)
2026-02-26 17:02:16,759:INFO:create_model() successfully completed......................................
2026-02-26 17:02:16,897:INFO:SubProcess create_model() end ==================================
2026-02-26 17:02:16,898:INFO:Creating metrics dataframe
2026-02-26 17:02:16,900:INFO:Initializing Lasso Least Angle Regression
2026-02-26 17:02:16,900:INFO:Total runtime is 0.017063474655151366 minutes
2026-02-26 17:02:16,900:INFO:SubProcess create_model() called ==================================
2026-02-26 17:02:16,900:INFO:Initializing create_model()
2026-02-26 17:02:16,901:INFO:create_model(self=<pycaret.regression.oop.RegressionExperiment object at 0x0000023DC05BB550>, estimator=llar, fold=KFold(n_splits=5, random_state=None, shuffle=False), round=4, cross_validation=True, predict=True, fit_kwargs={}, groups=None, refit=False, probability_threshold=None, experiment_custom_tags=None, verbose=False, system=False, add_to_model_list=True, metrics=None, display=<pycaret.internal.display.display.CommonDisplay object at 0x0000023DBD3CE9D0>, model_only=True, return_train_score=False, error_score=0.0, kwargs={})
2026-02-26 17:02:16,901:INFO:Checking exceptions
2026-02-26 17:02:16,901:INFO:Importing libraries
2026-02-26 17:02:16,901:INFO:Copying training dataset
2026-02-26 17:02:16,903:INFO:Defining folds
2026-02-26 17:02:16,903:INFO:Declaring metric variables
2026-02-26 17:02:16,904:INFO:Importing untrained model
2026-02-26 17:02:16,904:INFO:Lasso Least Angle Regression Imported successfully
2026-02-26 17:02:16,904:INFO:Starting cross validation
2026-02-26 17:02:16,905:INFO:Cross validating with KFold(n_splits=5, random_state=None, shuffle=False), n_jobs=-1
2026-02-26 17:02:16,967:INFO:Calculating mean and std
2026-02-26 17:02:16,967:INFO:Creating metrics dataframe
2026-02-26 17:02:16,968:INFO:Uploading results into container
2026-02-26 17:02:16,969:INFO:Uploading model into container now
2026-02-26 17:02:16,969:INFO:_master_model_container: 6
2026-02-26 17:02:16,969:INFO:_display_container: 2
2026-02-26 17:02:16,969:INFO:LassoLars(random_state=42)
2026-02-26 17:02:16,969:INFO:create_model() successfully completed......................................
2026-02-26 17:02:17,103:INFO:SubProcess create_model() end ==================================
2026-02-26 17:02:17,103:INFO:Creating metrics dataframe
2026-02-26 17:02:17,106:INFO:Initializing Orthogonal Matching Pursuit
2026-02-26 17:02:17,106:INFO:Total runtime is 0.0204933762550354 minutes
2026-02-26 17:02:17,106:INFO:SubProcess create_model() called ==================================
2026-02-26 17:02:17,106:INFO:Initializing create_model()
2026-02-26 17:02:17,106:INFO:create_model(self=<pycaret.regression.oop.RegressionExperiment object at 0x0000023DC05BB550>, estimator=omp, fold=KFold(n_splits=5, random_state=None, shuffle=False), round=4, cross_validation=True, predict=True, fit_kwargs={}, groups=None, refit=False, probability_threshold=None, experiment_custom_tags=None, verbose=False, system=False, add_to_model_list=True, metrics=None, display=<pycaret.internal.display.display.CommonDisplay object at 0x0000023DBD3CE9D0>, model_only=True, return_train_score=False, error_score=0.0, kwargs={})
2026-02-26 17:02:17,106:INFO:Checking exceptions
2026-02-26 17:02:17,106:INFO:Importing libraries
2026-02-26 17:02:17,107:INFO:Copying training dataset
2026-02-26 17:02:17,109:INFO:Defining folds
2026-02-26 17:02:17,109:INFO:Declaring metric variables
2026-02-26 17:02:17,109:INFO:Importing untrained model
2026-02-26 17:02:17,109:INFO:Orthogonal Matching Pursuit Imported successfully
2026-02-26 17:02:17,109:INFO:Starting cross validation
2026-02-26 17:02:17,110:INFO:Cross validating with KFold(n_splits=5, random_state=None, shuffle=False), n_jobs=-1
2026-02-26 17:02:17,164:INFO:Calculating mean and std
2026-02-26 17:02:17,164:INFO:Creating metrics dataframe
2026-02-26 17:02:17,165:INFO:Uploading results into container
2026-02-26 17:02:17,165:INFO:Uploading model into container now
2026-02-26 17:02:17,166:INFO:_master_model_container: 7
2026-02-26 17:02:17,166:INFO:_display_container: 2
2026-02-26 17:02:17,166:INFO:OrthogonalMatchingPursuit()
2026-02-26 17:02:17,166:INFO:create_model() successfully completed......................................
2026-02-26 17:02:17,310:INFO:SubProcess create_model() end ==================================
2026-02-26 17:02:17,310:INFO:Creating metrics dataframe
2026-02-26 17:02:17,312:INFO:Initializing Bayesian Ridge
2026-02-26 17:02:17,312:INFO:Total runtime is 0.023928634325663247 minutes
2026-02-26 17:02:17,313:INFO:SubProcess create_model() called ==================================
2026-02-26 17:02:17,313:INFO:Initializing create_model()
2026-02-26 17:02:17,313:INFO:create_model(self=<pycaret.regression.oop.RegressionExperiment object at 0x0000023DC05BB550>, estimator=br, fold=KFold(n_splits=5, random_state=None, shuffle=False), round=4, cross_validation=True, predict=True, fit_kwargs={}, groups=None, refit=False, probability_threshold=None, experiment_custom_tags=None, verbose=False, system=False, add_to_model_list=True, metrics=None, display=<pycaret.internal.display.display.CommonDisplay object at 0x0000023DBD3CE9D0>, model_only=True, return_train_score=False, error_score=0.0, kwargs={})
2026-02-26 17:02:17,313:INFO:Checking exceptions
2026-02-26 17:02:17,313:INFO:Importing libraries
2026-02-26 17:02:17,313:INFO:Copying training dataset
2026-02-26 17:02:17,316:INFO:Defining folds
2026-02-26 17:02:17,316:INFO:Declaring metric variables
2026-02-26 17:02:17,316:INFO:Importing untrained model
2026-02-26 17:02:17,316:INFO:Bayesian Ridge Imported successfully
2026-02-26 17:02:17,316:INFO:Starting cross validation
2026-02-26 17:02:17,317:INFO:Cross validating with KFold(n_splits=5, random_state=None, shuffle=False), n_jobs=-1
2026-02-26 17:02:17,366:INFO:Calculating mean and std
2026-02-26 17:02:17,366:INFO:Creating metrics dataframe
2026-02-26 17:02:17,368:INFO:Uploading results into container
2026-02-26 17:02:17,368:INFO:Uploading model into container now
2026-02-26 17:02:17,369:INFO:_master_model_container: 8
2026-02-26 17:02:17,369:INFO:_display_container: 2
2026-02-26 17:02:17,369:INFO:BayesianRidge()
2026-02-26 17:02:17,369:INFO:create_model() successfully completed......................................
2026-02-26 17:02:17,520:INFO:SubProcess create_model() end ==================================
2026-02-26 17:02:17,521:INFO:Creating metrics dataframe
2026-02-26 17:02:17,523:INFO:Initializing Passive Aggressive Regressor
2026-02-26 17:02:17,523:INFO:Total runtime is 0.027443846066792805 minutes
2026-02-26 17:02:17,523:INFO:SubProcess create_model() called ==================================
2026-02-26 17:02:17,523:INFO:Initializing create_model()
2026-02-26 17:02:17,523:INFO:create_model(self=<pycaret.regression.oop.RegressionExperiment object at 0x0000023DC05BB550>, estimator=par, fold=KFold(n_splits=5, random_state=None, shuffle=False), round=4, cross_validation=True, predict=True, fit_kwargs={}, groups=None, refit=False, probability_threshold=None, experiment_custom_tags=None, verbose=False, system=False, add_to_model_list=True, metrics=None, display=<pycaret.internal.display.display.CommonDisplay object at 0x0000023DBD3CE9D0>, model_only=True, return_train_score=False, error_score=0.0, kwargs={})
2026-02-26 17:02:17,523:INFO:Checking exceptions
2026-02-26 17:02:17,524:INFO:Importing libraries
2026-02-26 17:02:17,524:INFO:Copying training dataset
2026-02-26 17:02:17,528:INFO:Defining folds
2026-02-26 17:02:17,528:INFO:Declaring metric variables
2026-02-26 17:02:17,528:INFO:Importing untrained model
2026-02-26 17:02:17,529:INFO:Passive Aggressive Regressor Imported successfully
2026-02-26 17:02:17,529:INFO:Starting cross validation
2026-02-26 17:02:17,530:INFO:Cross validating with KFold(n_splits=5, random_state=None, shuffle=False), n_jobs=-1
2026-02-26 17:02:17,587:INFO:Calculating mean and std
2026-02-26 17:02:17,587:INFO:Creating metrics dataframe
2026-02-26 17:02:17,590:INFO:Uploading results into container
2026-02-26 17:02:17,591:INFO:Uploading model into container now
2026-02-26 17:02:17,591:INFO:_master_model_container: 9
2026-02-26 17:02:17,591:INFO:_display_container: 2
2026-02-26 17:02:17,591:INFO:PassiveAggressiveRegressor(random_state=42)
2026-02-26 17:02:17,591:INFO:create_model() successfully completed......................................
2026-02-26 17:02:17,748:INFO:SubProcess create_model() end ==================================
2026-02-26 17:02:17,748:INFO:Creating metrics dataframe
2026-02-26 17:02:17,750:INFO:Initializing Huber Regressor
2026-02-26 17:02:17,750:INFO:Total runtime is 0.0312291940053304 minutes
2026-02-26 17:02:17,750:INFO:SubProcess create_model() called ==================================
2026-02-26 17:02:17,750:INFO:Initializing create_model()
2026-02-26 17:02:17,750:INFO:create_model(self=<pycaret.regression.oop.RegressionExperiment object at 0x0000023DC05BB550>, estimator=huber, fold=KFold(n_splits=5, random_state=None, shuffle=False), round=4, cross_validation=True, predict=True, fit_kwargs={}, groups=None, refit=False, probability_threshold=None, experiment_custom_tags=None, verbose=False, system=False, add_to_model_list=True, metrics=None, display=<pycaret.internal.display.display.CommonDisplay object at 0x0000023DBD3CE9D0>, model_only=True, return_train_score=False, error_score=0.0, kwargs={})
2026-02-26 17:02:17,750:INFO:Checking exceptions
2026-02-26 17:02:17,750:INFO:Importing libraries
2026-02-26 17:02:17,750:INFO:Copying training dataset
2026-02-26 17:02:17,755:INFO:Defining folds
2026-02-26 17:02:17,755:INFO:Declaring metric variables
2026-02-26 17:02:17,755:INFO:Importing untrained model
2026-02-26 17:02:17,755:INFO:Huber Regressor Imported successfully
2026-02-26 17:02:17,755:INFO:Starting cross validation
2026-02-26 17:02:17,756:INFO:Cross validating with KFold(n_splits=5, random_state=None, shuffle=False), n_jobs=-1
2026-02-26 17:02:17,838:INFO:Calculating mean and std
2026-02-26 17:02:17,839:INFO:Creating metrics dataframe
2026-02-26 17:02:17,841:INFO:Uploading results into container
2026-02-26 17:02:17,842:INFO:Uploading model into container now
2026-02-26 17:02:17,842:INFO:_master_model_container: 10
2026-02-26 17:02:17,842:INFO:_display_container: 2
2026-02-26 17:02:17,842:INFO:HuberRegressor()
2026-02-26 17:02:17,842:INFO:create_model() successfully completed......................................
2026-02-26 17:02:17,994:INFO:SubProcess create_model() end ==================================
2026-02-26 17:02:17,994:INFO:Creating metrics dataframe
2026-02-26 17:02:17,996:INFO:Initializing K Neighbors Regressor
2026-02-26 17:02:17,996:INFO:Total runtime is 0.03532016674677531 minutes
2026-02-26 17:02:17,996:INFO:SubProcess create_model() called ==================================
2026-02-26 17:02:17,996:INFO:Initializing create_model()
2026-02-26 17:02:17,996:INFO:create_model(self=<pycaret.regression.oop.RegressionExperiment object at 0x0000023DC05BB550>, estimator=knn, fold=KFold(n_splits=5, random_state=None, shuffle=False), round=4, cross_validation=True, predict=True, fit_kwargs={}, groups=None, refit=False, probability_threshold=None, experiment_custom_tags=None, verbose=False, system=False, add_to_model_list=True, metrics=None, display=<pycaret.internal.display.display.CommonDisplay object at 0x0000023DBD3CE9D0>, model_only=True, return_train_score=False, error_score=0.0, kwargs={})
2026-02-26 17:02:17,996:INFO:Checking exceptions
2026-02-26 17:02:17,996:INFO:Importing libraries
2026-02-26 17:02:17,996:INFO:Copying training dataset
2026-02-26 17:02:17,998:INFO:Defining folds
2026-02-26 17:02:17,999:INFO:Declaring metric variables
2026-02-26 17:02:17,999:INFO:Importing untrained model
2026-02-26 17:02:17,999:INFO:K Neighbors Regressor Imported successfully
2026-02-26 17:02:17,999:INFO:Starting cross validation
2026-02-26 17:02:18,000:INFO:Cross validating with KFold(n_splits=5, random_state=None, shuffle=False), n_jobs=-1
2026-02-26 17:02:18,069:INFO:Calculating mean and std
2026-02-26 17:02:18,069:INFO:Creating metrics dataframe
2026-02-26 17:02:18,071:INFO:Uploading results into container
2026-02-26 17:02:18,072:INFO:Uploading model into container now
2026-02-26 17:02:18,072:INFO:_master_model_container: 11
2026-02-26 17:02:18,072:INFO:_display_container: 2
2026-02-26 17:02:18,072:INFO:KNeighborsRegressor(n_jobs=-1)
2026-02-26 17:02:18,072:INFO:create_model() successfully completed......................................
2026-02-26 17:02:18,215:INFO:SubProcess create_model() end ==================================
2026-02-26 17:02:18,215:INFO:Creating metrics dataframe
2026-02-26 17:02:18,218:INFO:Initializing Decision Tree Regressor
2026-02-26 17:02:18,218:INFO:Total runtime is 0.03902824322382609 minutes
2026-02-26 17:02:18,218:INFO:SubProcess create_model() called ==================================
2026-02-26 17:02:18,218:INFO:Initializing create_model()
2026-02-26 17:02:18,218:INFO:create_model(self=<pycaret.regression.oop.RegressionExperiment object at 0x0000023DC05BB550>, estimator=dt, fold=KFold(n_splits=5, random_state=None, shuffle=False), round=4, cross_validation=True, predict=True, fit_kwargs={}, groups=None, refit=False, probability_threshold=None, experiment_custom_tags=None, verbose=False, system=False, add_to_model_list=True, metrics=None, display=<pycaret.internal.display.display.CommonDisplay object at 0x0000023DBD3CE9D0>, model_only=True, return_train_score=False, error_score=0.0, kwargs={})
2026-02-26 17:02:18,218:INFO:Checking exceptions
2026-02-26 17:02:18,218:INFO:Importing libraries
2026-02-26 17:02:18,219:INFO:Copying training dataset
2026-02-26 17:02:18,221:INFO:Defining folds
2026-02-26 17:02:18,221:INFO:Declaring metric variables
2026-02-26 17:02:18,221:INFO:Importing untrained model
2026-02-26 17:02:18,223:INFO:Decision Tree Regressor Imported successfully
2026-02-26 17:02:18,223:INFO:Starting cross validation
2026-02-26 17:02:18,223:INFO:Cross validating with KFold(n_splits=5, random_state=None, shuffle=False), n_jobs=-1
2026-02-26 17:02:18,280:INFO:Calculating mean and std
2026-02-26 17:02:18,280:INFO:Creating metrics dataframe
2026-02-26 17:02:18,282:INFO:Uploading results into container
2026-02-26 17:02:18,283:INFO:Uploading model into container now
2026-02-26 17:02:18,283:INFO:_master_model_container: 12
2026-02-26 17:02:18,283:INFO:_display_container: 2
2026-02-26 17:02:18,283:INFO:DecisionTreeRegressor(random_state=42)
2026-02-26 17:02:18,283:INFO:create_model() successfully completed......................................
2026-02-26 17:02:18,442:INFO:SubProcess create_model() end ==================================
2026-02-26 17:02:18,442:INFO:Creating metrics dataframe
2026-02-26 17:02:18,445:INFO:Initializing Random Forest Regressor
2026-02-26 17:02:18,445:INFO:Total runtime is 0.042810332775115964 minutes
2026-02-26 17:02:18,445:INFO:SubProcess create_model() called ==================================
2026-02-26 17:02:18,445:INFO:Initializing create_model()
2026-02-26 17:02:18,445:INFO:create_model(self=<pycaret.regression.oop.RegressionExperiment object at 0x0000023DC05BB550>, estimator=rf, fold=KFold(n_splits=5, random_state=None, shuffle=False), round=4, cross_validation=True, predict=True, fit_kwargs={}, groups=None, refit=False, probability_threshold=None, experiment_custom_tags=None, verbose=False, system=False, add_to_model_list=True, metrics=None, display=<pycaret.internal.display.display.CommonDisplay object at 0x0000023DBD3CE9D0>, model_only=True, return_train_score=False, error_score=0.0, kwargs={})
2026-02-26 17:02:18,445:INFO:Checking exceptions
2026-02-26 17:02:18,445:INFO:Importing libraries
2026-02-26 17:02:18,445:INFO:Copying training dataset
2026-02-26 17:02:18,449:INFO:Defining folds
2026-02-26 17:02:18,449:INFO:Declaring metric variables
2026-02-26 17:02:18,450:INFO:Importing untrained model
2026-02-26 17:02:18,450:INFO:Random Forest Regressor Imported successfully
2026-02-26 17:02:18,450:INFO:Starting cross validation
2026-02-26 17:02:18,450:INFO:Cross validating with KFold(n_splits=5, random_state=None, shuffle=False), n_jobs=-1
2026-02-26 17:02:18,914:INFO:Calculating mean and std
2026-02-26 17:02:18,914:INFO:Creating metrics dataframe
2026-02-26 17:02:18,915:INFO:Uploading results into container
2026-02-26 17:02:18,915:INFO:Uploading model into container now
2026-02-26 17:02:18,916:INFO:_master_model_container: 13
2026-02-26 17:02:18,916:INFO:_display_container: 2
2026-02-26 17:02:18,916:INFO:RandomForestRegressor(n_jobs=-1, random_state=42)
2026-02-26 17:02:18,916:INFO:create_model() successfully completed......................................
2026-02-26 17:02:19,054:INFO:SubProcess create_model() end ==================================
2026-02-26 17:02:19,055:INFO:Creating metrics dataframe
2026-02-26 17:02:19,057:INFO:Initializing Extra Trees Regressor
2026-02-26 17:02:19,057:INFO:Total runtime is 0.05300713777542114 minutes
2026-02-26 17:02:19,057:INFO:SubProcess create_model() called ==================================
2026-02-26 17:02:19,057:INFO:Initializing create_model()
2026-02-26 17:02:19,057:INFO:create_model(self=<pycaret.regression.oop.RegressionExperiment object at 0x0000023DC05BB550>, estimator=et, fold=KFold(n_splits=5, random_state=None, shuffle=False), round=4, cross_validation=True, predict=True, fit_kwargs={}, groups=None, refit=False, probability_threshold=None, experiment_custom_tags=None, verbose=False, system=False, add_to_model_list=True, metrics=None, display=<pycaret.internal.display.display.CommonDisplay object at 0x0000023DBD3CE9D0>, model_only=True, return_train_score=False, error_score=0.0, kwargs={})
2026-02-26 17:02:19,057:INFO:Checking exceptions
2026-02-26 17:02:19,057:INFO:Importing libraries
2026-02-26 17:02:19,057:INFO:Copying training dataset
2026-02-26 17:02:19,060:INFO:Defining folds
2026-02-26 17:02:19,060:INFO:Declaring metric variables
2026-02-26 17:02:19,061:INFO:Importing untrained model
2026-02-26 17:02:19,061:INFO:Extra Trees Regressor Imported successfully
2026-02-26 17:02:19,061:INFO:Starting cross validation
2026-02-26 17:02:19,062:INFO:Cross validating with KFold(n_splits=5, random_state=None, shuffle=False), n_jobs=-1
2026-02-26 17:02:19,364:INFO:Calculating mean and std
2026-02-26 17:02:19,364:INFO:Creating metrics dataframe
2026-02-26 17:02:19,365:INFO:Uploading results into container
2026-02-26 17:02:19,366:INFO:Uploading model into container now
2026-02-26 17:02:19,366:INFO:_master_model_container: 14
2026-02-26 17:02:19,366:INFO:_display_container: 2
2026-02-26 17:02:19,366:INFO:ExtraTreesRegressor(n_jobs=-1, random_state=42)
2026-02-26 17:02:19,366:INFO:create_model() successfully completed......................................
2026-02-26 17:02:19,500:INFO:SubProcess create_model() end ==================================
2026-02-26 17:02:19,500:INFO:Creating metrics dataframe
2026-02-26 17:02:19,503:INFO:Initializing AdaBoost Regressor
2026-02-26 17:02:19,503:INFO:Total runtime is 0.060443317890167235 minutes
2026-02-26 17:02:19,503:INFO:SubProcess create_model() called ==================================
2026-02-26 17:02:19,503:INFO:Initializing create_model()
2026-02-26 17:02:19,503:INFO:create_model(self=<pycaret.regression.oop.RegressionExperiment object at 0x0000023DC05BB550>, estimator=ada, fold=KFold(n_splits=5, random_state=None, shuffle=False), round=4, cross_validation=True, predict=True, fit_kwargs={}, groups=None, refit=False, probability_threshold=None, experiment_custom_tags=None, verbose=False, system=False, add_to_model_list=True, metrics=None, display=<pycaret.internal.display.display.CommonDisplay object at 0x0000023DBD3CE9D0>, model_only=True, return_train_score=False, error_score=0.0, kwargs={})
2026-02-26 17:02:19,503:INFO:Checking exceptions
2026-02-26 17:02:19,503:INFO:Importing libraries
2026-02-26 17:02:19,503:INFO:Copying training dataset
2026-02-26 17:02:19,505:INFO:Defining folds
2026-02-26 17:02:19,505:INFO:Declaring metric variables
2026-02-26 17:02:19,505:INFO:Importing untrained model
2026-02-26 17:02:19,507:INFO:AdaBoost Regressor Imported successfully
2026-02-26 17:02:19,507:INFO:Starting cross validation
2026-02-26 17:02:19,508:INFO:Cross validating with KFold(n_splits=5, random_state=None, shuffle=False), n_jobs=-1
2026-02-26 17:02:19,598:INFO:Calculating mean and std
2026-02-26 17:02:19,598:INFO:Creating metrics dataframe
2026-02-26 17:02:19,599:INFO:Uploading results into container
2026-02-26 17:02:19,599:INFO:Uploading model into container now
2026-02-26 17:02:19,600:INFO:_master_model_container: 15
2026-02-26 17:02:19,600:INFO:_display_container: 2
2026-02-26 17:02:19,600:INFO:AdaBoostRegressor(random_state=42)
2026-02-26 17:02:19,600:INFO:create_model() successfully completed......................................
2026-02-26 17:02:19,735:INFO:SubProcess create_model() end ==================================
2026-02-26 17:02:19,735:INFO:Creating metrics dataframe
2026-02-26 17:02:19,737:INFO:Initializing Gradient Boosting Regressor
2026-02-26 17:02:19,737:INFO:Total runtime is 0.06435060103734334 minutes
2026-02-26 17:02:19,737:INFO:SubProcess create_model() called ==================================
2026-02-26 17:02:19,737:INFO:Initializing create_model()
2026-02-26 17:02:19,737:INFO:create_model(self=<pycaret.regression.oop.RegressionExperiment object at 0x0000023DC05BB550>, estimator=gbr, fold=KFold(n_splits=5, random_state=None, shuffle=False), round=4, cross_validation=True, predict=True, fit_kwargs={}, groups=None, refit=False, probability_threshold=None, experiment_custom_tags=None, verbose=False, system=False, add_to_model_list=True, metrics=None, display=<pycaret.internal.display.display.CommonDisplay object at 0x0000023DBD3CE9D0>, model_only=True, return_train_score=False, error_score=0.0, kwargs={})
2026-02-26 17:02:19,737:INFO:Checking exceptions
2026-02-26 17:02:19,737:INFO:Importing libraries
2026-02-26 17:02:19,737:INFO:Copying training dataset
2026-02-26 17:02:19,740:INFO:Defining folds
2026-02-26 17:02:19,740:INFO:Declaring metric variables
2026-02-26 17:02:19,740:INFO:Importing untrained model
2026-02-26 17:02:19,740:INFO:Gradient Boosting Regressor Imported successfully
2026-02-26 17:02:19,740:INFO:Starting cross validation
2026-02-26 17:02:19,742:INFO:Cross validating with KFold(n_splits=5, random_state=None, shuffle=False), n_jobs=-1
2026-02-26 17:02:19,925:INFO:Calculating mean and std
2026-02-26 17:02:19,925:INFO:Creating metrics dataframe
2026-02-26 17:02:19,926:INFO:Uploading results into container
2026-02-26 17:02:19,927:INFO:Uploading model into container now
2026-02-26 17:02:19,927:INFO:_master_model_container: 16
2026-02-26 17:02:19,927:INFO:_display_container: 2
2026-02-26 17:02:19,927:INFO:GradientBoostingRegressor(random_state=42)
2026-02-26 17:02:19,927:INFO:create_model() successfully completed......................................
2026-02-26 17:02:20,065:INFO:SubProcess create_model() end ==================================
2026-02-26 17:02:20,065:INFO:Creating metrics dataframe
2026-02-26 17:02:20,067:INFO:Initializing Extreme Gradient Boosting
2026-02-26 17:02:20,067:INFO:Total runtime is 0.06984804471333822 minutes
2026-02-26 17:02:20,067:INFO:SubProcess create_model() called ==================================
2026-02-26 17:02:20,067:INFO:Initializing create_model()
2026-02-26 17:02:20,067:INFO:create_model(self=<pycaret.regression.oop.RegressionExperiment object at 0x0000023DC05BB550>, estimator=xgboost, fold=KFold(n_splits=5, random_state=None, shuffle=False), round=4, cross_validation=True, predict=True, fit_kwargs={}, groups=None, refit=False, probability_threshold=None, experiment_custom_tags=None, verbose=False, system=False, add_to_model_list=True, metrics=None, display=<pycaret.internal.display.display.CommonDisplay object at 0x0000023DBD3CE9D0>, model_only=True, return_train_score=False, error_score=0.0, kwargs={})
2026-02-26 17:02:20,067:INFO:Checking exceptions
2026-02-26 17:02:20,067:INFO:Importing libraries
2026-02-26 17:02:20,067:INFO:Copying training dataset
2026-02-26 17:02:20,071:INFO:Defining folds
2026-02-26 17:02:20,071:INFO:Declaring metric variables
2026-02-26 17:02:20,071:INFO:Importing untrained model
2026-02-26 17:02:20,071:INFO:Extreme Gradient Boosting Imported successfully
2026-02-26 17:02:20,071:INFO:Starting cross validation
2026-02-26 17:02:20,073:INFO:Cross validating with KFold(n_splits=5, random_state=None, shuffle=False), n_jobs=-1
2026-02-26 17:02:20,239:INFO:Calculating mean and std
2026-02-26 17:02:20,239:INFO:Creating metrics dataframe
2026-02-26 17:02:20,241:INFO:Uploading results into container
2026-02-26 17:02:20,241:INFO:Uploading model into container now
2026-02-26 17:02:20,241:INFO:_master_model_container: 17
2026-02-26 17:02:20,241:INFO:_display_container: 2
2026-02-26 17:02:20,242:INFO:XGBRegressor(base_score=None, booster='gbtree', callbacks=None,
             colsample_bylevel=None, colsample_bynode=None,
             colsample_bytree=None, device='cpu', early_stopping_rounds=None,
             enable_categorical=False, eval_metric=None, feature_types=None,
             feature_weights=None, gamma=None, grow_policy=None,
             importance_type=None, interaction_constraints=None,
             learning_rate=None, max_bin=None, max_cat_threshold=None,
             max_cat_to_onehot=None, max_delta_step=None, max_depth=None,
             max_leaves=None, min_child_weight=None, missing=nan,
             monotone_constraints=None, multi_strategy=None, n_estimators=None,
             n_jobs=-1, num_parallel_tree=None, ...)
2026-02-26 17:02:20,242:INFO:create_model() successfully completed......................................
2026-02-26 17:02:20,379:INFO:SubProcess create_model() end ==================================
2026-02-26 17:02:20,379:INFO:Creating metrics dataframe
2026-02-26 17:02:20,381:INFO:Initializing Light Gradient Boosting Machine
2026-02-26 17:02:20,381:INFO:Total runtime is 0.07507701714833578 minutes
2026-02-26 17:02:20,381:INFO:SubProcess create_model() called ==================================
2026-02-26 17:02:20,383:INFO:Initializing create_model()
2026-02-26 17:02:20,383:INFO:create_model(self=<pycaret.regression.oop.RegressionExperiment object at 0x0000023DC05BB550>, estimator=lightgbm, fold=KFold(n_splits=5, random_state=None, shuffle=False), round=4, cross_validation=True, predict=True, fit_kwargs={}, groups=None, refit=False, probability_threshold=None, experiment_custom_tags=None, verbose=False, system=False, add_to_model_list=True, metrics=None, display=<pycaret.internal.display.display.CommonDisplay object at 0x0000023DBD3CE9D0>, model_only=True, return_train_score=False, error_score=0.0, kwargs={})
2026-02-26 17:02:20,383:INFO:Checking exceptions
2026-02-26 17:02:20,383:INFO:Importing libraries
2026-02-26 17:02:20,383:INFO:Copying training dataset
2026-02-26 17:02:20,385:INFO:Defining folds
2026-02-26 17:02:20,385:INFO:Declaring metric variables
2026-02-26 17:02:20,386:INFO:Importing untrained model
2026-02-26 17:02:20,386:INFO:Light Gradient Boosting Machine Imported successfully
2026-02-26 17:02:20,386:INFO:Starting cross validation
2026-02-26 17:02:20,387:INFO:Cross validating with KFold(n_splits=5, random_state=None, shuffle=False), n_jobs=-1
2026-02-26 17:02:20,674:INFO:Calculating mean and std
2026-02-26 17:02:20,674:INFO:Creating metrics dataframe
2026-02-26 17:02:20,677:INFO:Uploading results into container
2026-02-26 17:02:20,677:INFO:Uploading model into container now
2026-02-26 17:02:20,678:INFO:_master_model_container: 18
2026-02-26 17:02:20,678:INFO:_display_container: 2
2026-02-26 17:02:20,678:INFO:LGBMRegressor(n_jobs=-1, random_state=42)
2026-02-26 17:02:20,678:INFO:create_model() successfully completed......................................
2026-02-26 17:02:20,840:INFO:SubProcess create_model() end ==================================
2026-02-26 17:02:20,840:INFO:Creating metrics dataframe
2026-02-26 17:02:20,841:INFO:Initializing Dummy Regressor
2026-02-26 17:02:20,841:INFO:Total runtime is 0.08274737596511841 minutes
2026-02-26 17:02:20,842:INFO:SubProcess create_model() called ==================================
2026-02-26 17:02:20,843:INFO:Initializing create_model()
2026-02-26 17:02:20,843:INFO:create_model(self=<pycaret.regression.oop.RegressionExperiment object at 0x0000023DC05BB550>, estimator=dummy, fold=KFold(n_splits=5, random_state=None, shuffle=False), round=4, cross_validation=True, predict=True, fit_kwargs={}, groups=None, refit=False, probability_threshold=None, experiment_custom_tags=None, verbose=False, system=False, add_to_model_list=True, metrics=None, display=<pycaret.internal.display.display.CommonDisplay object at 0x0000023DBD3CE9D0>, model_only=True, return_train_score=False, error_score=0.0, kwargs={})
2026-02-26 17:02:20,843:INFO:Checking exceptions
2026-02-26 17:02:20,843:INFO:Importing libraries
2026-02-26 17:02:20,843:INFO:Copying training dataset
2026-02-26 17:02:20,845:INFO:Defining folds
2026-02-26 17:02:20,845:INFO:Declaring metric variables
2026-02-26 17:02:20,845:INFO:Importing untrained model
2026-02-26 17:02:20,845:INFO:Dummy Regressor Imported successfully
2026-02-26 17:02:20,845:INFO:Starting cross validation
2026-02-26 17:02:20,846:INFO:Cross validating with KFold(n_splits=5, random_state=None, shuffle=False), n_jobs=-1
2026-02-26 17:02:20,884:INFO:Calculating mean and std
2026-02-26 17:02:20,884:INFO:Creating metrics dataframe
2026-02-26 17:02:20,887:INFO:Uploading results into container
2026-02-26 17:02:20,887:INFO:Uploading model into container now
2026-02-26 17:02:20,888:INFO:_master_model_container: 19
2026-02-26 17:02:20,888:INFO:_display_container: 2
2026-02-26 17:02:20,889:INFO:DummyRegressor()
2026-02-26 17:02:20,889:INFO:create_model() successfully completed......................................
2026-02-26 17:02:21,030:INFO:SubProcess create_model() end ==================================
2026-02-26 17:02:21,031:INFO:Creating metrics dataframe
2026-02-26 17:02:21,034:INFO:Initializing create_model()
2026-02-26 17:02:21,035:INFO:create_model(self=<pycaret.regression.oop.RegressionExperiment object at 0x0000023DC05BB550>, estimator=LinearRegression(n_jobs=-1), fold=KFold(n_splits=5, random_state=None, shuffle=False), round=4, cross_validation=False, predict=False, fit_kwargs={}, groups=None, refit=True, probability_threshold=None, experiment_custom_tags=None, verbose=False, system=False, add_to_model_list=True, metrics=None, display=None, model_only=True, return_train_score=False, error_score=0.0, kwargs={})
2026-02-26 17:02:21,035:INFO:Checking exceptions
2026-02-26 17:02:21,036:INFO:Importing libraries
2026-02-26 17:02:21,036:INFO:Copying training dataset
2026-02-26 17:02:21,039:INFO:Defining folds
2026-02-26 17:02:21,040:INFO:Declaring metric variables
2026-02-26 17:02:21,040:INFO:Importing untrained model
2026-02-26 17:02:21,040:INFO:Declaring custom model
2026-02-26 17:02:21,040:INFO:Linear Regression Imported successfully
2026-02-26 17:02:21,041:INFO:Cross validation set to False
2026-02-26 17:02:21,041:INFO:Fitting Model
2026-02-26 17:02:21,051:INFO:LinearRegression(n_jobs=-1)
2026-02-26 17:02:21,051:INFO:create_model() successfully completed......................................
2026-02-26 17:02:21,204:INFO:Initializing create_model()
2026-02-26 17:02:21,205:INFO:create_model(self=<pycaret.regression.oop.RegressionExperiment object at 0x0000023DC05BB550>, estimator=Ridge(random_state=42), fold=KFold(n_splits=5, random_state=None, shuffle=False), round=4, cross_validation=False, predict=False, fit_kwargs={}, groups=None, refit=True, probability_threshold=None, experiment_custom_tags=None, verbose=False, system=False, add_to_model_list=True, metrics=None, display=None, model_only=True, return_train_score=False, error_score=0.0, kwargs={})
2026-02-26 17:02:21,205:INFO:Checking exceptions
2026-02-26 17:02:21,205:INFO:Importing libraries
2026-02-26 17:02:21,205:INFO:Copying training dataset
2026-02-26 17:02:21,208:INFO:Defining folds
2026-02-26 17:02:21,209:INFO:Declaring metric variables
2026-02-26 17:02:21,209:INFO:Importing untrained model
2026-02-26 17:02:21,209:INFO:Declaring custom model
2026-02-26 17:02:21,209:INFO:Ridge Regression Imported successfully
2026-02-26 17:02:21,210:INFO:Cross validation set to False
2026-02-26 17:02:21,210:INFO:Fitting Model
2026-02-26 17:02:21,218:INFO:Ridge(random_state=42)
2026-02-26 17:02:21,218:INFO:create_model() successfully completed......................................
2026-02-26 17:02:21,370:INFO:Initializing create_model()
2026-02-26 17:02:21,370:INFO:create_model(self=<pycaret.regression.oop.RegressionExperiment object at 0x0000023DC05BB550>, estimator=HuberRegressor(), fold=KFold(n_splits=5, random_state=None, shuffle=False), round=4, cross_validation=False, predict=False, fit_kwargs={}, groups=None, refit=True, probability_threshold=None, experiment_custom_tags=None, verbose=False, system=False, add_to_model_list=True, metrics=None, display=None, model_only=True, return_train_score=False, error_score=0.0, kwargs={})
2026-02-26 17:02:21,370:INFO:Checking exceptions
2026-02-26 17:02:21,373:INFO:Importing libraries
2026-02-26 17:02:21,373:INFO:Copying training dataset
2026-02-26 17:02:21,375:INFO:Defining folds
2026-02-26 17:02:21,375:INFO:Declaring metric variables
2026-02-26 17:02:21,375:INFO:Importing untrained model
2026-02-26 17:02:21,375:INFO:Declaring custom model
2026-02-26 17:02:21,375:INFO:Huber Regressor Imported successfully
2026-02-26 17:02:21,377:INFO:Cross validation set to False
2026-02-26 17:02:21,377:INFO:Fitting Model
2026-02-26 17:02:21,393:INFO:HuberRegressor()
2026-02-26 17:02:21,393:INFO:create_model() successfully completed......................................
2026-02-26 17:02:21,535:INFO:_master_model_container: 19
2026-02-26 17:02:21,535:INFO:_display_container: 2
2026-02-26 17:02:21,535:INFO:[LinearRegression(n_jobs=-1), Ridge(random_state=42), HuberRegressor()]
2026-02-26 17:02:21,535:INFO:compare_models() successfully completed......................................
2026-02-26 17:02:21,540:INFO:PyCaret RegressionExperiment
2026-02-26 17:02:21,540:INFO:Logging name: reg-default-name
2026-02-26 17:02:21,540:INFO:ML Usecase: MLUsecase.REGRESSION
2026-02-26 17:02:21,540:INFO:version 3.3.2
2026-02-26 17:02:21,540:INFO:Initializing setup()
2026-02-26 17:02:21,541:INFO:self.USI: dd35
2026-02-26 17:02:21,541:INFO:self._variable_keys: {'fold_groups_param', 'gpu_n_jobs_param', 'memory', 'y', 'html_param', 'n_jobs_param', 'exp_id', 'log_plots_param', 'exp_name_log', '_ml_usecase', 'target_param', 'y_train', 'USI', 'idx', 'gpu_param', 'seed', 'pipeline', 'fold_shuffle_param', 'X_train', 'X', 'X_test', 'y_test', 'transform_target_param', 'logging_param', '_available_plots', 'data', 'fold_generator'}
2026-02-26 17:02:21,541:INFO:Checking environment
2026-02-26 17:02:21,541:INFO:python_version: 3.11.14
2026-02-26 17:02:21,541:INFO:python_build: ('main', 'Oct 21 2025 18:30:03')
2026-02-26 17:02:21,541:INFO:machine: AMD64
2026-02-26 17:02:21,541:INFO:platform: Windows-10-10.0.26100-SP0
2026-02-26 17:02:21,541:INFO:Memory: svmem(total=16889774080, available=5016375296, percent=70.3, used=11873398784, free=5016375296)
2026-02-26 17:02:21,541:INFO:Physical Core: 4
2026-02-26 17:02:21,541:INFO:Logical Core: 8
2026-02-26 17:02:21,541:INFO:Checking libraries
2026-02-26 17:02:21,541:INFO:System:
2026-02-26 17:02:21,541:INFO:    python: 3.11.14 | packaged by Anaconda, Inc. | (main, Oct 21 2025, 18:30:03) [MSC v.1929 64 bit (AMD64)]
2026-02-26 17:02:21,541:INFO:executable: c:\Users\Playdata2\miniconda3\envs\battery_env\python.exe
2026-02-26 17:02:21,541:INFO:   machine: Windows-10-10.0.26100-SP0
2026-02-26 17:02:21,541:INFO:PyCaret required dependencies:
2026-02-26 17:02:21,542:INFO:                 pip: 26.0.1
2026-02-26 17:02:21,542:INFO:          setuptools: 80.10.2
2026-02-26 17:02:21,542:INFO:             pycaret: 3.3.2
2026-02-26 17:02:21,542:INFO:             IPython: 9.10.0
2026-02-26 17:02:21,542:INFO:          ipywidgets: 8.1.8
2026-02-26 17:02:21,542:INFO:                tqdm: 4.67.3
2026-02-26 17:02:21,542:INFO:               numpy: 1.26.4
2026-02-26 17:02:21,542:INFO:              pandas: 2.1.4
2026-02-26 17:02:21,542:INFO:              jinja2: 3.1.6
2026-02-26 17:02:21,542:INFO:               scipy: 1.11.4
2026-02-26 17:02:21,542:INFO:              joblib: 1.3.2
2026-02-26 17:02:21,542:INFO:             sklearn: 1.4.2
2026-02-26 17:02:21,542:INFO:                pyod: 2.0.6
2026-02-26 17:02:21,542:INFO:            imblearn: 0.14.1
2026-02-26 17:02:21,542:INFO:   category_encoders: 2.7.0
2026-02-26 17:02:21,542:INFO:            lightgbm: 4.6.0
2026-02-26 17:02:21,542:INFO:               numba: 0.64.0
2026-02-26 17:02:21,542:INFO:            requests: 2.32.5
2026-02-26 17:02:21,542:INFO:          matplotlib: 3.7.5
2026-02-26 17:02:21,542:INFO:          scikitplot: 0.3.7
2026-02-26 17:02:21,542:INFO:         yellowbrick: 1.5
2026-02-26 17:02:21,542:INFO:              plotly: 6.5.2
2026-02-26 17:02:21,542:INFO:    plotly-resampler: Not installed
2026-02-26 17:02:21,542:INFO:             kaleido: 1.2.0
2026-02-26 17:02:21,542:INFO:           schemdraw: 0.15
2026-02-26 17:02:21,542:INFO:         statsmodels: 0.14.6
2026-02-26 17:02:21,542:INFO:              sktime: 0.26.0
2026-02-26 17:02:21,542:INFO:               tbats: 1.1.3
2026-02-26 17:02:21,542:INFO:            pmdarima: 2.0.4
2026-02-26 17:02:21,542:INFO:              psutil: 7.2.2
2026-02-26 17:02:21,542:INFO:          markupsafe: 3.0.3
2026-02-26 17:02:21,542:INFO:             pickle5: Not installed
2026-02-26 17:02:21,542:INFO:         cloudpickle: 3.1.2
2026-02-26 17:02:21,542:INFO:         deprecation: 2.1.0
2026-02-26 17:02:21,542:INFO:              xxhash: 3.6.0
2026-02-26 17:02:21,542:INFO:           wurlitzer: Not installed
2026-02-26 17:02:21,542:INFO:PyCaret optional dependencies:
2026-02-26 17:02:21,542:INFO:                shap: Not installed
2026-02-26 17:02:21,542:INFO:           interpret: Not installed
2026-02-26 17:02:21,542:INFO:                umap: Not installed
2026-02-26 17:02:21,542:INFO:     ydata_profiling: Not installed
2026-02-26 17:02:21,542:INFO:  explainerdashboard: Not installed
2026-02-26 17:02:21,542:INFO:             autoviz: Not installed
2026-02-26 17:02:21,542:INFO:           fairlearn: Not installed
2026-02-26 17:02:21,542:INFO:          deepchecks: Not installed
2026-02-26 17:02:21,542:INFO:             xgboost: 3.2.0
2026-02-26 17:02:21,542:INFO:            catboost: Not installed
2026-02-26 17:02:21,542:INFO:              kmodes: Not installed
2026-02-26 17:02:21,542:INFO:             mlxtend: Not installed
2026-02-26 17:02:21,542:INFO:       statsforecast: Not installed
2026-02-26 17:02:21,542:INFO:        tune_sklearn: Not installed
2026-02-26 17:02:21,544:INFO:                 ray: Not installed
2026-02-26 17:02:21,544:INFO:            hyperopt: Not installed
2026-02-26 17:02:21,544:INFO:              optuna: 4.7.0
2026-02-26 17:02:21,544:INFO:               skopt: Not installed
2026-02-26 17:02:21,544:INFO:              mlflow: Not installed
2026-02-26 17:02:21,544:INFO:              gradio: Not installed
2026-02-26 17:02:21,544:INFO:             fastapi: Not installed
2026-02-26 17:02:21,544:INFO:             uvicorn: Not installed
2026-02-26 17:02:21,544:INFO:              m2cgen: Not installed
2026-02-26 17:02:21,544:INFO:           evidently: Not installed
2026-02-26 17:02:21,544:INFO:               fugue: Not installed
2026-02-26 17:02:21,544:INFO:           streamlit: Not installed
2026-02-26 17:02:21,544:INFO:             prophet: Not installed
2026-02-26 17:02:21,544:INFO:None
2026-02-26 17:02:21,544:INFO:Set up data.
2026-02-26 17:02:21,548:INFO:Set up folding strategy.
2026-02-26 17:02:21,548:INFO:Set up train/test split.
2026-02-26 17:02:21,551:INFO:Set up index.
2026-02-26 17:02:21,551:INFO:Assigning column types.
2026-02-26 17:02:21,555:INFO:Engine successfully changes for model 'lr' to 'sklearn'.
2026-02-26 17:02:21,556:INFO:Engine for model 'lasso' has not been set explicitly, hence returning None.
2026-02-26 17:02:21,559:INFO:Engine for model 'ridge' has not been set explicitly, hence returning None.
2026-02-26 17:02:21,561:INFO:Engine for model 'en' has not been set explicitly, hence returning None.
2026-02-26 17:02:21,607:INFO:Engine for model 'svm' has not been set explicitly, hence returning None.
2026-02-26 17:02:21,642:INFO:Engine for model 'knn' has not been set explicitly, hence returning None.
2026-02-26 17:02:21,643:INFO:Soft dependency imported: xgboost: 3.2.0
2026-02-26 17:02:21,644:WARNING:
'catboost' is a soft dependency and not included in the pycaret installation. Please run: `pip install catboost` to install.
Alternately, you can install this by running `pip install pycaret[models]`
2026-02-26 17:02:21,644:INFO:Engine for model 'lasso' has not been set explicitly, hence returning None.
2026-02-26 17:02:21,649:INFO:Engine for model 'ridge' has not been set explicitly, hence returning None.
2026-02-26 17:02:21,652:INFO:Engine for model 'en' has not been set explicitly, hence returning None.
2026-02-26 17:02:21,700:INFO:Engine for model 'svm' has not been set explicitly, hence returning None.
2026-02-26 17:02:21,734:INFO:Engine for model 'knn' has not been set explicitly, hence returning None.
2026-02-26 17:02:21,734:INFO:Soft dependency imported: xgboost: 3.2.0
2026-02-26 17:02:21,736:WARNING:
'catboost' is a soft dependency and not included in the pycaret installation. Please run: `pip install catboost` to install.
Alternately, you can install this by running `pip install pycaret[models]`
2026-02-26 17:02:21,736:INFO:Engine successfully changes for model 'lasso' to 'sklearn'.
2026-02-26 17:02:21,740:INFO:Engine for model 'ridge' has not been set explicitly, hence returning None.
2026-02-26 17:02:21,744:INFO:Engine for model 'en' has not been set explicitly, hence returning None.
2026-02-26 17:02:21,789:INFO:Engine for model 'svm' has not been set explicitly, hence returning None.
2026-02-26 17:02:21,827:INFO:Engine for model 'knn' has not been set explicitly, hence returning None.
2026-02-26 17:02:21,827:INFO:Soft dependency imported: xgboost: 3.2.0
2026-02-26 17:02:21,829:WARNING:
'catboost' is a soft dependency and not included in the pycaret installation. Please run: `pip install catboost` to install.
Alternately, you can install this by running `pip install pycaret[models]`
2026-02-26 17:02:21,834:INFO:Engine for model 'ridge' has not been set explicitly, hence returning None.
2026-02-26 17:02:21,838:INFO:Engine for model 'en' has not been set explicitly, hence returning None.
2026-02-26 17:02:21,885:INFO:Engine for model 'svm' has not been set explicitly, hence returning None.
2026-02-26 17:02:21,921:INFO:Engine for model 'knn' has not been set explicitly, hence returning None.
2026-02-26 17:02:21,922:INFO:Soft dependency imported: xgboost: 3.2.0
2026-02-26 17:02:21,925:WARNING:
'catboost' is a soft dependency and not included in the pycaret installation. Please run: `pip install catboost` to install.
Alternately, you can install this by running `pip install pycaret[models]`
2026-02-26 17:02:21,925:INFO:Engine successfully changes for model 'ridge' to 'sklearn'.
2026-02-26 17:02:21,932:INFO:Engine for model 'en' has not been set explicitly, hence returning None.
2026-02-26 17:02:21,978:INFO:Engine for model 'svm' has not been set explicitly, hence returning None.
2026-02-26 17:02:22,013:INFO:Engine for model 'knn' has not been set explicitly, hence returning None.
2026-02-26 17:02:22,013:INFO:Soft dependency imported: xgboost: 3.2.0
2026-02-26 17:02:22,015:WARNING:
'catboost' is a soft dependency and not included in the pycaret installation. Please run: `pip install catboost` to install.
Alternately, you can install this by running `pip install pycaret[models]`
2026-02-26 17:02:22,022:INFO:Engine for model 'en' has not been set explicitly, hence returning None.
2026-02-26 17:02:22,070:INFO:Engine for model 'svm' has not been set explicitly, hence returning None.
2026-02-26 17:02:22,109:INFO:Engine for model 'knn' has not been set explicitly, hence returning None.
2026-02-26 17:02:22,110:INFO:Soft dependency imported: xgboost: 3.2.0
2026-02-26 17:02:22,112:WARNING:
'catboost' is a soft dependency and not included in the pycaret installation. Please run: `pip install catboost` to install.
Alternately, you can install this by running `pip install pycaret[models]`
2026-02-26 17:02:22,113:INFO:Engine successfully changes for model 'en' to 'sklearn'.
2026-02-26 17:02:22,168:INFO:Engine for model 'svm' has not been set explicitly, hence returning None.
2026-02-26 17:02:22,203:INFO:Engine for model 'knn' has not been set explicitly, hence returning None.
2026-02-26 17:02:22,203:INFO:Soft dependency imported: xgboost: 3.2.0
2026-02-26 17:02:22,206:WARNING:
'catboost' is a soft dependency and not included in the pycaret installation. Please run: `pip install catboost` to install.
Alternately, you can install this by running `pip install pycaret[models]`
2026-02-26 17:02:22,257:INFO:Engine for model 'svm' has not been set explicitly, hence returning None.
2026-02-26 17:02:22,293:INFO:Engine for model 'knn' has not been set explicitly, hence returning None.
2026-02-26 17:02:22,294:INFO:Soft dependency imported: xgboost: 3.2.0
2026-02-26 17:02:22,296:WARNING:
'catboost' is a soft dependency and not included in the pycaret installation. Please run: `pip install catboost` to install.
Alternately, you can install this by running `pip install pycaret[models]`
2026-02-26 17:02:22,296:INFO:Engine successfully changes for model 'knn' to 'sklearn'.
2026-02-26 17:02:22,347:INFO:Engine for model 'svm' has not been set explicitly, hence returning None.
2026-02-26 17:02:22,384:INFO:Soft dependency imported: xgboost: 3.2.0
2026-02-26 17:02:22,386:WARNING:
'catboost' is a soft dependency and not included in the pycaret installation. Please run: `pip install catboost` to install.
Alternately, you can install this by running `pip install pycaret[models]`
2026-02-26 17:02:22,438:INFO:Engine for model 'svm' has not been set explicitly, hence returning None.
2026-02-26 17:02:22,475:INFO:Soft dependency imported: xgboost: 3.2.0
2026-02-26 17:02:22,477:WARNING:
'catboost' is a soft dependency and not included in the pycaret installation. Please run: `pip install catboost` to install.
Alternately, you can install this by running `pip install pycaret[models]`
2026-02-26 17:02:22,477:INFO:Engine successfully changes for model 'svm' to 'sklearn'.
2026-02-26 17:02:22,563:INFO:Soft dependency imported: xgboost: 3.2.0
2026-02-26 17:02:22,565:WARNING:
'catboost' is a soft dependency and not included in the pycaret installation. Please run: `pip install catboost` to install.
Alternately, you can install this by running `pip install pycaret[models]`
2026-02-26 17:02:22,656:INFO:Soft dependency imported: xgboost: 3.2.0
2026-02-26 17:02:22,657:WARNING:
'catboost' is a soft dependency and not included in the pycaret installation. Please run: `pip install catboost` to install.
Alternately, you can install this by running `pip install pycaret[models]`
2026-02-26 17:02:22,658:INFO:Preparing preprocessing pipeline...
2026-02-26 17:02:22,658:INFO:Set up simple imputation.
2026-02-26 17:02:22,658:INFO:Set up feature normalization.
2026-02-26 17:02:22,681:INFO:Finished creating preprocessing pipeline.
2026-02-26 17:02:22,685:INFO:Pipeline: Pipeline(memory=FastMemory(location=C:\Users\PLAYDA~1\AppData\Local\Temp\joblib),
         steps=[('numerical_imputer',
                 TransformerWrapper(include=['initial_voltage',
                                             'initial_impedance', 'v42_voltage',
                                             'v42_impedance',
                                             'impedance_ratio_42',
                                             'voltage_delta_initial_42',
                                             'impedance_voltage_product',
                                             'health_index', 'ocv_deviation',
                                             'v36_voltage', 'v36_impedance',
                                             'impedance_mean'],
                                    transformer=SimpleImputer())),
                ('categorical_imputer',
                 TransformerWrapper(include=[],
                                    transformer=SimpleImputer(strategy='most_frequent'))),
                ('normalize',
                 TransformerWrapper(transformer=StandardScaler()))])
2026-02-26 17:02:22,685:INFO:Creating final display dataframe.
2026-02-26 17:02:22,755:INFO:Setup _display_container:                     Description             Value
0                    Session id                42
1                        Target          capacity
2                   Target type        Regression
3           Original data shape        (1039, 13)
4        Transformed data shape        (1039, 13)
5   Transformed train set shape         (727, 13)
6    Transformed test set shape         (312, 13)
7              Numeric features                12
8                    Preprocess              True
9               Imputation type            simple
10           Numeric imputation              mean
11       Categorical imputation              mode
12                    Normalize              True
13             Normalize method            zscore
14               Fold Generator             KFold
15                  Fold Number                 5
16                     CPU Jobs                -1
17                      Use GPU             False
18               Log Experiment             False
19              Experiment Name  reg-default-name
20                          USI              dd35
2026-02-26 17:02:22,848:INFO:Soft dependency imported: xgboost: 3.2.0
2026-02-26 17:02:22,850:WARNING:
'catboost' is a soft dependency and not included in the pycaret installation. Please run: `pip install catboost` to install.
Alternately, you can install this by running `pip install pycaret[models]`
2026-02-26 17:02:23,039:INFO:Soft dependency imported: xgboost: 3.2.0
2026-02-26 17:02:23,044:WARNING:
'catboost' is a soft dependency and not included in the pycaret installation. Please run: `pip install catboost` to install.
Alternately, you can install this by running `pip install pycaret[models]`
2026-02-26 17:02:23,046:INFO:setup() successfully completed in 1.51s...............
2026-02-26 17:02:23,046:INFO:Initializing compare_models()
2026-02-26 17:02:23,046:INFO:compare_models(self=<pycaret.regression.oop.RegressionExperiment object at 0x0000023DB3AE0110>, include=None, exclude=None, fold=None, round=4, cross_validation=True, sort=R2, n_select=3, budget_time=None, turbo=True, errors=ignore, fit_kwargs=None, groups=None, experiment_custom_tags=None, probability_threshold=None, verbose=False, parallel=None, caller_params={'self': <pycaret.regression.oop.RegressionExperiment object at 0x0000023DB3AE0110>, 'include': None, 'exclude': None, 'fold': None, 'round': 4, 'cross_validation': True, 'sort': 'R2', 'n_select': 3, 'budget_time': None, 'turbo': True, 'errors': 'ignore', 'fit_kwargs': None, 'groups': None, 'experiment_custom_tags': None, 'engine': None, 'verbose': False, 'parallel': None, '__class__': <class 'pycaret.regression.oop.RegressionExperiment'>})
2026-02-26 17:02:23,046:INFO:Checking exceptions
2026-02-26 17:02:23,048:INFO:Preparing display monitor
2026-02-26 17:02:23,051:INFO:Initializing Linear Regression
2026-02-26 17:02:23,051:INFO:Total runtime is 0.0 minutes
2026-02-26 17:02:23,051:INFO:SubProcess create_model() called ==================================
2026-02-26 17:02:23,052:INFO:Initializing create_model()
2026-02-26 17:02:23,052:INFO:create_model(self=<pycaret.regression.oop.RegressionExperiment object at 0x0000023DB3AE0110>, estimator=lr, fold=KFold(n_splits=5, random_state=None, shuffle=False), round=4, cross_validation=True, predict=True, fit_kwargs={}, groups=None, refit=False, probability_threshold=None, experiment_custom_tags=None, verbose=False, system=False, add_to_model_list=True, metrics=None, display=<pycaret.internal.display.display.CommonDisplay object at 0x0000023DC72769D0>, model_only=True, return_train_score=False, error_score=0.0, kwargs={})
2026-02-26 17:02:23,052:INFO:Checking exceptions
2026-02-26 17:02:23,052:INFO:Importing libraries
2026-02-26 17:02:23,052:INFO:Copying training dataset
2026-02-26 17:02:23,059:INFO:Defining folds
2026-02-26 17:02:23,060:INFO:Declaring metric variables
2026-02-26 17:02:23,060:INFO:Importing untrained model
2026-02-26 17:02:23,060:INFO:Linear Regression Imported successfully
2026-02-26 17:02:23,061:INFO:Starting cross validation
2026-02-26 17:02:23,062:INFO:Cross validating with KFold(n_splits=5, random_state=None, shuffle=False), n_jobs=-1
2026-02-26 17:02:23,126:INFO:Calculating mean and std
2026-02-26 17:02:23,126:INFO:Creating metrics dataframe
2026-02-26 17:02:23,127:INFO:Uploading results into container
2026-02-26 17:02:23,127:INFO:Uploading model into container now
2026-02-26 17:02:23,127:INFO:_master_model_container: 1
2026-02-26 17:02:23,127:INFO:_display_container: 2
2026-02-26 17:02:23,127:INFO:LinearRegression(n_jobs=-1)
2026-02-26 17:02:23,127:INFO:create_model() successfully completed......................................
2026-02-26 17:02:23,266:INFO:SubProcess create_model() end ==================================
2026-02-26 17:02:23,266:INFO:Creating metrics dataframe
2026-02-26 17:02:23,267:INFO:Initializing Lasso Regression
2026-02-26 17:02:23,267:INFO:Total runtime is 0.0036070823669433595 minutes
2026-02-26 17:02:23,268:INFO:SubProcess create_model() called ==================================
2026-02-26 17:02:23,268:INFO:Initializing create_model()
2026-02-26 17:02:23,268:INFO:create_model(self=<pycaret.regression.oop.RegressionExperiment object at 0x0000023DB3AE0110>, estimator=lasso, fold=KFold(n_splits=5, random_state=None, shuffle=False), round=4, cross_validation=True, predict=True, fit_kwargs={}, groups=None, refit=False, probability_threshold=None, experiment_custom_tags=None, verbose=False, system=False, add_to_model_list=True, metrics=None, display=<pycaret.internal.display.display.CommonDisplay object at 0x0000023DC72769D0>, model_only=True, return_train_score=False, error_score=0.0, kwargs={})
2026-02-26 17:02:23,268:INFO:Checking exceptions
2026-02-26 17:02:23,268:INFO:Importing libraries
2026-02-26 17:02:23,268:INFO:Copying training dataset
2026-02-26 17:02:23,271:INFO:Defining folds
2026-02-26 17:02:23,271:INFO:Declaring metric variables
2026-02-26 17:02:23,271:INFO:Importing untrained model
2026-02-26 17:02:23,271:INFO:Lasso Regression Imported successfully
2026-02-26 17:02:23,271:INFO:Starting cross validation
2026-02-26 17:02:23,273:INFO:Cross validating with KFold(n_splits=5, random_state=None, shuffle=False), n_jobs=-1
2026-02-26 17:02:23,323:INFO:Calculating mean and std
2026-02-26 17:02:23,323:INFO:Creating metrics dataframe
2026-02-26 17:02:23,324:INFO:Uploading results into container
2026-02-26 17:02:23,325:INFO:Uploading model into container now
2026-02-26 17:02:23,325:INFO:_master_model_container: 2
2026-02-26 17:02:23,325:INFO:_display_container: 2
2026-02-26 17:02:23,325:INFO:Lasso(random_state=42)
2026-02-26 17:02:23,325:INFO:create_model() successfully completed......................................
2026-02-26 17:02:23,461:INFO:SubProcess create_model() end ==================================
2026-02-26 17:02:23,461:INFO:Creating metrics dataframe
2026-02-26 17:02:23,464:INFO:Initializing Ridge Regression
2026-02-26 17:02:23,464:INFO:Total runtime is 0.006889736652374268 minutes
2026-02-26 17:02:23,464:INFO:SubProcess create_model() called ==================================
2026-02-26 17:02:23,465:INFO:Initializing create_model()
2026-02-26 17:02:23,465:INFO:create_model(self=<pycaret.regression.oop.RegressionExperiment object at 0x0000023DB3AE0110>, estimator=ridge, fold=KFold(n_splits=5, random_state=None, shuffle=False), round=4, cross_validation=True, predict=True, fit_kwargs={}, groups=None, refit=False, probability_threshold=None, experiment_custom_tags=None, verbose=False, system=False, add_to_model_list=True, metrics=None, display=<pycaret.internal.display.display.CommonDisplay object at 0x0000023DC72769D0>, model_only=True, return_train_score=False, error_score=0.0, kwargs={})
2026-02-26 17:02:23,465:INFO:Checking exceptions
2026-02-26 17:02:23,465:INFO:Importing libraries
2026-02-26 17:02:23,465:INFO:Copying training dataset
2026-02-26 17:02:23,467:INFO:Defining folds
2026-02-26 17:02:23,467:INFO:Declaring metric variables
2026-02-26 17:02:23,467:INFO:Importing untrained model
2026-02-26 17:02:23,468:INFO:Ridge Regression Imported successfully
2026-02-26 17:02:23,468:INFO:Starting cross validation
2026-02-26 17:02:23,468:INFO:Cross validating with KFold(n_splits=5, random_state=None, shuffle=False), n_jobs=-1
2026-02-26 17:02:23,518:INFO:Calculating mean and std
2026-02-26 17:02:23,519:INFO:Creating metrics dataframe
2026-02-26 17:02:23,520:INFO:Uploading results into container
2026-02-26 17:02:23,521:INFO:Uploading model into container now
2026-02-26 17:02:23,521:INFO:_master_model_container: 3
2026-02-26 17:02:23,521:INFO:_display_container: 2
2026-02-26 17:02:23,521:INFO:Ridge(random_state=42)
2026-02-26 17:02:23,521:INFO:create_model() successfully completed......................................
2026-02-26 17:02:23,679:INFO:SubProcess create_model() end ==================================
2026-02-26 17:02:23,679:INFO:Creating metrics dataframe
2026-02-26 17:02:23,681:INFO:Initializing Elastic Net
2026-02-26 17:02:23,681:INFO:Total runtime is 0.010497752825419109 minutes
2026-02-26 17:02:23,681:INFO:SubProcess create_model() called ==================================
2026-02-26 17:02:23,681:INFO:Initializing create_model()
2026-02-26 17:02:23,681:INFO:create_model(self=<pycaret.regression.oop.RegressionExperiment object at 0x0000023DB3AE0110>, estimator=en, fold=KFold(n_splits=5, random_state=None, shuffle=False), round=4, cross_validation=True, predict=True, fit_kwargs={}, groups=None, refit=False, probability_threshold=None, experiment_custom_tags=None, verbose=False, system=False, add_to_model_list=True, metrics=None, display=<pycaret.internal.display.display.CommonDisplay object at 0x0000023DC72769D0>, model_only=True, return_train_score=False, error_score=0.0, kwargs={})
2026-02-26 17:02:23,681:INFO:Checking exceptions
2026-02-26 17:02:23,681:INFO:Importing libraries
2026-02-26 17:02:23,681:INFO:Copying training dataset
2026-02-26 17:02:23,685:INFO:Defining folds
2026-02-26 17:02:23,685:INFO:Declaring metric variables
2026-02-26 17:02:23,685:INFO:Importing untrained model
2026-02-26 17:02:23,685:INFO:Elastic Net Imported successfully
2026-02-26 17:02:23,685:INFO:Starting cross validation
2026-02-26 17:02:23,686:INFO:Cross validating with KFold(n_splits=5, random_state=None, shuffle=False), n_jobs=-1
2026-02-26 17:02:23,733:INFO:Calculating mean and std
2026-02-26 17:02:23,733:INFO:Creating metrics dataframe
2026-02-26 17:02:23,734:INFO:Uploading results into container
2026-02-26 17:02:23,735:INFO:Uploading model into container now
2026-02-26 17:02:23,735:INFO:_master_model_container: 4
2026-02-26 17:02:23,735:INFO:_display_container: 2
2026-02-26 17:02:23,735:INFO:ElasticNet(random_state=42)
2026-02-26 17:02:23,735:INFO:create_model() successfully completed......................................
2026-02-26 17:02:23,881:INFO:SubProcess create_model() end ==================================
2026-02-26 17:02:23,881:INFO:Creating metrics dataframe
2026-02-26 17:02:23,883:INFO:Initializing Least Angle Regression
2026-02-26 17:02:23,883:INFO:Total runtime is 0.013870449860890708 minutes
2026-02-26 17:02:23,883:INFO:SubProcess create_model() called ==================================
2026-02-26 17:02:23,883:INFO:Initializing create_model()
2026-02-26 17:02:23,883:INFO:create_model(self=<pycaret.regression.oop.RegressionExperiment object at 0x0000023DB3AE0110>, estimator=lar, fold=KFold(n_splits=5, random_state=None, shuffle=False), round=4, cross_validation=True, predict=True, fit_kwargs={}, groups=None, refit=False, probability_threshold=None, experiment_custom_tags=None, verbose=False, system=False, add_to_model_list=True, metrics=None, display=<pycaret.internal.display.display.CommonDisplay object at 0x0000023DC72769D0>, model_only=True, return_train_score=False, error_score=0.0, kwargs={})
2026-02-26 17:02:23,883:INFO:Checking exceptions
2026-02-26 17:02:23,883:INFO:Importing libraries
2026-02-26 17:02:23,883:INFO:Copying training dataset
2026-02-26 17:02:23,887:INFO:Defining folds
2026-02-26 17:02:23,887:INFO:Declaring metric variables
2026-02-26 17:02:23,887:INFO:Importing untrained model
2026-02-26 17:02:23,888:INFO:Least Angle Regression Imported successfully
2026-02-26 17:02:23,888:INFO:Starting cross validation
2026-02-26 17:02:23,890:INFO:Cross validating with KFold(n_splits=5, random_state=None, shuffle=False), n_jobs=-1
2026-02-26 17:02:23,937:INFO:Calculating mean and std
2026-02-26 17:02:23,938:INFO:Creating metrics dataframe
2026-02-26 17:02:23,940:INFO:Uploading results into container
2026-02-26 17:02:23,940:INFO:Uploading model into container now
2026-02-26 17:02:23,940:INFO:_master_model_container: 5
2026-02-26 17:02:23,940:INFO:_display_container: 2
2026-02-26 17:02:23,940:INFO:Lars(random_state=42)
2026-02-26 17:02:23,940:INFO:create_model() successfully completed......................................
2026-02-26 17:02:24,079:INFO:SubProcess create_model() end ==================================
2026-02-26 17:02:24,079:INFO:Creating metrics dataframe
2026-02-26 17:02:24,081:INFO:Initializing Lasso Least Angle Regression
2026-02-26 17:02:24,081:INFO:Total runtime is 0.01716732184092204 minutes
2026-02-26 17:02:24,081:INFO:SubProcess create_model() called ==================================
2026-02-26 17:02:24,081:INFO:Initializing create_model()
2026-02-26 17:02:24,081:INFO:create_model(self=<pycaret.regression.oop.RegressionExperiment object at 0x0000023DB3AE0110>, estimator=llar, fold=KFold(n_splits=5, random_state=None, shuffle=False), round=4, cross_validation=True, predict=True, fit_kwargs={}, groups=None, refit=False, probability_threshold=None, experiment_custom_tags=None, verbose=False, system=False, add_to_model_list=True, metrics=None, display=<pycaret.internal.display.display.CommonDisplay object at 0x0000023DC72769D0>, model_only=True, return_train_score=False, error_score=0.0, kwargs={})
2026-02-26 17:02:24,081:INFO:Checking exceptions
2026-02-26 17:02:24,081:INFO:Importing libraries
2026-02-26 17:02:24,081:INFO:Copying training dataset
2026-02-26 17:02:24,084:INFO:Defining folds
2026-02-26 17:02:24,085:INFO:Declaring metric variables
2026-02-26 17:02:24,085:INFO:Importing untrained model
2026-02-26 17:02:24,085:INFO:Lasso Least Angle Regression Imported successfully
2026-02-26 17:02:24,085:INFO:Starting cross validation
2026-02-26 17:02:24,086:INFO:Cross validating with KFold(n_splits=5, random_state=None, shuffle=False), n_jobs=-1
2026-02-26 17:02:24,125:INFO:Calculating mean and std
2026-02-26 17:02:24,127:INFO:Creating metrics dataframe
2026-02-26 17:02:24,128:INFO:Uploading results into container
2026-02-26 17:02:24,128:INFO:Uploading model into container now
2026-02-26 17:02:24,128:INFO:_master_model_container: 6
2026-02-26 17:02:24,128:INFO:_display_container: 2
2026-02-26 17:02:24,129:INFO:LassoLars(random_state=42)
2026-02-26 17:02:24,129:INFO:create_model() successfully completed......................................
2026-02-26 17:02:24,266:INFO:SubProcess create_model() end ==================================
2026-02-26 17:02:24,266:INFO:Creating metrics dataframe
2026-02-26 17:02:24,268:INFO:Initializing Orthogonal Matching Pursuit
2026-02-26 17:02:24,268:INFO:Total runtime is 0.020288781325022383 minutes
2026-02-26 17:02:24,268:INFO:SubProcess create_model() called ==================================
2026-02-26 17:02:24,268:INFO:Initializing create_model()
2026-02-26 17:02:24,268:INFO:create_model(self=<pycaret.regression.oop.RegressionExperiment object at 0x0000023DB3AE0110>, estimator=omp, fold=KFold(n_splits=5, random_state=None, shuffle=False), round=4, cross_validation=True, predict=True, fit_kwargs={}, groups=None, refit=False, probability_threshold=None, experiment_custom_tags=None, verbose=False, system=False, add_to_model_list=True, metrics=None, display=<pycaret.internal.display.display.CommonDisplay object at 0x0000023DC72769D0>, model_only=True, return_train_score=False, error_score=0.0, kwargs={})
2026-02-26 17:02:24,268:INFO:Checking exceptions
2026-02-26 17:02:24,268:INFO:Importing libraries
2026-02-26 17:02:24,268:INFO:Copying training dataset
2026-02-26 17:02:24,273:INFO:Defining folds
2026-02-26 17:02:24,273:INFO:Declaring metric variables
2026-02-26 17:02:24,273:INFO:Importing untrained model
2026-02-26 17:02:24,273:INFO:Orthogonal Matching Pursuit Imported successfully
2026-02-26 17:02:24,273:INFO:Starting cross validation
2026-02-26 17:02:24,274:INFO:Cross validating with KFold(n_splits=5, random_state=None, shuffle=False), n_jobs=-1
2026-02-26 17:02:24,323:INFO:Calculating mean and std
2026-02-26 17:02:24,323:INFO:Creating metrics dataframe
2026-02-26 17:02:24,324:INFO:Uploading results into container
2026-02-26 17:02:24,324:INFO:Uploading model into container now
2026-02-26 17:02:24,325:INFO:_master_model_container: 7
2026-02-26 17:02:24,325:INFO:_display_container: 2
2026-02-26 17:02:24,325:INFO:OrthogonalMatchingPursuit()
2026-02-26 17:02:24,325:INFO:create_model() successfully completed......................................
2026-02-26 17:02:24,478:INFO:SubProcess create_model() end ==================================
2026-02-26 17:02:24,478:INFO:Creating metrics dataframe
2026-02-26 17:02:24,480:INFO:Initializing Bayesian Ridge
2026-02-26 17:02:24,480:INFO:Total runtime is 0.023814384142557782 minutes
2026-02-26 17:02:24,480:INFO:SubProcess create_model() called ==================================
2026-02-26 17:02:24,480:INFO:Initializing create_model()
2026-02-26 17:02:24,480:INFO:create_model(self=<pycaret.regression.oop.RegressionExperiment object at 0x0000023DB3AE0110>, estimator=br, fold=KFold(n_splits=5, random_state=None, shuffle=False), round=4, cross_validation=True, predict=True, fit_kwargs={}, groups=None, refit=False, probability_threshold=None, experiment_custom_tags=None, verbose=False, system=False, add_to_model_list=True, metrics=None, display=<pycaret.internal.display.display.CommonDisplay object at 0x0000023DC72769D0>, model_only=True, return_train_score=False, error_score=0.0, kwargs={})
2026-02-26 17:02:24,481:INFO:Checking exceptions
2026-02-26 17:02:24,481:INFO:Importing libraries
2026-02-26 17:02:24,481:INFO:Copying training dataset
2026-02-26 17:02:24,484:INFO:Defining folds
2026-02-26 17:02:24,484:INFO:Declaring metric variables
2026-02-26 17:02:24,484:INFO:Importing untrained model
2026-02-26 17:02:24,484:INFO:Bayesian Ridge Imported successfully
2026-02-26 17:02:24,485:INFO:Starting cross validation
2026-02-26 17:02:24,486:INFO:Cross validating with KFold(n_splits=5, random_state=None, shuffle=False), n_jobs=-1
2026-02-26 17:02:24,536:INFO:Calculating mean and std
2026-02-26 17:02:24,536:INFO:Creating metrics dataframe
2026-02-26 17:02:24,539:INFO:Uploading results into container
2026-02-26 17:02:24,540:INFO:Uploading model into container now
2026-02-26 17:02:24,540:INFO:_master_model_container: 8
2026-02-26 17:02:24,540:INFO:_display_container: 2
2026-02-26 17:02:24,540:INFO:BayesianRidge()
2026-02-26 17:02:24,540:INFO:create_model() successfully completed......................................
2026-02-26 17:02:24,693:INFO:SubProcess create_model() end ==================================
2026-02-26 17:02:24,693:INFO:Creating metrics dataframe
2026-02-26 17:02:24,696:INFO:Initializing Passive Aggressive Regressor
2026-02-26 17:02:24,696:INFO:Total runtime is 0.02742598056793213 minutes
2026-02-26 17:02:24,696:INFO:SubProcess create_model() called ==================================
2026-02-26 17:02:24,696:INFO:Initializing create_model()
2026-02-26 17:02:24,696:INFO:create_model(self=<pycaret.regression.oop.RegressionExperiment object at 0x0000023DB3AE0110>, estimator=par, fold=KFold(n_splits=5, random_state=None, shuffle=False), round=4, cross_validation=True, predict=True, fit_kwargs={}, groups=None, refit=False, probability_threshold=None, experiment_custom_tags=None, verbose=False, system=False, add_to_model_list=True, metrics=None, display=<pycaret.internal.display.display.CommonDisplay object at 0x0000023DC72769D0>, model_only=True, return_train_score=False, error_score=0.0, kwargs={})
2026-02-26 17:02:24,696:INFO:Checking exceptions
2026-02-26 17:02:24,696:INFO:Importing libraries
2026-02-26 17:02:24,696:INFO:Copying training dataset
2026-02-26 17:02:24,700:INFO:Defining folds
2026-02-26 17:02:24,700:INFO:Declaring metric variables
2026-02-26 17:02:24,700:INFO:Importing untrained model
2026-02-26 17:02:24,700:INFO:Passive Aggressive Regressor Imported successfully
2026-02-26 17:02:24,700:INFO:Starting cross validation
2026-02-26 17:02:24,700:INFO:Cross validating with KFold(n_splits=5, random_state=None, shuffle=False), n_jobs=-1
2026-02-26 17:02:24,748:INFO:Calculating mean and std
2026-02-26 17:02:24,748:INFO:Creating metrics dataframe
2026-02-26 17:02:24,749:INFO:Uploading results into container
2026-02-26 17:02:24,750:INFO:Uploading model into container now
2026-02-26 17:02:24,750:INFO:_master_model_container: 9
2026-02-26 17:02:24,750:INFO:_display_container: 2
2026-02-26 17:02:24,750:INFO:PassiveAggressiveRegressor(random_state=42)
2026-02-26 17:02:24,750:INFO:create_model() successfully completed......................................
2026-02-26 17:02:24,892:INFO:SubProcess create_model() end ==================================
2026-02-26 17:02:24,893:INFO:Creating metrics dataframe
2026-02-26 17:02:24,895:INFO:Initializing Huber Regressor
2026-02-26 17:02:24,895:INFO:Total runtime is 0.03073957363764445 minutes
2026-02-26 17:02:24,895:INFO:SubProcess create_model() called ==================================
2026-02-26 17:02:24,896:INFO:Initializing create_model()
2026-02-26 17:02:24,896:INFO:create_model(self=<pycaret.regression.oop.RegressionExperiment object at 0x0000023DB3AE0110>, estimator=huber, fold=KFold(n_splits=5, random_state=None, shuffle=False), round=4, cross_validation=True, predict=True, fit_kwargs={}, groups=None, refit=False, probability_threshold=None, experiment_custom_tags=None, verbose=False, system=False, add_to_model_list=True, metrics=None, display=<pycaret.internal.display.display.CommonDisplay object at 0x0000023DC72769D0>, model_only=True, return_train_score=False, error_score=0.0, kwargs={})
2026-02-26 17:02:24,896:INFO:Checking exceptions
2026-02-26 17:02:24,896:INFO:Importing libraries
2026-02-26 17:02:24,896:INFO:Copying training dataset
2026-02-26 17:02:24,899:INFO:Defining folds
2026-02-26 17:02:24,899:INFO:Declaring metric variables
2026-02-26 17:02:24,899:INFO:Importing untrained model
2026-02-26 17:02:24,899:INFO:Huber Regressor Imported successfully
2026-02-26 17:02:24,899:INFO:Starting cross validation
2026-02-26 17:02:24,900:INFO:Cross validating with KFold(n_splits=5, random_state=None, shuffle=False), n_jobs=-1
2026-02-26 17:02:24,958:INFO:Calculating mean and std
2026-02-26 17:02:24,958:INFO:Creating metrics dataframe
2026-02-26 17:02:24,959:INFO:Uploading results into container
2026-02-26 17:02:24,959:INFO:Uploading model into container now
2026-02-26 17:02:24,960:INFO:_master_model_container: 10
2026-02-26 17:02:24,960:INFO:_display_container: 2
2026-02-26 17:02:24,960:INFO:HuberRegressor()
2026-02-26 17:02:24,960:INFO:create_model() successfully completed......................................
2026-02-26 17:02:25,099:INFO:SubProcess create_model() end ==================================
2026-02-26 17:02:25,099:INFO:Creating metrics dataframe
2026-02-26 17:02:25,100:INFO:Initializing K Neighbors Regressor
2026-02-26 17:02:25,100:INFO:Total runtime is 0.034158484141031904 minutes
2026-02-26 17:02:25,100:INFO:SubProcess create_model() called ==================================
2026-02-26 17:02:25,100:INFO:Initializing create_model()
2026-02-26 17:02:25,100:INFO:create_model(self=<pycaret.regression.oop.RegressionExperiment object at 0x0000023DB3AE0110>, estimator=knn, fold=KFold(n_splits=5, random_state=None, shuffle=False), round=4, cross_validation=True, predict=True, fit_kwargs={}, groups=None, refit=False, probability_threshold=None, experiment_custom_tags=None, verbose=False, system=False, add_to_model_list=True, metrics=None, display=<pycaret.internal.display.display.CommonDisplay object at 0x0000023DC72769D0>, model_only=True, return_train_score=False, error_score=0.0, kwargs={})
2026-02-26 17:02:25,100:INFO:Checking exceptions
2026-02-26 17:02:25,100:INFO:Importing libraries
2026-02-26 17:02:25,100:INFO:Copying training dataset
2026-02-26 17:02:25,105:INFO:Defining folds
2026-02-26 17:02:25,105:INFO:Declaring metric variables
2026-02-26 17:02:25,105:INFO:Importing untrained model
2026-02-26 17:02:25,105:INFO:K Neighbors Regressor Imported successfully
2026-02-26 17:02:25,105:INFO:Starting cross validation
2026-02-26 17:02:25,107:INFO:Cross validating with KFold(n_splits=5, random_state=None, shuffle=False), n_jobs=-1
2026-02-26 17:02:25,177:INFO:Calculating mean and std
2026-02-26 17:02:25,178:INFO:Creating metrics dataframe
2026-02-26 17:02:25,178:INFO:Uploading results into container
2026-02-26 17:02:25,180:INFO:Uploading model into container now
2026-02-26 17:02:25,180:INFO:_master_model_container: 11
2026-02-26 17:02:25,180:INFO:_display_container: 2
2026-02-26 17:02:25,180:INFO:KNeighborsRegressor(n_jobs=-1)
2026-02-26 17:02:25,180:INFO:create_model() successfully completed......................................
2026-02-26 17:02:25,320:INFO:SubProcess create_model() end ==================================
2026-02-26 17:02:25,320:INFO:Creating metrics dataframe
2026-02-26 17:02:25,323:INFO:Initializing Decision Tree Regressor
2026-02-26 17:02:25,323:INFO:Total runtime is 0.03786415259043376 minutes
2026-02-26 17:02:25,323:INFO:SubProcess create_model() called ==================================
2026-02-26 17:02:25,324:INFO:Initializing create_model()
2026-02-26 17:02:25,324:INFO:create_model(self=<pycaret.regression.oop.RegressionExperiment object at 0x0000023DB3AE0110>, estimator=dt, fold=KFold(n_splits=5, random_state=None, shuffle=False), round=4, cross_validation=True, predict=True, fit_kwargs={}, groups=None, refit=False, probability_threshold=None, experiment_custom_tags=None, verbose=False, system=False, add_to_model_list=True, metrics=None, display=<pycaret.internal.display.display.CommonDisplay object at 0x0000023DC72769D0>, model_only=True, return_train_score=False, error_score=0.0, kwargs={})
2026-02-26 17:02:25,324:INFO:Checking exceptions
2026-02-26 17:02:25,324:INFO:Importing libraries
2026-02-26 17:02:25,324:INFO:Copying training dataset
2026-02-26 17:02:25,327:INFO:Defining folds
2026-02-26 17:02:25,327:INFO:Declaring metric variables
2026-02-26 17:02:25,327:INFO:Importing untrained model
2026-02-26 17:02:25,328:INFO:Decision Tree Regressor Imported successfully
2026-02-26 17:02:25,328:INFO:Starting cross validation
2026-02-26 17:02:25,328:INFO:Cross validating with KFold(n_splits=5, random_state=None, shuffle=False), n_jobs=-1
2026-02-26 17:02:25,376:INFO:Calculating mean and std
2026-02-26 17:02:25,376:INFO:Creating metrics dataframe
2026-02-26 17:02:25,377:INFO:Uploading results into container
2026-02-26 17:02:25,378:INFO:Uploading model into container now
2026-02-26 17:02:25,378:INFO:_master_model_container: 12
2026-02-26 17:02:25,378:INFO:_display_container: 2
2026-02-26 17:02:25,378:INFO:DecisionTreeRegressor(random_state=42)
2026-02-26 17:02:25,378:INFO:create_model() successfully completed......................................
2026-02-26 17:02:25,518:INFO:SubProcess create_model() end ==================================
2026-02-26 17:02:25,519:INFO:Creating metrics dataframe
2026-02-26 17:02:25,521:INFO:Initializing Random Forest Regressor
2026-02-26 17:02:25,521:INFO:Total runtime is 0.04117063681284587 minutes
2026-02-26 17:02:25,522:INFO:SubProcess create_model() called ==================================
2026-02-26 17:02:25,522:INFO:Initializing create_model()
2026-02-26 17:02:25,522:INFO:create_model(self=<pycaret.regression.oop.RegressionExperiment object at 0x0000023DB3AE0110>, estimator=rf, fold=KFold(n_splits=5, random_state=None, shuffle=False), round=4, cross_validation=True, predict=True, fit_kwargs={}, groups=None, refit=False, probability_threshold=None, experiment_custom_tags=None, verbose=False, system=False, add_to_model_list=True, metrics=None, display=<pycaret.internal.display.display.CommonDisplay object at 0x0000023DC72769D0>, model_only=True, return_train_score=False, error_score=0.0, kwargs={})
2026-02-26 17:02:25,522:INFO:Checking exceptions
2026-02-26 17:02:25,522:INFO:Importing libraries
2026-02-26 17:02:25,522:INFO:Copying training dataset
2026-02-26 17:02:25,525:INFO:Defining folds
2026-02-26 17:02:25,526:INFO:Declaring metric variables
2026-02-26 17:02:25,526:INFO:Importing untrained model
2026-02-26 17:02:25,526:INFO:Random Forest Regressor Imported successfully
2026-02-26 17:02:25,526:INFO:Starting cross validation
2026-02-26 17:02:25,527:INFO:Cross validating with KFold(n_splits=5, random_state=None, shuffle=False), n_jobs=-1
2026-02-26 17:02:26,056:INFO:Calculating mean and std
2026-02-26 17:02:26,056:INFO:Creating metrics dataframe
2026-02-26 17:02:26,057:INFO:Uploading results into container
2026-02-26 17:02:26,058:INFO:Uploading model into container now
2026-02-26 17:02:26,059:INFO:_master_model_container: 13
2026-02-26 17:02:26,059:INFO:_display_container: 2
2026-02-26 17:02:26,059:INFO:RandomForestRegressor(n_jobs=-1, random_state=42)
2026-02-26 17:02:26,059:INFO:create_model() successfully completed......................................
2026-02-26 17:02:26,202:INFO:SubProcess create_model() end ==================================
2026-02-26 17:02:26,202:INFO:Creating metrics dataframe
2026-02-26 17:02:26,205:INFO:Initializing Extra Trees Regressor
2026-02-26 17:02:26,205:INFO:Total runtime is 0.05256578524907431 minutes
2026-02-26 17:02:26,206:INFO:SubProcess create_model() called ==================================
2026-02-26 17:02:26,207:INFO:Initializing create_model()
2026-02-26 17:02:26,207:INFO:create_model(self=<pycaret.regression.oop.RegressionExperiment object at 0x0000023DB3AE0110>, estimator=et, fold=KFold(n_splits=5, random_state=None, shuffle=False), round=4, cross_validation=True, predict=True, fit_kwargs={}, groups=None, refit=False, probability_threshold=None, experiment_custom_tags=None, verbose=False, system=False, add_to_model_list=True, metrics=None, display=<pycaret.internal.display.display.CommonDisplay object at 0x0000023DC72769D0>, model_only=True, return_train_score=False, error_score=0.0, kwargs={})
2026-02-26 17:02:26,207:INFO:Checking exceptions
2026-02-26 17:02:26,207:INFO:Importing libraries
2026-02-26 17:02:26,207:INFO:Copying training dataset
2026-02-26 17:02:26,209:INFO:Defining folds
2026-02-26 17:02:26,209:INFO:Declaring metric variables
2026-02-26 17:02:26,209:INFO:Importing untrained model
2026-02-26 17:02:26,210:INFO:Extra Trees Regressor Imported successfully
2026-02-26 17:02:26,210:INFO:Starting cross validation
2026-02-26 17:02:26,211:INFO:Cross validating with KFold(n_splits=5, random_state=None, shuffle=False), n_jobs=-1
2026-02-26 17:02:26,551:INFO:Calculating mean and std
2026-02-26 17:02:26,551:INFO:Creating metrics dataframe
2026-02-26 17:02:26,552:INFO:Uploading results into container
2026-02-26 17:02:26,552:INFO:Uploading model into container now
2026-02-26 17:02:26,553:INFO:_master_model_container: 14
2026-02-26 17:02:26,553:INFO:_display_container: 2
2026-02-26 17:02:26,553:INFO:ExtraTreesRegressor(n_jobs=-1, random_state=42)
2026-02-26 17:02:26,553:INFO:create_model() successfully completed......................................
2026-02-26 17:02:26,697:INFO:SubProcess create_model() end ==================================
2026-02-26 17:02:26,697:INFO:Creating metrics dataframe
2026-02-26 17:02:26,699:INFO:Initializing AdaBoost Regressor
2026-02-26 17:02:26,699:INFO:Total runtime is 0.060797405242919926 minutes
2026-02-26 17:02:26,700:INFO:SubProcess create_model() called ==================================
2026-02-26 17:02:26,700:INFO:Initializing create_model()
2026-02-26 17:02:26,701:INFO:create_model(self=<pycaret.regression.oop.RegressionExperiment object at 0x0000023DB3AE0110>, estimator=ada, fold=KFold(n_splits=5, random_state=None, shuffle=False), round=4, cross_validation=True, predict=True, fit_kwargs={}, groups=None, refit=False, probability_threshold=None, experiment_custom_tags=None, verbose=False, system=False, add_to_model_list=True, metrics=None, display=<pycaret.internal.display.display.CommonDisplay object at 0x0000023DC72769D0>, model_only=True, return_train_score=False, error_score=0.0, kwargs={})
2026-02-26 17:02:26,701:INFO:Checking exceptions
2026-02-26 17:02:26,701:INFO:Importing libraries
2026-02-26 17:02:26,701:INFO:Copying training dataset
2026-02-26 17:02:26,704:INFO:Defining folds
2026-02-26 17:02:26,704:INFO:Declaring metric variables
2026-02-26 17:02:26,704:INFO:Importing untrained model
2026-02-26 17:02:26,704:INFO:AdaBoost Regressor Imported successfully
2026-02-26 17:02:26,704:INFO:Starting cross validation
2026-02-26 17:02:26,706:INFO:Cross validating with KFold(n_splits=5, random_state=None, shuffle=False), n_jobs=-1
2026-02-26 17:02:26,827:INFO:Calculating mean and std
2026-02-26 17:02:26,827:INFO:Creating metrics dataframe
2026-02-26 17:02:26,828:INFO:Uploading results into container
2026-02-26 17:02:26,829:INFO:Uploading model into container now
2026-02-26 17:02:26,829:INFO:_master_model_container: 15
2026-02-26 17:02:26,829:INFO:_display_container: 2
2026-02-26 17:02:26,829:INFO:AdaBoostRegressor(random_state=42)
2026-02-26 17:02:26,829:INFO:create_model() successfully completed......................................
2026-02-26 17:02:26,969:INFO:SubProcess create_model() end ==================================
2026-02-26 17:02:26,969:INFO:Creating metrics dataframe
2026-02-26 17:02:26,971:INFO:Initializing Gradient Boosting Regressor
2026-02-26 17:02:26,971:INFO:Total runtime is 0.06533262332280478 minutes
2026-02-26 17:02:26,971:INFO:SubProcess create_model() called ==================================
2026-02-26 17:02:26,972:INFO:Initializing create_model()
2026-02-26 17:02:26,972:INFO:create_model(self=<pycaret.regression.oop.RegressionExperiment object at 0x0000023DB3AE0110>, estimator=gbr, fold=KFold(n_splits=5, random_state=None, shuffle=False), round=4, cross_validation=True, predict=True, fit_kwargs={}, groups=None, refit=False, probability_threshold=None, experiment_custom_tags=None, verbose=False, system=False, add_to_model_list=True, metrics=None, display=<pycaret.internal.display.display.CommonDisplay object at 0x0000023DC72769D0>, model_only=True, return_train_score=False, error_score=0.0, kwargs={})
2026-02-26 17:02:26,972:INFO:Checking exceptions
2026-02-26 17:02:26,972:INFO:Importing libraries
2026-02-26 17:02:26,972:INFO:Copying training dataset
2026-02-26 17:02:26,975:INFO:Defining folds
2026-02-26 17:02:26,975:INFO:Declaring metric variables
2026-02-26 17:02:26,975:INFO:Importing untrained model
2026-02-26 17:02:26,975:INFO:Gradient Boosting Regressor Imported successfully
2026-02-26 17:02:26,976:INFO:Starting cross validation
2026-02-26 17:02:26,976:INFO:Cross validating with KFold(n_splits=5, random_state=None, shuffle=False), n_jobs=-1
2026-02-26 17:02:27,201:INFO:Calculating mean and std
2026-02-26 17:02:27,201:INFO:Creating metrics dataframe
2026-02-26 17:02:27,202:INFO:Uploading results into container
2026-02-26 17:02:27,203:INFO:Uploading model into container now
2026-02-26 17:02:27,203:INFO:_master_model_container: 16
2026-02-26 17:02:27,203:INFO:_display_container: 2
2026-02-26 17:02:27,204:INFO:GradientBoostingRegressor(random_state=42)
2026-02-26 17:02:27,204:INFO:create_model() successfully completed......................................
2026-02-26 17:02:27,342:INFO:SubProcess create_model() end ==================================
2026-02-26 17:02:27,342:INFO:Creating metrics dataframe
2026-02-26 17:02:27,344:INFO:Initializing Extreme Gradient Boosting
2026-02-26 17:02:27,344:INFO:Total runtime is 0.071563458442688 minutes
2026-02-26 17:02:27,344:INFO:SubProcess create_model() called ==================================
2026-02-26 17:02:27,344:INFO:Initializing create_model()
2026-02-26 17:02:27,344:INFO:create_model(self=<pycaret.regression.oop.RegressionExperiment object at 0x0000023DB3AE0110>, estimator=xgboost, fold=KFold(n_splits=5, random_state=None, shuffle=False), round=4, cross_validation=True, predict=True, fit_kwargs={}, groups=None, refit=False, probability_threshold=None, experiment_custom_tags=None, verbose=False, system=False, add_to_model_list=True, metrics=None, display=<pycaret.internal.display.display.CommonDisplay object at 0x0000023DC72769D0>, model_only=True, return_train_score=False, error_score=0.0, kwargs={})
2026-02-26 17:02:27,344:INFO:Checking exceptions
2026-02-26 17:02:27,344:INFO:Importing libraries
2026-02-26 17:02:27,346:INFO:Copying training dataset
2026-02-26 17:02:27,348:INFO:Defining folds
2026-02-26 17:02:27,348:INFO:Declaring metric variables
2026-02-26 17:02:27,348:INFO:Importing untrained model
2026-02-26 17:02:27,349:INFO:Extreme Gradient Boosting Imported successfully
2026-02-26 17:02:27,350:INFO:Starting cross validation
2026-02-26 17:02:27,350:INFO:Cross validating with KFold(n_splits=5, random_state=None, shuffle=False), n_jobs=-1
2026-02-26 17:02:27,527:INFO:Calculating mean and std
2026-02-26 17:02:27,527:INFO:Creating metrics dataframe
2026-02-26 17:02:27,529:INFO:Uploading results into container
2026-02-26 17:02:27,529:INFO:Uploading model into container now
2026-02-26 17:02:27,529:INFO:_master_model_container: 17
2026-02-26 17:02:27,529:INFO:_display_container: 2
2026-02-26 17:02:27,529:INFO:XGBRegressor(base_score=None, booster='gbtree', callbacks=None,
             colsample_bylevel=None, colsample_bynode=None,
             colsample_bytree=None, device='cpu', early_stopping_rounds=None,
             enable_categorical=False, eval_metric=None, feature_types=None,
             feature_weights=None, gamma=None, grow_policy=None,
             importance_type=None, interaction_constraints=None,
             learning_rate=None, max_bin=None, max_cat_threshold=None,
             max_cat_to_onehot=None, max_delta_step=None, max_depth=None,
             max_leaves=None, min_child_weight=None, missing=nan,
             monotone_constraints=None, multi_strategy=None, n_estimators=None,
             n_jobs=-1, num_parallel_tree=None, ...)
2026-02-26 17:02:27,529:INFO:create_model() successfully completed......................................
2026-02-26 17:02:27,679:INFO:SubProcess create_model() end ==================================
2026-02-26 17:02:27,679:INFO:Creating metrics dataframe
2026-02-26 17:02:27,681:INFO:Initializing Light Gradient Boosting Machine
2026-02-26 17:02:27,681:INFO:Total runtime is 0.07716961304346721 minutes
2026-02-26 17:02:27,682:INFO:SubProcess create_model() called ==================================
2026-02-26 17:02:27,682:INFO:Initializing create_model()
2026-02-26 17:02:27,682:INFO:create_model(self=<pycaret.regression.oop.RegressionExperiment object at 0x0000023DB3AE0110>, estimator=lightgbm, fold=KFold(n_splits=5, random_state=None, shuffle=False), round=4, cross_validation=True, predict=True, fit_kwargs={}, groups=None, refit=False, probability_threshold=None, experiment_custom_tags=None, verbose=False, system=False, add_to_model_list=True, metrics=None, display=<pycaret.internal.display.display.CommonDisplay object at 0x0000023DC72769D0>, model_only=True, return_train_score=False, error_score=0.0, kwargs={})
2026-02-26 17:02:27,682:INFO:Checking exceptions
2026-02-26 17:02:27,682:INFO:Importing libraries
2026-02-26 17:02:27,682:INFO:Copying training dataset
2026-02-26 17:02:27,685:INFO:Defining folds
2026-02-26 17:02:27,685:INFO:Declaring metric variables
2026-02-26 17:02:27,685:INFO:Importing untrained model
2026-02-26 17:02:27,686:INFO:Light Gradient Boosting Machine Imported successfully
2026-02-26 17:02:27,686:INFO:Starting cross validation
2026-02-26 17:02:27,687:INFO:Cross validating with KFold(n_splits=5, random_state=None, shuffle=False), n_jobs=-1
2026-02-26 17:02:28,040:INFO:Calculating mean and std
2026-02-26 17:02:28,041:INFO:Creating metrics dataframe
2026-02-26 17:02:28,042:INFO:Uploading results into container
2026-02-26 17:02:28,042:INFO:Uploading model into container now
2026-02-26 17:02:28,042:INFO:_master_model_container: 18
2026-02-26 17:02:28,042:INFO:_display_container: 2
2026-02-26 17:02:28,044:INFO:LGBMRegressor(n_jobs=-1, random_state=42)
2026-02-26 17:02:28,044:INFO:create_model() successfully completed......................................
2026-02-26 17:02:28,213:INFO:SubProcess create_model() end ==================================
2026-02-26 17:02:28,213:INFO:Creating metrics dataframe
2026-02-26 17:02:28,215:INFO:Initializing Dummy Regressor
2026-02-26 17:02:28,215:INFO:Total runtime is 0.08606829643249513 minutes
2026-02-26 17:02:28,215:INFO:SubProcess create_model() called ==================================
2026-02-26 17:02:28,216:INFO:Initializing create_model()
2026-02-26 17:02:28,216:INFO:create_model(self=<pycaret.regression.oop.RegressionExperiment object at 0x0000023DB3AE0110>, estimator=dummy, fold=KFold(n_splits=5, random_state=None, shuffle=False), round=4, cross_validation=True, predict=True, fit_kwargs={}, groups=None, refit=False, probability_threshold=None, experiment_custom_tags=None, verbose=False, system=False, add_to_model_list=True, metrics=None, display=<pycaret.internal.display.display.CommonDisplay object at 0x0000023DC72769D0>, model_only=True, return_train_score=False, error_score=0.0, kwargs={})
2026-02-26 17:02:28,216:INFO:Checking exceptions
2026-02-26 17:02:28,216:INFO:Importing libraries
2026-02-26 17:02:28,216:INFO:Copying training dataset
2026-02-26 17:02:28,219:INFO:Defining folds
2026-02-26 17:02:28,219:INFO:Declaring metric variables
2026-02-26 17:02:28,220:INFO:Importing untrained model
2026-02-26 17:02:28,220:INFO:Dummy Regressor Imported successfully
2026-02-26 17:02:28,220:INFO:Starting cross validation
2026-02-26 17:02:28,221:INFO:Cross validating with KFold(n_splits=5, random_state=None, shuffle=False), n_jobs=-1
2026-02-26 17:02:28,272:INFO:Calculating mean and std
2026-02-26 17:02:28,272:INFO:Creating metrics dataframe
2026-02-26 17:02:28,273:INFO:Uploading results into container
2026-02-26 17:02:28,274:INFO:Uploading model into container now
2026-02-26 17:02:28,274:INFO:_master_model_container: 19
2026-02-26 17:02:28,274:INFO:_display_container: 2
2026-02-26 17:02:28,274:INFO:DummyRegressor()
2026-02-26 17:02:28,274:INFO:create_model() successfully completed......................................
2026-02-26 17:02:28,441:INFO:SubProcess create_model() end ==================================
2026-02-26 17:02:28,441:INFO:Creating metrics dataframe
2026-02-26 17:02:28,445:INFO:Initializing create_model()
2026-02-26 17:02:28,446:INFO:create_model(self=<pycaret.regression.oop.RegressionExperiment object at 0x0000023DB3AE0110>, estimator=GradientBoostingRegressor(random_state=42), fold=KFold(n_splits=5, random_state=None, shuffle=False), round=4, cross_validation=False, predict=False, fit_kwargs={}, groups=None, refit=True, probability_threshold=None, experiment_custom_tags=None, verbose=False, system=False, add_to_model_list=True, metrics=None, display=None, model_only=True, return_train_score=False, error_score=0.0, kwargs={})
2026-02-26 17:02:28,446:INFO:Checking exceptions
2026-02-26 17:02:28,447:INFO:Importing libraries
2026-02-26 17:02:28,447:INFO:Copying training dataset
2026-02-26 17:02:28,450:INFO:Defining folds
2026-02-26 17:02:28,450:INFO:Declaring metric variables
2026-02-26 17:02:28,450:INFO:Importing untrained model
2026-02-26 17:02:28,450:INFO:Declaring custom model
2026-02-26 17:02:28,450:INFO:Gradient Boosting Regressor Imported successfully
2026-02-26 17:02:28,450:INFO:Cross validation set to False
2026-02-26 17:02:28,450:INFO:Fitting Model
2026-02-26 17:02:28,612:INFO:GradientBoostingRegressor(random_state=42)
2026-02-26 17:02:28,612:INFO:create_model() successfully completed......................................
2026-02-26 17:02:28,781:INFO:Initializing create_model()
2026-02-26 17:02:28,781:INFO:create_model(self=<pycaret.regression.oop.RegressionExperiment object at 0x0000023DB3AE0110>, estimator=RandomForestRegressor(n_jobs=-1, random_state=42), fold=KFold(n_splits=5, random_state=None, shuffle=False), round=4, cross_validation=False, predict=False, fit_kwargs={}, groups=None, refit=True, probability_threshold=None, experiment_custom_tags=None, verbose=False, system=False, add_to_model_list=True, metrics=None, display=None, model_only=True, return_train_score=False, error_score=0.0, kwargs={})
2026-02-26 17:02:28,781:INFO:Checking exceptions
2026-02-26 17:02:28,782:INFO:Importing libraries
2026-02-26 17:02:28,782:INFO:Copying training dataset
2026-02-26 17:02:28,785:INFO:Defining folds
2026-02-26 17:02:28,785:INFO:Declaring metric variables
2026-02-26 17:02:28,786:INFO:Importing untrained model
2026-02-26 17:02:28,786:INFO:Declaring custom model
2026-02-26 17:02:28,786:INFO:Random Forest Regressor Imported successfully
2026-02-26 17:02:28,788:INFO:Cross validation set to False
2026-02-26 17:02:28,788:INFO:Fitting Model
2026-02-26 17:02:28,960:INFO:RandomForestRegressor(n_jobs=-1, random_state=42)
2026-02-26 17:02:28,960:INFO:create_model() successfully completed......................................
2026-02-26 17:02:29,120:INFO:Initializing create_model()
2026-02-26 17:02:29,120:INFO:create_model(self=<pycaret.regression.oop.RegressionExperiment object at 0x0000023DB3AE0110>, estimator=ExtraTreesRegressor(n_jobs=-1, random_state=42), fold=KFold(n_splits=5, random_state=None, shuffle=False), round=4, cross_validation=False, predict=False, fit_kwargs={}, groups=None, refit=True, probability_threshold=None, experiment_custom_tags=None, verbose=False, system=False, add_to_model_list=True, metrics=None, display=None, model_only=True, return_train_score=False, error_score=0.0, kwargs={})
2026-02-26 17:02:29,121:INFO:Checking exceptions
2026-02-26 17:02:29,124:INFO:Importing libraries
2026-02-26 17:02:29,124:INFO:Copying training dataset
2026-02-26 17:02:29,126:INFO:Defining folds
2026-02-26 17:02:29,127:INFO:Declaring metric variables
2026-02-26 17:02:29,127:INFO:Importing untrained model
2026-02-26 17:02:29,127:INFO:Declaring custom model
2026-02-26 17:02:29,166:INFO:Extra Trees Regressor Imported successfully
2026-02-26 17:02:29,167:INFO:Cross validation set to False
2026-02-26 17:02:29,168:INFO:Fitting Model
2026-02-26 17:02:29,335:INFO:ExtraTreesRegressor(n_jobs=-1, random_state=42)
2026-02-26 17:02:29,335:INFO:create_model() successfully completed......................................
2026-02-26 17:02:29,492:INFO:_master_model_container: 19
2026-02-26 17:02:29,492:INFO:_display_container: 2
2026-02-26 17:02:29,493:INFO:[GradientBoostingRegressor(random_state=42), RandomForestRegressor(n_jobs=-1, random_state=42), ExtraTreesRegressor(n_jobs=-1, random_state=42)]
2026-02-26 17:02:29,493:INFO:compare_models() successfully completed......................................
2026-02-26 17:02:29,496:INFO:PyCaret RegressionExperiment
2026-02-26 17:02:29,496:INFO:Logging name: reg-default-name
2026-02-26 17:02:29,496:INFO:ML Usecase: MLUsecase.REGRESSION
2026-02-26 17:02:29,496:INFO:version 3.3.2
2026-02-26 17:02:29,497:INFO:Initializing setup()
2026-02-26 17:02:29,497:INFO:self.USI: b458
2026-02-26 17:02:29,497:INFO:self._variable_keys: {'fold_groups_param', 'gpu_n_jobs_param', 'memory', 'y', 'html_param', 'n_jobs_param', 'exp_id', 'log_plots_param', 'exp_name_log', '_ml_usecase', 'target_param', 'y_train', 'USI', 'idx', 'gpu_param', 'seed', 'pipeline', 'fold_shuffle_param', 'X_train', 'X', 'X_test', 'y_test', 'transform_target_param', 'logging_param', '_available_plots', 'data', 'fold_generator'}
2026-02-26 17:02:29,497:INFO:Checking environment
2026-02-26 17:02:29,497:INFO:python_version: 3.11.14
2026-02-26 17:02:29,497:INFO:python_build: ('main', 'Oct 21 2025 18:30:03')
2026-02-26 17:02:29,497:INFO:machine: AMD64
2026-02-26 17:02:29,497:INFO:platform: Windows-10-10.0.26100-SP0
2026-02-26 17:02:29,497:INFO:Memory: svmem(total=16889774080, available=4987092992, percent=70.5, used=11902681088, free=4987092992)
2026-02-26 17:02:29,497:INFO:Physical Core: 4
2026-02-26 17:02:29,497:INFO:Logical Core: 8
2026-02-26 17:02:29,497:INFO:Checking libraries
2026-02-26 17:02:29,497:INFO:System:
2026-02-26 17:02:29,497:INFO:    python: 3.11.14 | packaged by Anaconda, Inc. | (main, Oct 21 2025, 18:30:03) [MSC v.1929 64 bit (AMD64)]
2026-02-26 17:02:29,497:INFO:executable: c:\Users\Playdata2\miniconda3\envs\battery_env\python.exe
2026-02-26 17:02:29,497:INFO:   machine: Windows-10-10.0.26100-SP0
2026-02-26 17:02:29,497:INFO:PyCaret required dependencies:
2026-02-26 17:02:29,497:INFO:                 pip: 26.0.1
2026-02-26 17:02:29,497:INFO:          setuptools: 80.10.2
2026-02-26 17:02:29,498:INFO:             pycaret: 3.3.2
2026-02-26 17:02:29,498:INFO:             IPython: 9.10.0
2026-02-26 17:02:29,498:INFO:          ipywidgets: 8.1.8
2026-02-26 17:02:29,498:INFO:                tqdm: 4.67.3
2026-02-26 17:02:29,498:INFO:               numpy: 1.26.4
2026-02-26 17:02:29,498:INFO:              pandas: 2.1.4
2026-02-26 17:02:29,498:INFO:              jinja2: 3.1.6
2026-02-26 17:02:29,498:INFO:               scipy: 1.11.4
2026-02-26 17:02:29,498:INFO:              joblib: 1.3.2
2026-02-26 17:02:29,498:INFO:             sklearn: 1.4.2
2026-02-26 17:02:29,498:INFO:                pyod: 2.0.6
2026-02-26 17:02:29,498:INFO:            imblearn: 0.14.1
2026-02-26 17:02:29,498:INFO:   category_encoders: 2.7.0
2026-02-26 17:02:29,498:INFO:            lightgbm: 4.6.0
2026-02-26 17:02:29,498:INFO:               numba: 0.64.0
2026-02-26 17:02:29,498:INFO:            requests: 2.32.5
2026-02-26 17:02:29,498:INFO:          matplotlib: 3.7.5
2026-02-26 17:02:29,498:INFO:          scikitplot: 0.3.7
2026-02-26 17:02:29,498:INFO:         yellowbrick: 1.5
2026-02-26 17:02:29,498:INFO:              plotly: 6.5.2
2026-02-26 17:02:29,498:INFO:    plotly-resampler: Not installed
2026-02-26 17:02:29,498:INFO:             kaleido: 1.2.0
2026-02-26 17:02:29,498:INFO:           schemdraw: 0.15
2026-02-26 17:02:29,498:INFO:         statsmodels: 0.14.6
2026-02-26 17:02:29,498:INFO:              sktime: 0.26.0
2026-02-26 17:02:29,498:INFO:               tbats: 1.1.3
2026-02-26 17:02:29,498:INFO:            pmdarima: 2.0.4
2026-02-26 17:02:29,498:INFO:              psutil: 7.2.2
2026-02-26 17:02:29,498:INFO:          markupsafe: 3.0.3
2026-02-26 17:02:29,500:INFO:             pickle5: Not installed
2026-02-26 17:02:29,500:INFO:         cloudpickle: 3.1.2
2026-02-26 17:02:29,500:INFO:         deprecation: 2.1.0
2026-02-26 17:02:29,500:INFO:              xxhash: 3.6.0
2026-02-26 17:02:29,500:INFO:           wurlitzer: Not installed
2026-02-26 17:02:29,500:INFO:PyCaret optional dependencies:
2026-02-26 17:02:29,500:INFO:                shap: Not installed
2026-02-26 17:02:29,500:INFO:           interpret: Not installed
2026-02-26 17:02:29,500:INFO:                umap: Not installed
2026-02-26 17:02:29,500:INFO:     ydata_profiling: Not installed
2026-02-26 17:02:29,500:INFO:  explainerdashboard: Not installed
2026-02-26 17:02:29,500:INFO:             autoviz: Not installed
2026-02-26 17:02:29,500:INFO:           fairlearn: Not installed
2026-02-26 17:02:29,500:INFO:          deepchecks: Not installed
2026-02-26 17:02:29,500:INFO:             xgboost: 3.2.0
2026-02-26 17:02:29,500:INFO:            catboost: Not installed
2026-02-26 17:02:29,500:INFO:              kmodes: Not installed
2026-02-26 17:02:29,500:INFO:             mlxtend: Not installed
2026-02-26 17:02:29,500:INFO:       statsforecast: Not installed
2026-02-26 17:02:29,500:INFO:        tune_sklearn: Not installed
2026-02-26 17:02:29,500:INFO:                 ray: Not installed
2026-02-26 17:02:29,500:INFO:            hyperopt: Not installed
2026-02-26 17:02:29,500:INFO:              optuna: 4.7.0
2026-02-26 17:02:29,500:INFO:               skopt: Not installed
2026-02-26 17:02:29,500:INFO:              mlflow: Not installed
2026-02-26 17:02:29,500:INFO:              gradio: Not installed
2026-02-26 17:02:29,500:INFO:             fastapi: Not installed
2026-02-26 17:02:29,500:INFO:             uvicorn: Not installed
2026-02-26 17:02:29,502:INFO:              m2cgen: Not installed
2026-02-26 17:02:29,502:INFO:           evidently: Not installed
2026-02-26 17:02:29,502:INFO:               fugue: Not installed
2026-02-26 17:02:29,502:INFO:           streamlit: Not installed
2026-02-26 17:02:29,502:INFO:             prophet: Not installed
2026-02-26 17:02:29,502:INFO:None
2026-02-26 17:02:29,502:INFO:Set up data.
2026-02-26 17:02:29,508:INFO:Set up folding strategy.
2026-02-26 17:02:29,508:INFO:Set up train/test split.
2026-02-26 17:02:29,511:INFO:Set up index.
2026-02-26 17:02:29,511:INFO:Assigning column types.
2026-02-26 17:02:29,516:INFO:Engine successfully changes for model 'lr' to 'sklearn'.
2026-02-26 17:02:29,516:INFO:Engine for model 'lasso' has not been set explicitly, hence returning None.
2026-02-26 17:02:29,524:INFO:Engine for model 'ridge' has not been set explicitly, hence returning None.
2026-02-26 17:02:29,530:INFO:Engine for model 'en' has not been set explicitly, hence returning None.
2026-02-26 17:02:29,587:INFO:Engine for model 'svm' has not been set explicitly, hence returning None.
2026-02-26 17:02:29,627:INFO:Engine for model 'knn' has not been set explicitly, hence returning None.
2026-02-26 17:02:29,627:INFO:Soft dependency imported: xgboost: 3.2.0
2026-02-26 17:02:29,629:WARNING:
'catboost' is a soft dependency and not included in the pycaret installation. Please run: `pip install catboost` to install.
Alternately, you can install this by running `pip install pycaret[models]`
2026-02-26 17:02:29,630:INFO:Engine for model 'lasso' has not been set explicitly, hence returning None.
2026-02-26 17:02:29,633:INFO:Engine for model 'ridge' has not been set explicitly, hence returning None.
2026-02-26 17:02:29,637:INFO:Engine for model 'en' has not been set explicitly, hence returning None.
2026-02-26 17:02:29,682:INFO:Engine for model 'svm' has not been set explicitly, hence returning None.
2026-02-26 17:02:29,716:INFO:Engine for model 'knn' has not been set explicitly, hence returning None.
2026-02-26 17:02:29,717:INFO:Soft dependency imported: xgboost: 3.2.0
2026-02-26 17:02:29,719:WARNING:
'catboost' is a soft dependency and not included in the pycaret installation. Please run: `pip install catboost` to install.
Alternately, you can install this by running `pip install pycaret[models]`
2026-02-26 17:02:29,719:INFO:Engine successfully changes for model 'lasso' to 'sklearn'.
2026-02-26 17:02:29,723:INFO:Engine for model 'ridge' has not been set explicitly, hence returning None.
2026-02-26 17:02:29,727:INFO:Engine for model 'en' has not been set explicitly, hence returning None.
2026-02-26 17:02:29,776:INFO:Engine for model 'svm' has not been set explicitly, hence returning None.
2026-02-26 17:02:29,812:INFO:Engine for model 'knn' has not been set explicitly, hence returning None.
2026-02-26 17:02:29,813:INFO:Soft dependency imported: xgboost: 3.2.0
2026-02-26 17:02:29,815:WARNING:
'catboost' is a soft dependency and not included in the pycaret installation. Please run: `pip install catboost` to install.
Alternately, you can install this by running `pip install pycaret[models]`
2026-02-26 17:02:29,819:INFO:Engine for model 'ridge' has not been set explicitly, hence returning None.
2026-02-26 17:02:29,823:INFO:Engine for model 'en' has not been set explicitly, hence returning None.
2026-02-26 17:02:29,868:INFO:Engine for model 'svm' has not been set explicitly, hence returning None.
2026-02-26 17:02:29,901:INFO:Engine for model 'knn' has not been set explicitly, hence returning None.
2026-02-26 17:02:29,901:INFO:Soft dependency imported: xgboost: 3.2.0
2026-02-26 17:02:29,905:WARNING:
'catboost' is a soft dependency and not included in the pycaret installation. Please run: `pip install catboost` to install.
Alternately, you can install this by running `pip install pycaret[models]`
2026-02-26 17:02:29,906:INFO:Engine successfully changes for model 'ridge' to 'sklearn'.
2026-02-26 17:02:29,913:INFO:Engine for model 'en' has not been set explicitly, hence returning None.
2026-02-26 17:02:29,957:INFO:Engine for model 'svm' has not been set explicitly, hence returning None.
2026-02-26 17:02:29,991:INFO:Engine for model 'knn' has not been set explicitly, hence returning None.
2026-02-26 17:02:29,992:INFO:Soft dependency imported: xgboost: 3.2.0
2026-02-26 17:02:29,994:WARNING:
'catboost' is a soft dependency and not included in the pycaret installation. Please run: `pip install catboost` to install.
Alternately, you can install this by running `pip install pycaret[models]`
2026-02-26 17:02:30,000:INFO:Engine for model 'en' has not been set explicitly, hence returning None.
2026-02-26 17:02:30,046:INFO:Engine for model 'svm' has not been set explicitly, hence returning None.
2026-02-26 17:02:30,080:INFO:Engine for model 'knn' has not been set explicitly, hence returning None.
2026-02-26 17:02:30,080:INFO:Soft dependency imported: xgboost: 3.2.0
2026-02-26 17:02:30,082:WARNING:
'catboost' is a soft dependency and not included in the pycaret installation. Please run: `pip install catboost` to install.
Alternately, you can install this by running `pip install pycaret[models]`
2026-02-26 17:02:30,083:INFO:Engine successfully changes for model 'en' to 'sklearn'.
2026-02-26 17:02:30,136:INFO:Engine for model 'svm' has not been set explicitly, hence returning None.
2026-02-26 17:02:30,169:INFO:Engine for model 'knn' has not been set explicitly, hence returning None.
2026-02-26 17:02:30,170:INFO:Soft dependency imported: xgboost: 3.2.0
2026-02-26 17:02:30,172:WARNING:
'catboost' is a soft dependency and not included in the pycaret installation. Please run: `pip install catboost` to install.
Alternately, you can install this by running `pip install pycaret[models]`
2026-02-26 17:02:30,225:INFO:Engine for model 'svm' has not been set explicitly, hence returning None.
2026-02-26 17:02:30,263:INFO:Engine for model 'knn' has not been set explicitly, hence returning None.
2026-02-26 17:02:30,263:INFO:Soft dependency imported: xgboost: 3.2.0
2026-02-26 17:02:30,265:WARNING:
'catboost' is a soft dependency and not included in the pycaret installation. Please run: `pip install catboost` to install.
Alternately, you can install this by running `pip install pycaret[models]`
2026-02-26 17:02:30,266:INFO:Engine successfully changes for model 'knn' to 'sklearn'.
2026-02-26 17:02:30,339:INFO:Engine for model 'svm' has not been set explicitly, hence returning None.
2026-02-26 17:02:30,379:INFO:Soft dependency imported: xgboost: 3.2.0
2026-02-26 17:02:30,381:WARNING:
'catboost' is a soft dependency and not included in the pycaret installation. Please run: `pip install catboost` to install.
Alternately, you can install this by running `pip install pycaret[models]`
2026-02-26 17:02:30,444:INFO:Engine for model 'svm' has not been set explicitly, hence returning None.
2026-02-26 17:02:30,482:INFO:Soft dependency imported: xgboost: 3.2.0
2026-02-26 17:02:30,484:WARNING:
'catboost' is a soft dependency and not included in the pycaret installation. Please run: `pip install catboost` to install.
Alternately, you can install this by running `pip install pycaret[models]`
2026-02-26 17:02:30,484:INFO:Engine successfully changes for model 'svm' to 'sklearn'.
2026-02-26 17:02:30,576:INFO:Soft dependency imported: xgboost: 3.2.0
2026-02-26 17:02:30,578:WARNING:
'catboost' is a soft dependency and not included in the pycaret installation. Please run: `pip install catboost` to install.
Alternately, you can install this by running `pip install pycaret[models]`
2026-02-26 17:02:30,663:INFO:Soft dependency imported: xgboost: 3.2.0
2026-02-26 17:02:30,665:WARNING:
'catboost' is a soft dependency and not included in the pycaret installation. Please run: `pip install catboost` to install.
Alternately, you can install this by running `pip install pycaret[models]`
2026-02-26 17:02:30,667:INFO:Preparing preprocessing pipeline...
2026-02-26 17:02:30,667:INFO:Set up simple imputation.
2026-02-26 17:02:30,667:INFO:Set up feature normalization.
2026-02-26 17:02:30,693:INFO:Finished creating preprocessing pipeline.
2026-02-26 17:02:30,696:INFO:Pipeline: Pipeline(memory=FastMemory(location=C:\Users\PLAYDA~1\AppData\Local\Temp\joblib),
         steps=[('numerical_imputer',
                 TransformerWrapper(include=['initial_voltage',
                                             'initial_impedance', 'v42_voltage',
                                             'v42_impedance', 'v25_voltage',
                                             'v25_impedance', 'v36_voltage',
                                             'v36_impedance',
                                             'impedance_ratio_42',
                                             'impedance_ratio_25',
                                             'impedance_mean',
                                             'voltage_delta_initial_42',
                                             'voltage_sag', 'ocv_deviation',
                                             'impedance_voltage_product',
                                             'power_loss_indicator',
                                             'health_index'],
                                    transformer=SimpleImputer())),
                ('categorical_imputer',
                 TransformerWrapper(include=[],
                                    transformer=SimpleImputer(strategy='most_frequent'))),
                ('normalize',
                 TransformerWrapper(transformer=StandardScaler()))])
2026-02-26 17:02:30,696:INFO:Creating final display dataframe.
2026-02-26 17:02:30,782:INFO:Setup _display_container:                     Description             Value
0                    Session id                42
1                        Target          capacity
2                   Target type        Regression
3           Original data shape        (1039, 18)
4        Transformed data shape        (1039, 18)
5   Transformed train set shape         (727, 18)
6    Transformed test set shape         (312, 18)
7              Numeric features                17
8                    Preprocess              True
9               Imputation type            simple
10           Numeric imputation              mean
11       Categorical imputation              mode
12                    Normalize              True
13             Normalize method            zscore
14               Fold Generator             KFold
15                  Fold Number                 5
16                     CPU Jobs                -1
17                      Use GPU             False
18               Log Experiment             False
19              Experiment Name  reg-default-name
20                          USI              b458
2026-02-26 17:02:30,940:INFO:Soft dependency imported: xgboost: 3.2.0
2026-02-26 17:02:30,958:WARNING:
'catboost' is a soft dependency and not included in the pycaret installation. Please run: `pip install catboost` to install.
Alternately, you can install this by running `pip install pycaret[models]`
2026-02-26 17:02:31,092:INFO:Soft dependency imported: xgboost: 3.2.0
2026-02-26 17:02:31,095:WARNING:
'catboost' is a soft dependency and not included in the pycaret installation. Please run: `pip install catboost` to install.
Alternately, you can install this by running `pip install pycaret[models]`
2026-02-26 17:02:31,097:INFO:setup() successfully completed in 1.6s...............
2026-02-26 17:02:31,097:INFO:Initializing compare_models()
2026-02-26 17:02:31,097:INFO:compare_models(self=<pycaret.regression.oop.RegressionExperiment object at 0x0000023DB9060990>, include=None, exclude=None, fold=None, round=4, cross_validation=True, sort=R2, n_select=3, budget_time=None, turbo=True, errors=ignore, fit_kwargs=None, groups=None, experiment_custom_tags=None, probability_threshold=None, verbose=False, parallel=None, caller_params={'self': <pycaret.regression.oop.RegressionExperiment object at 0x0000023DB9060990>, 'include': None, 'exclude': None, 'fold': None, 'round': 4, 'cross_validation': True, 'sort': 'R2', 'n_select': 3, 'budget_time': None, 'turbo': True, 'errors': 'ignore', 'fit_kwargs': None, 'groups': None, 'experiment_custom_tags': None, 'engine': None, 'verbose': False, 'parallel': None, '__class__': <class 'pycaret.regression.oop.RegressionExperiment'>})
2026-02-26 17:02:31,097:INFO:Checking exceptions
2026-02-26 17:02:31,099:INFO:Preparing display monitor
2026-02-26 17:02:31,102:INFO:Initializing Linear Regression
2026-02-26 17:02:31,102:INFO:Total runtime is 0.0 minutes
2026-02-26 17:02:31,102:INFO:SubProcess create_model() called ==================================
2026-02-26 17:02:31,102:INFO:Initializing create_model()
2026-02-26 17:02:31,102:INFO:create_model(self=<pycaret.regression.oop.RegressionExperiment object at 0x0000023DB9060990>, estimator=lr, fold=KFold(n_splits=5, random_state=None, shuffle=False), round=4, cross_validation=True, predict=True, fit_kwargs={}, groups=None, refit=False, probability_threshold=None, experiment_custom_tags=None, verbose=False, system=False, add_to_model_list=True, metrics=None, display=<pycaret.internal.display.display.CommonDisplay object at 0x0000023DC733B010>, model_only=True, return_train_score=False, error_score=0.0, kwargs={})
2026-02-26 17:02:31,102:INFO:Checking exceptions
2026-02-26 17:02:31,102:INFO:Importing libraries
2026-02-26 17:02:31,102:INFO:Copying training dataset
2026-02-26 17:02:31,119:INFO:Defining folds
2026-02-26 17:02:31,121:INFO:Declaring metric variables
2026-02-26 17:02:31,121:INFO:Importing untrained model
2026-02-26 17:02:31,121:INFO:Linear Regression Imported successfully
2026-02-26 17:02:31,122:INFO:Starting cross validation
2026-02-26 17:02:31,123:INFO:Cross validating with KFold(n_splits=5, random_state=None, shuffle=False), n_jobs=-1
2026-02-26 17:02:31,186:INFO:Calculating mean and std
2026-02-26 17:02:31,187:INFO:Creating metrics dataframe
2026-02-26 17:02:31,188:INFO:Uploading results into container
2026-02-26 17:02:31,190:INFO:Uploading model into container now
2026-02-26 17:02:31,190:INFO:_master_model_container: 1
2026-02-26 17:02:31,190:INFO:_display_container: 2
2026-02-26 17:02:31,190:INFO:LinearRegression(n_jobs=-1)
2026-02-26 17:02:31,190:INFO:create_model() successfully completed......................................
2026-02-26 17:02:31,378:INFO:SubProcess create_model() end ==================================
2026-02-26 17:02:31,378:INFO:Creating metrics dataframe
2026-02-26 17:02:31,380:INFO:Initializing Lasso Regression
2026-02-26 17:02:31,380:INFO:Total runtime is 0.0046226779619852705 minutes
2026-02-26 17:02:31,381:INFO:SubProcess create_model() called ==================================
2026-02-26 17:02:31,381:INFO:Initializing create_model()
2026-02-26 17:02:31,381:INFO:create_model(self=<pycaret.regression.oop.RegressionExperiment object at 0x0000023DB9060990>, estimator=lasso, fold=KFold(n_splits=5, random_state=None, shuffle=False), round=4, cross_validation=True, predict=True, fit_kwargs={}, groups=None, refit=False, probability_threshold=None, experiment_custom_tags=None, verbose=False, system=False, add_to_model_list=True, metrics=None, display=<pycaret.internal.display.display.CommonDisplay object at 0x0000023DC733B010>, model_only=True, return_train_score=False, error_score=0.0, kwargs={})
2026-02-26 17:02:31,381:INFO:Checking exceptions
2026-02-26 17:02:31,381:INFO:Importing libraries
2026-02-26 17:02:31,381:INFO:Copying training dataset
2026-02-26 17:02:31,384:INFO:Defining folds
2026-02-26 17:02:31,384:INFO:Declaring metric variables
2026-02-26 17:02:31,384:INFO:Importing untrained model
2026-02-26 17:02:31,385:INFO:Lasso Regression Imported successfully
2026-02-26 17:02:31,385:INFO:Starting cross validation
2026-02-26 17:02:31,385:INFO:Cross validating with KFold(n_splits=5, random_state=None, shuffle=False), n_jobs=-1
2026-02-26 17:02:31,434:INFO:Calculating mean and std
2026-02-26 17:02:31,434:INFO:Creating metrics dataframe
2026-02-26 17:02:31,435:INFO:Uploading results into container
2026-02-26 17:02:31,436:INFO:Uploading model into container now
2026-02-26 17:02:31,436:INFO:_master_model_container: 2
2026-02-26 17:02:31,436:INFO:_display_container: 2
2026-02-26 17:02:31,436:INFO:Lasso(random_state=42)
2026-02-26 17:02:31,436:INFO:create_model() successfully completed......................................
2026-02-26 17:02:31,584:INFO:SubProcess create_model() end ==================================
2026-02-26 17:02:31,584:INFO:Creating metrics dataframe
2026-02-26 17:02:31,586:INFO:Initializing Ridge Regression
2026-02-26 17:02:31,586:INFO:Total runtime is 0.008056044578552246 minutes
2026-02-26 17:02:31,586:INFO:SubProcess create_model() called ==================================
2026-02-26 17:02:31,586:INFO:Initializing create_model()
2026-02-26 17:02:31,586:INFO:create_model(self=<pycaret.regression.oop.RegressionExperiment object at 0x0000023DB9060990>, estimator=ridge, fold=KFold(n_splits=5, random_state=None, shuffle=False), round=4, cross_validation=True, predict=True, fit_kwargs={}, groups=None, refit=False, probability_threshold=None, experiment_custom_tags=None, verbose=False, system=False, add_to_model_list=True, metrics=None, display=<pycaret.internal.display.display.CommonDisplay object at 0x0000023DC733B010>, model_only=True, return_train_score=False, error_score=0.0, kwargs={})
2026-02-26 17:02:31,586:INFO:Checking exceptions
2026-02-26 17:02:31,587:INFO:Importing libraries
2026-02-26 17:02:31,587:INFO:Copying training dataset
2026-02-26 17:02:31,592:INFO:Defining folds
2026-02-26 17:02:31,593:INFO:Declaring metric variables
2026-02-26 17:02:31,593:INFO:Importing untrained model
2026-02-26 17:02:31,593:INFO:Ridge Regression Imported successfully
2026-02-26 17:02:31,594:INFO:Starting cross validation
2026-02-26 17:02:31,594:INFO:Cross validating with KFold(n_splits=5, random_state=None, shuffle=False), n_jobs=-1
2026-02-26 17:02:31,641:INFO:Calculating mean and std
2026-02-26 17:02:31,642:INFO:Creating metrics dataframe
2026-02-26 17:02:31,643:INFO:Uploading results into container
2026-02-26 17:02:31,643:INFO:Uploading model into container now
2026-02-26 17:02:31,644:INFO:_master_model_container: 3
2026-02-26 17:02:31,644:INFO:_display_container: 2
2026-02-26 17:02:31,644:INFO:Ridge(random_state=42)
2026-02-26 17:02:31,644:INFO:create_model() successfully completed......................................
2026-02-26 17:02:31,786:INFO:SubProcess create_model() end ==================================
2026-02-26 17:02:31,787:INFO:Creating metrics dataframe
2026-02-26 17:02:31,790:INFO:Initializing Elastic Net
2026-02-26 17:02:31,790:INFO:Total runtime is 0.011465946833292643 minutes
2026-02-26 17:02:31,790:INFO:SubProcess create_model() called ==================================
2026-02-26 17:02:31,790:INFO:Initializing create_model()
2026-02-26 17:02:31,790:INFO:create_model(self=<pycaret.regression.oop.RegressionExperiment object at 0x0000023DB9060990>, estimator=en, fold=KFold(n_splits=5, random_state=None, shuffle=False), round=4, cross_validation=True, predict=True, fit_kwargs={}, groups=None, refit=False, probability_threshold=None, experiment_custom_tags=None, verbose=False, system=False, add_to_model_list=True, metrics=None, display=<pycaret.internal.display.display.CommonDisplay object at 0x0000023DC733B010>, model_only=True, return_train_score=False, error_score=0.0, kwargs={})
2026-02-26 17:02:31,790:INFO:Checking exceptions
2026-02-26 17:02:31,790:INFO:Importing libraries
2026-02-26 17:02:31,790:INFO:Copying training dataset
2026-02-26 17:02:31,794:INFO:Defining folds
2026-02-26 17:02:31,794:INFO:Declaring metric variables
2026-02-26 17:02:31,794:INFO:Importing untrained model
2026-02-26 17:02:31,794:INFO:Elastic Net Imported successfully
2026-02-26 17:02:31,794:INFO:Starting cross validation
2026-02-26 17:02:31,796:INFO:Cross validating with KFold(n_splits=5, random_state=None, shuffle=False), n_jobs=-1
2026-02-26 17:02:31,844:INFO:Calculating mean and std
2026-02-26 17:02:31,845:INFO:Creating metrics dataframe
2026-02-26 17:02:31,846:INFO:Uploading results into container
2026-02-26 17:02:31,846:INFO:Uploading model into container now
2026-02-26 17:02:31,847:INFO:_master_model_container: 4
2026-02-26 17:02:31,847:INFO:_display_container: 2
2026-02-26 17:02:31,847:INFO:ElasticNet(random_state=42)
2026-02-26 17:02:31,847:INFO:create_model() successfully completed......................................
2026-02-26 17:02:32,002:INFO:SubProcess create_model() end ==================================
2026-02-26 17:02:32,002:INFO:Creating metrics dataframe
2026-02-26 17:02:32,005:INFO:Initializing Least Angle Regression
2026-02-26 17:02:32,005:INFO:Total runtime is 0.015041959285736083 minutes
2026-02-26 17:02:32,005:INFO:SubProcess create_model() called ==================================
2026-02-26 17:02:32,006:INFO:Initializing create_model()
2026-02-26 17:02:32,006:INFO:create_model(self=<pycaret.regression.oop.RegressionExperiment object at 0x0000023DB9060990>, estimator=lar, fold=KFold(n_splits=5, random_state=None, shuffle=False), round=4, cross_validation=True, predict=True, fit_kwargs={}, groups=None, refit=False, probability_threshold=None, experiment_custom_tags=None, verbose=False, system=False, add_to_model_list=True, metrics=None, display=<pycaret.internal.display.display.CommonDisplay object at 0x0000023DC733B010>, model_only=True, return_train_score=False, error_score=0.0, kwargs={})
2026-02-26 17:02:32,006:INFO:Checking exceptions
2026-02-26 17:02:32,006:INFO:Importing libraries
2026-02-26 17:02:32,006:INFO:Copying training dataset
2026-02-26 17:02:32,008:INFO:Defining folds
2026-02-26 17:02:32,008:INFO:Declaring metric variables
2026-02-26 17:02:32,009:INFO:Importing untrained model
2026-02-26 17:02:32,009:INFO:Least Angle Regression Imported successfully
2026-02-26 17:02:32,009:INFO:Starting cross validation
2026-02-26 17:02:32,010:INFO:Cross validating with KFold(n_splits=5, random_state=None, shuffle=False), n_jobs=-1
2026-02-26 17:02:32,070:INFO:Calculating mean and std
2026-02-26 17:02:32,070:INFO:Creating metrics dataframe
2026-02-26 17:02:32,073:INFO:Uploading results into container
2026-02-26 17:02:32,073:INFO:Uploading model into container now
2026-02-26 17:02:32,074:INFO:_master_model_container: 5
2026-02-26 17:02:32,074:INFO:_display_container: 2
2026-02-26 17:02:32,074:INFO:Lars(random_state=42)
2026-02-26 17:02:32,074:INFO:create_model() successfully completed......................................
2026-02-26 17:02:32,216:INFO:SubProcess create_model() end ==================================
2026-02-26 17:02:32,216:INFO:Creating metrics dataframe
2026-02-26 17:02:32,219:INFO:Initializing Lasso Least Angle Regression
2026-02-26 17:02:32,219:INFO:Total runtime is 0.018607227007548015 minutes
2026-02-26 17:02:32,219:INFO:SubProcess create_model() called ==================================
2026-02-26 17:02:32,219:INFO:Initializing create_model()
2026-02-26 17:02:32,219:INFO:create_model(self=<pycaret.regression.oop.RegressionExperiment object at 0x0000023DB9060990>, estimator=llar, fold=KFold(n_splits=5, random_state=None, shuffle=False), round=4, cross_validation=True, predict=True, fit_kwargs={}, groups=None, refit=False, probability_threshold=None, experiment_custom_tags=None, verbose=False, system=False, add_to_model_list=True, metrics=None, display=<pycaret.internal.display.display.CommonDisplay object at 0x0000023DC733B010>, model_only=True, return_train_score=False, error_score=0.0, kwargs={})
2026-02-26 17:02:32,219:INFO:Checking exceptions
2026-02-26 17:02:32,220:INFO:Importing libraries
2026-02-26 17:02:32,220:INFO:Copying training dataset
2026-02-26 17:02:32,224:INFO:Defining folds
2026-02-26 17:02:32,224:INFO:Declaring metric variables
2026-02-26 17:02:32,224:INFO:Importing untrained model
2026-02-26 17:02:32,224:INFO:Lasso Least Angle Regression Imported successfully
2026-02-26 17:02:32,224:INFO:Starting cross validation
2026-02-26 17:02:32,225:INFO:Cross validating with KFold(n_splits=5, random_state=None, shuffle=False), n_jobs=-1
2026-02-26 17:02:32,274:INFO:Calculating mean and std
2026-02-26 17:02:32,274:INFO:Creating metrics dataframe
2026-02-26 17:02:32,276:INFO:Uploading results into container
2026-02-26 17:02:32,276:INFO:Uploading model into container now
2026-02-26 17:02:32,276:INFO:_master_model_container: 6
2026-02-26 17:02:32,276:INFO:_display_container: 2
2026-02-26 17:02:32,277:INFO:LassoLars(random_state=42)
2026-02-26 17:02:32,277:INFO:create_model() successfully completed......................................
2026-02-26 17:02:32,425:INFO:SubProcess create_model() end ==================================
2026-02-26 17:02:32,426:INFO:Creating metrics dataframe
2026-02-26 17:02:32,428:INFO:Initializing Orthogonal Matching Pursuit
2026-02-26 17:02:32,428:INFO:Total runtime is 0.022091488043467205 minutes
2026-02-26 17:02:32,428:INFO:SubProcess create_model() called ==================================
2026-02-26 17:02:32,428:INFO:Initializing create_model()
2026-02-26 17:02:32,428:INFO:create_model(self=<pycaret.regression.oop.RegressionExperiment object at 0x0000023DB9060990>, estimator=omp, fold=KFold(n_splits=5, random_state=None, shuffle=False), round=4, cross_validation=True, predict=True, fit_kwargs={}, groups=None, refit=False, probability_threshold=None, experiment_custom_tags=None, verbose=False, system=False, add_to_model_list=True, metrics=None, display=<pycaret.internal.display.display.CommonDisplay object at 0x0000023DC733B010>, model_only=True, return_train_score=False, error_score=0.0, kwargs={})
2026-02-26 17:02:32,428:INFO:Checking exceptions
2026-02-26 17:02:32,428:INFO:Importing libraries
2026-02-26 17:02:32,428:INFO:Copying training dataset
2026-02-26 17:02:32,432:INFO:Defining folds
2026-02-26 17:02:32,432:INFO:Declaring metric variables
2026-02-26 17:02:32,432:INFO:Importing untrained model
2026-02-26 17:02:32,432:INFO:Orthogonal Matching Pursuit Imported successfully
2026-02-26 17:02:32,432:INFO:Starting cross validation
2026-02-26 17:02:32,433:INFO:Cross validating with KFold(n_splits=5, random_state=None, shuffle=False), n_jobs=-1
2026-02-26 17:02:32,480:INFO:Calculating mean and std
2026-02-26 17:02:32,481:INFO:Creating metrics dataframe
2026-02-26 17:02:32,482:INFO:Uploading results into container
2026-02-26 17:02:32,482:INFO:Uploading model into container now
2026-02-26 17:02:32,482:INFO:_master_model_container: 7
2026-02-26 17:02:32,482:INFO:_display_container: 2
2026-02-26 17:02:32,483:INFO:OrthogonalMatchingPursuit()
2026-02-26 17:02:32,483:INFO:create_model() successfully completed......................................
2026-02-26 17:02:32,623:INFO:SubProcess create_model() end ==================================
2026-02-26 17:02:32,623:INFO:Creating metrics dataframe
2026-02-26 17:02:32,625:INFO:Initializing Bayesian Ridge
2026-02-26 17:02:32,625:INFO:Total runtime is 0.025383055210113525 minutes
2026-02-26 17:02:32,625:INFO:SubProcess create_model() called ==================================
2026-02-26 17:02:32,625:INFO:Initializing create_model()
2026-02-26 17:02:32,625:INFO:create_model(self=<pycaret.regression.oop.RegressionExperiment object at 0x0000023DB9060990>, estimator=br, fold=KFold(n_splits=5, random_state=None, shuffle=False), round=4, cross_validation=True, predict=True, fit_kwargs={}, groups=None, refit=False, probability_threshold=None, experiment_custom_tags=None, verbose=False, system=False, add_to_model_list=True, metrics=None, display=<pycaret.internal.display.display.CommonDisplay object at 0x0000023DC733B010>, model_only=True, return_train_score=False, error_score=0.0, kwargs={})
2026-02-26 17:02:32,625:INFO:Checking exceptions
2026-02-26 17:02:32,625:INFO:Importing libraries
2026-02-26 17:02:32,625:INFO:Copying training dataset
2026-02-26 17:02:32,630:INFO:Defining folds
2026-02-26 17:02:32,630:INFO:Declaring metric variables
2026-02-26 17:02:32,630:INFO:Importing untrained model
2026-02-26 17:02:32,630:INFO:Bayesian Ridge Imported successfully
2026-02-26 17:02:32,630:INFO:Starting cross validation
2026-02-26 17:02:32,631:INFO:Cross validating with KFold(n_splits=5, random_state=None, shuffle=False), n_jobs=-1
2026-02-26 17:02:32,679:INFO:Calculating mean and std
2026-02-26 17:02:32,679:INFO:Creating metrics dataframe
2026-02-26 17:02:32,681:INFO:Uploading results into container
2026-02-26 17:02:32,681:INFO:Uploading model into container now
2026-02-26 17:02:32,681:INFO:_master_model_container: 8
2026-02-26 17:02:32,681:INFO:_display_container: 2
2026-02-26 17:02:32,681:INFO:BayesianRidge()
2026-02-26 17:02:32,681:INFO:create_model() successfully completed......................................
2026-02-26 17:02:32,823:INFO:SubProcess create_model() end ==================================
2026-02-26 17:02:32,823:INFO:Creating metrics dataframe
2026-02-26 17:02:32,825:INFO:Initializing Passive Aggressive Regressor
2026-02-26 17:02:32,825:INFO:Total runtime is 0.0287159005800883 minutes
2026-02-26 17:02:32,825:INFO:SubProcess create_model() called ==================================
2026-02-26 17:02:32,826:INFO:Initializing create_model()
2026-02-26 17:02:32,826:INFO:create_model(self=<pycaret.regression.oop.RegressionExperiment object at 0x0000023DB9060990>, estimator=par, fold=KFold(n_splits=5, random_state=None, shuffle=False), round=4, cross_validation=True, predict=True, fit_kwargs={}, groups=None, refit=False, probability_threshold=None, experiment_custom_tags=None, verbose=False, system=False, add_to_model_list=True, metrics=None, display=<pycaret.internal.display.display.CommonDisplay object at 0x0000023DC733B010>, model_only=True, return_train_score=False, error_score=0.0, kwargs={})
2026-02-26 17:02:32,826:INFO:Checking exceptions
2026-02-26 17:02:32,826:INFO:Importing libraries
2026-02-26 17:02:32,826:INFO:Copying training dataset
2026-02-26 17:02:32,829:INFO:Defining folds
2026-02-26 17:02:32,829:INFO:Declaring metric variables
2026-02-26 17:02:32,829:INFO:Importing untrained model
2026-02-26 17:02:32,829:INFO:Passive Aggressive Regressor Imported successfully
2026-02-26 17:02:32,829:INFO:Starting cross validation
2026-02-26 17:02:32,831:INFO:Cross validating with KFold(n_splits=5, random_state=None, shuffle=False), n_jobs=-1
2026-02-26 17:02:32,879:INFO:Calculating mean and std
2026-02-26 17:02:32,879:INFO:Creating metrics dataframe
2026-02-26 17:02:32,881:INFO:Uploading results into container
2026-02-26 17:02:32,881:INFO:Uploading model into container now
2026-02-26 17:02:32,881:INFO:_master_model_container: 9
2026-02-26 17:02:32,881:INFO:_display_container: 2
2026-02-26 17:02:32,881:INFO:PassiveAggressiveRegressor(random_state=42)
2026-02-26 17:02:32,881:INFO:create_model() successfully completed......................................
2026-02-26 17:02:33,023:INFO:SubProcess create_model() end ==================================
2026-02-26 17:02:33,023:INFO:Creating metrics dataframe
2026-02-26 17:02:33,025:INFO:Initializing Huber Regressor
2026-02-26 17:02:33,025:INFO:Total runtime is 0.03205169439315796 minutes
2026-02-26 17:02:33,026:INFO:SubProcess create_model() called ==================================
2026-02-26 17:02:33,026:INFO:Initializing create_model()
2026-02-26 17:02:33,026:INFO:create_model(self=<pycaret.regression.oop.RegressionExperiment object at 0x0000023DB9060990>, estimator=huber, fold=KFold(n_splits=5, random_state=None, shuffle=False), round=4, cross_validation=True, predict=True, fit_kwargs={}, groups=None, refit=False, probability_threshold=None, experiment_custom_tags=None, verbose=False, system=False, add_to_model_list=True, metrics=None, display=<pycaret.internal.display.display.CommonDisplay object at 0x0000023DC733B010>, model_only=True, return_train_score=False, error_score=0.0, kwargs={})
2026-02-26 17:02:33,026:INFO:Checking exceptions
2026-02-26 17:02:33,026:INFO:Importing libraries
2026-02-26 17:02:33,026:INFO:Copying training dataset
2026-02-26 17:02:33,029:INFO:Defining folds
2026-02-26 17:02:33,029:INFO:Declaring metric variables
2026-02-26 17:02:33,031:INFO:Importing untrained model
2026-02-26 17:02:33,031:INFO:Huber Regressor Imported successfully
2026-02-26 17:02:33,031:INFO:Starting cross validation
2026-02-26 17:02:33,032:INFO:Cross validating with KFold(n_splits=5, random_state=None, shuffle=False), n_jobs=-1
2026-02-26 17:02:33,098:WARNING:c:\Users\Playdata2\miniconda3\envs\battery_env\Lib\site-packages\sklearn\linear_model\_huber.py:342: ConvergenceWarning: lbfgs failed to converge (status=1):
STOP: TOTAL NO. of ITERATIONS REACHED LIMIT.

Increase the number of iterations (max_iter) or scale the data as shown in:
    https://scikit-learn.org/stable/modules/preprocessing.html
  self.n_iter_ = _check_optimize_result("lbfgs", opt_res, self.max_iter)

2026-02-26 17:02:33,121:INFO:Calculating mean and std
2026-02-26 17:02:33,123:INFO:Creating metrics dataframe
2026-02-26 17:02:33,124:INFO:Uploading results into container
2026-02-26 17:02:33,124:INFO:Uploading model into container now
2026-02-26 17:02:33,125:INFO:_master_model_container: 10
2026-02-26 17:02:33,125:INFO:_display_container: 2
2026-02-26 17:02:33,125:INFO:HuberRegressor()
2026-02-26 17:02:33,125:INFO:create_model() successfully completed......................................
2026-02-26 17:02:33,268:INFO:SubProcess create_model() end ==================================
2026-02-26 17:02:33,268:INFO:Creating metrics dataframe
2026-02-26 17:02:33,270:INFO:Initializing K Neighbors Regressor
2026-02-26 17:02:33,270:INFO:Total runtime is 0.03613539934158325 minutes
2026-02-26 17:02:33,270:INFO:SubProcess create_model() called ==================================
2026-02-26 17:02:33,270:INFO:Initializing create_model()
2026-02-26 17:02:33,270:INFO:create_model(self=<pycaret.regression.oop.RegressionExperiment object at 0x0000023DB9060990>, estimator=knn, fold=KFold(n_splits=5, random_state=None, shuffle=False), round=4, cross_validation=True, predict=True, fit_kwargs={}, groups=None, refit=False, probability_threshold=None, experiment_custom_tags=None, verbose=False, system=False, add_to_model_list=True, metrics=None, display=<pycaret.internal.display.display.CommonDisplay object at 0x0000023DC733B010>, model_only=True, return_train_score=False, error_score=0.0, kwargs={})
2026-02-26 17:02:33,270:INFO:Checking exceptions
2026-02-26 17:02:33,270:INFO:Importing libraries
2026-02-26 17:02:33,270:INFO:Copying training dataset
2026-02-26 17:02:33,275:INFO:Defining folds
2026-02-26 17:02:33,275:INFO:Declaring metric variables
2026-02-26 17:02:33,275:INFO:Importing untrained model
2026-02-26 17:02:33,276:INFO:K Neighbors Regressor Imported successfully
2026-02-26 17:02:33,276:INFO:Starting cross validation
2026-02-26 17:02:33,277:INFO:Cross validating with KFold(n_splits=5, random_state=None, shuffle=False), n_jobs=-1
2026-02-26 17:02:33,327:INFO:Calculating mean and std
2026-02-26 17:02:33,327:INFO:Creating metrics dataframe
2026-02-26 17:02:33,328:INFO:Uploading results into container
2026-02-26 17:02:33,328:INFO:Uploading model into container now
2026-02-26 17:02:33,329:INFO:_master_model_container: 11
2026-02-26 17:02:33,329:INFO:_display_container: 2
2026-02-26 17:02:33,329:INFO:KNeighborsRegressor(n_jobs=-1)
2026-02-26 17:02:33,329:INFO:create_model() successfully completed......................................
2026-02-26 17:02:33,468:INFO:SubProcess create_model() end ==================================
2026-02-26 17:02:33,468:INFO:Creating metrics dataframe
2026-02-26 17:02:33,471:INFO:Initializing Decision Tree Regressor
2026-02-26 17:02:33,472:INFO:Total runtime is 0.039487524827321374 minutes
2026-02-26 17:02:33,472:INFO:SubProcess create_model() called ==================================
2026-02-26 17:02:33,472:INFO:Initializing create_model()
2026-02-26 17:02:33,472:INFO:create_model(self=<pycaret.regression.oop.RegressionExperiment object at 0x0000023DB9060990>, estimator=dt, fold=KFold(n_splits=5, random_state=None, shuffle=False), round=4, cross_validation=True, predict=True, fit_kwargs={}, groups=None, refit=False, probability_threshold=None, experiment_custom_tags=None, verbose=False, system=False, add_to_model_list=True, metrics=None, display=<pycaret.internal.display.display.CommonDisplay object at 0x0000023DC733B010>, model_only=True, return_train_score=False, error_score=0.0, kwargs={})
2026-02-26 17:02:33,472:INFO:Checking exceptions
2026-02-26 17:02:33,472:INFO:Importing libraries
2026-02-26 17:02:33,473:INFO:Copying training dataset
2026-02-26 17:02:33,476:INFO:Defining folds
2026-02-26 17:02:33,476:INFO:Declaring metric variables
2026-02-26 17:02:33,476:INFO:Importing untrained model
2026-02-26 17:02:33,476:INFO:Decision Tree Regressor Imported successfully
2026-02-26 17:02:33,476:INFO:Starting cross validation
2026-02-26 17:02:33,477:INFO:Cross validating with KFold(n_splits=5, random_state=None, shuffle=False), n_jobs=-1
2026-02-26 17:02:33,535:INFO:Calculating mean and std
2026-02-26 17:02:33,535:INFO:Creating metrics dataframe
2026-02-26 17:02:33,536:INFO:Uploading results into container
2026-02-26 17:02:33,536:INFO:Uploading model into container now
2026-02-26 17:02:33,538:INFO:_master_model_container: 12
2026-02-26 17:02:33,538:INFO:_display_container: 2
2026-02-26 17:02:33,538:INFO:DecisionTreeRegressor(random_state=42)
2026-02-26 17:02:33,538:INFO:create_model() successfully completed......................................
2026-02-26 17:02:33,679:INFO:SubProcess create_model() end ==================================
2026-02-26 17:02:33,679:INFO:Creating metrics dataframe
2026-02-26 17:02:33,681:INFO:Initializing Random Forest Regressor
2026-02-26 17:02:33,681:INFO:Total runtime is 0.0429728388786316 minutes
2026-02-26 17:02:33,681:INFO:SubProcess create_model() called ==================================
2026-02-26 17:02:33,682:INFO:Initializing create_model()
2026-02-26 17:02:33,682:INFO:create_model(self=<pycaret.regression.oop.RegressionExperiment object at 0x0000023DB9060990>, estimator=rf, fold=KFold(n_splits=5, random_state=None, shuffle=False), round=4, cross_validation=True, predict=True, fit_kwargs={}, groups=None, refit=False, probability_threshold=None, experiment_custom_tags=None, verbose=False, system=False, add_to_model_list=True, metrics=None, display=<pycaret.internal.display.display.CommonDisplay object at 0x0000023DC733B010>, model_only=True, return_train_score=False, error_score=0.0, kwargs={})
2026-02-26 17:02:33,682:INFO:Checking exceptions
2026-02-26 17:02:33,682:INFO:Importing libraries
2026-02-26 17:02:33,682:INFO:Copying training dataset
2026-02-26 17:02:33,685:INFO:Defining folds
2026-02-26 17:02:33,685:INFO:Declaring metric variables
2026-02-26 17:02:33,685:INFO:Importing untrained model
2026-02-26 17:02:33,686:INFO:Random Forest Regressor Imported successfully
2026-02-26 17:02:33,686:INFO:Starting cross validation
2026-02-26 17:02:33,687:INFO:Cross validating with KFold(n_splits=5, random_state=None, shuffle=False), n_jobs=-1
2026-02-26 17:02:34,468:INFO:Calculating mean and std
2026-02-26 17:02:34,468:INFO:Creating metrics dataframe
2026-02-26 17:02:34,470:INFO:Uploading results into container
2026-02-26 17:02:34,470:INFO:Uploading model into container now
2026-02-26 17:02:34,472:INFO:_master_model_container: 13
2026-02-26 17:02:34,472:INFO:_display_container: 2
2026-02-26 17:02:34,472:INFO:RandomForestRegressor(n_jobs=-1, random_state=42)
2026-02-26 17:02:34,472:INFO:create_model() successfully completed......................................
2026-02-26 17:02:34,616:INFO:SubProcess create_model() end ==================================
2026-02-26 17:02:34,616:INFO:Creating metrics dataframe
2026-02-26 17:02:34,618:INFO:Initializing Extra Trees Regressor
2026-02-26 17:02:34,619:INFO:Total runtime is 0.05859669446945191 minutes
2026-02-26 17:02:34,619:INFO:SubProcess create_model() called ==================================
2026-02-26 17:02:34,619:INFO:Initializing create_model()
2026-02-26 17:02:34,619:INFO:create_model(self=<pycaret.regression.oop.RegressionExperiment object at 0x0000023DB9060990>, estimator=et, fold=KFold(n_splits=5, random_state=None, shuffle=False), round=4, cross_validation=True, predict=True, fit_kwargs={}, groups=None, refit=False, probability_threshold=None, experiment_custom_tags=None, verbose=False, system=False, add_to_model_list=True, metrics=None, display=<pycaret.internal.display.display.CommonDisplay object at 0x0000023DC733B010>, model_only=True, return_train_score=False, error_score=0.0, kwargs={})
2026-02-26 17:02:34,619:INFO:Checking exceptions
2026-02-26 17:02:34,619:INFO:Importing libraries
2026-02-26 17:02:34,619:INFO:Copying training dataset
2026-02-26 17:02:34,624:INFO:Defining folds
2026-02-26 17:02:34,624:INFO:Declaring metric variables
2026-02-26 17:02:34,624:INFO:Importing untrained model
2026-02-26 17:02:34,624:INFO:Extra Trees Regressor Imported successfully
2026-02-26 17:02:34,625:INFO:Starting cross validation
2026-02-26 17:02:34,625:INFO:Cross validating with KFold(n_splits=5, random_state=None, shuffle=False), n_jobs=-1
2026-02-26 17:02:35,041:INFO:Calculating mean and std
2026-02-26 17:02:35,042:INFO:Creating metrics dataframe
2026-02-26 17:02:35,042:INFO:Uploading results into container
2026-02-26 17:02:35,044:INFO:Uploading model into container now
2026-02-26 17:02:35,044:INFO:_master_model_container: 14
2026-02-26 17:02:35,044:INFO:_display_container: 2
2026-02-26 17:02:35,044:INFO:ExtraTreesRegressor(n_jobs=-1, random_state=42)
2026-02-26 17:02:35,044:INFO:create_model() successfully completed......................................
2026-02-26 17:02:35,181:INFO:SubProcess create_model() end ==================================
2026-02-26 17:02:35,181:INFO:Creating metrics dataframe
2026-02-26 17:02:35,184:INFO:Initializing AdaBoost Regressor
2026-02-26 17:02:35,184:INFO:Total runtime is 0.06802197694778443 minutes
2026-02-26 17:02:35,184:INFO:SubProcess create_model() called ==================================
2026-02-26 17:02:35,184:INFO:Initializing create_model()
2026-02-26 17:02:35,184:INFO:create_model(self=<pycaret.regression.oop.RegressionExperiment object at 0x0000023DB9060990>, estimator=ada, fold=KFold(n_splits=5, random_state=None, shuffle=False), round=4, cross_validation=True, predict=True, fit_kwargs={}, groups=None, refit=False, probability_threshold=None, experiment_custom_tags=None, verbose=False, system=False, add_to_model_list=True, metrics=None, display=<pycaret.internal.display.display.CommonDisplay object at 0x0000023DC733B010>, model_only=True, return_train_score=False, error_score=0.0, kwargs={})
2026-02-26 17:02:35,184:INFO:Checking exceptions
2026-02-26 17:02:35,184:INFO:Importing libraries
2026-02-26 17:02:35,184:INFO:Copying training dataset
2026-02-26 17:02:35,189:INFO:Defining folds
2026-02-26 17:02:35,189:INFO:Declaring metric variables
2026-02-26 17:02:35,189:INFO:Importing untrained model
2026-02-26 17:02:35,189:INFO:AdaBoost Regressor Imported successfully
2026-02-26 17:02:35,189:INFO:Starting cross validation
2026-02-26 17:02:35,190:INFO:Cross validating with KFold(n_splits=5, random_state=None, shuffle=False), n_jobs=-1
2026-02-26 17:02:35,362:INFO:Calculating mean and std
2026-02-26 17:02:35,362:INFO:Creating metrics dataframe
2026-02-26 17:02:35,363:INFO:Uploading results into container
2026-02-26 17:02:35,365:INFO:Uploading model into container now
2026-02-26 17:02:35,365:INFO:_master_model_container: 15
2026-02-26 17:02:35,365:INFO:_display_container: 2
2026-02-26 17:02:35,365:INFO:AdaBoostRegressor(random_state=42)
2026-02-26 17:02:35,365:INFO:create_model() successfully completed......................................
2026-02-26 17:02:35,507:INFO:SubProcess create_model() end ==================================
2026-02-26 17:02:35,507:INFO:Creating metrics dataframe
2026-02-26 17:02:35,510:INFO:Initializing Gradient Boosting Regressor
2026-02-26 17:02:35,510:INFO:Total runtime is 0.07345675230026245 minutes
2026-02-26 17:02:35,510:INFO:SubProcess create_model() called ==================================
2026-02-26 17:02:35,510:INFO:Initializing create_model()
2026-02-26 17:02:35,510:INFO:create_model(self=<pycaret.regression.oop.RegressionExperiment object at 0x0000023DB9060990>, estimator=gbr, fold=KFold(n_splits=5, random_state=None, shuffle=False), round=4, cross_validation=True, predict=True, fit_kwargs={}, groups=None, refit=False, probability_threshold=None, experiment_custom_tags=None, verbose=False, system=False, add_to_model_list=True, metrics=None, display=<pycaret.internal.display.display.CommonDisplay object at 0x0000023DC733B010>, model_only=True, return_train_score=False, error_score=0.0, kwargs={})
2026-02-26 17:02:35,510:INFO:Checking exceptions
2026-02-26 17:02:35,510:INFO:Importing libraries
2026-02-26 17:02:35,510:INFO:Copying training dataset
2026-02-26 17:02:35,514:INFO:Defining folds
2026-02-26 17:02:35,514:INFO:Declaring metric variables
2026-02-26 17:02:35,514:INFO:Importing untrained model
2026-02-26 17:02:35,514:INFO:Gradient Boosting Regressor Imported successfully
2026-02-26 17:02:35,514:INFO:Starting cross validation
2026-02-26 17:02:35,515:INFO:Cross validating with KFold(n_splits=5, random_state=None, shuffle=False), n_jobs=-1
2026-02-26 17:02:35,803:INFO:Calculating mean and std
2026-02-26 17:02:35,803:INFO:Creating metrics dataframe
2026-02-26 17:02:35,806:INFO:Uploading results into container
2026-02-26 17:02:35,806:INFO:Uploading model into container now
2026-02-26 17:02:35,807:INFO:_master_model_container: 16
2026-02-26 17:02:35,807:INFO:_display_container: 2
2026-02-26 17:02:35,807:INFO:GradientBoostingRegressor(random_state=42)
2026-02-26 17:02:35,807:INFO:create_model() successfully completed......................................
2026-02-26 17:02:35,945:INFO:SubProcess create_model() end ==================================
2026-02-26 17:02:35,945:INFO:Creating metrics dataframe
2026-02-26 17:02:35,946:INFO:Initializing Extreme Gradient Boosting
2026-02-26 17:02:35,946:INFO:Total runtime is 0.08072378635406495 minutes
2026-02-26 17:02:35,946:INFO:SubProcess create_model() called ==================================
2026-02-26 17:02:35,947:INFO:Initializing create_model()
2026-02-26 17:02:35,947:INFO:create_model(self=<pycaret.regression.oop.RegressionExperiment object at 0x0000023DB9060990>, estimator=xgboost, fold=KFold(n_splits=5, random_state=None, shuffle=False), round=4, cross_validation=True, predict=True, fit_kwargs={}, groups=None, refit=False, probability_threshold=None, experiment_custom_tags=None, verbose=False, system=False, add_to_model_list=True, metrics=None, display=<pycaret.internal.display.display.CommonDisplay object at 0x0000023DC733B010>, model_only=True, return_train_score=False, error_score=0.0, kwargs={})
2026-02-26 17:02:35,948:INFO:Checking exceptions
2026-02-26 17:02:35,948:INFO:Importing libraries
2026-02-26 17:02:35,948:INFO:Copying training dataset
2026-02-26 17:02:35,951:INFO:Defining folds
2026-02-26 17:02:35,951:INFO:Declaring metric variables
2026-02-26 17:02:35,951:INFO:Importing untrained model
2026-02-26 17:02:35,951:INFO:Extreme Gradient Boosting Imported successfully
2026-02-26 17:02:35,952:INFO:Starting cross validation
2026-02-26 17:02:35,952:INFO:Cross validating with KFold(n_splits=5, random_state=None, shuffle=False), n_jobs=-1
2026-02-26 17:02:36,138:INFO:Calculating mean and std
2026-02-26 17:02:36,138:INFO:Creating metrics dataframe
2026-02-26 17:02:36,140:INFO:Uploading results into container
2026-02-26 17:02:36,140:INFO:Uploading model into container now
2026-02-26 17:02:36,140:INFO:_master_model_container: 17
2026-02-26 17:02:36,140:INFO:_display_container: 2
2026-02-26 17:02:36,140:INFO:XGBRegressor(base_score=None, booster='gbtree', callbacks=None,
             colsample_bylevel=None, colsample_bynode=None,
             colsample_bytree=None, device='cpu', early_stopping_rounds=None,
             enable_categorical=False, eval_metric=None, feature_types=None,
             feature_weights=None, gamma=None, grow_policy=None,
             importance_type=None, interaction_constraints=None,
             learning_rate=None, max_bin=None, max_cat_threshold=None,
             max_cat_to_onehot=None, max_delta_step=None, max_depth=None,
             max_leaves=None, min_child_weight=None, missing=nan,
             monotone_constraints=None, multi_strategy=None, n_estimators=None,
             n_jobs=-1, num_parallel_tree=None, ...)
2026-02-26 17:02:36,142:INFO:create_model() successfully completed......................................
2026-02-26 17:02:36,276:INFO:SubProcess create_model() end ==================================
2026-02-26 17:02:36,276:INFO:Creating metrics dataframe
2026-02-26 17:02:36,278:INFO:Initializing Light Gradient Boosting Machine
2026-02-26 17:02:36,279:INFO:Total runtime is 0.08626404603322348 minutes
2026-02-26 17:02:36,279:INFO:SubProcess create_model() called ==================================
2026-02-26 17:02:36,279:INFO:Initializing create_model()
2026-02-26 17:02:36,279:INFO:create_model(self=<pycaret.regression.oop.RegressionExperiment object at 0x0000023DB9060990>, estimator=lightgbm, fold=KFold(n_splits=5, random_state=None, shuffle=False), round=4, cross_validation=True, predict=True, fit_kwargs={}, groups=None, refit=False, probability_threshold=None, experiment_custom_tags=None, verbose=False, system=False, add_to_model_list=True, metrics=None, display=<pycaret.internal.display.display.CommonDisplay object at 0x0000023DC733B010>, model_only=True, return_train_score=False, error_score=0.0, kwargs={})
2026-02-26 17:02:36,279:INFO:Checking exceptions
2026-02-26 17:02:36,279:INFO:Importing libraries
2026-02-26 17:02:36,279:INFO:Copying training dataset
2026-02-26 17:02:36,282:INFO:Defining folds
2026-02-26 17:02:36,282:INFO:Declaring metric variables
2026-02-26 17:02:36,282:INFO:Importing untrained model
2026-02-26 17:02:36,284:INFO:Light Gradient Boosting Machine Imported successfully
2026-02-26 17:02:36,284:INFO:Starting cross validation
2026-02-26 17:02:36,285:INFO:Cross validating with KFold(n_splits=5, random_state=None, shuffle=False), n_jobs=-1
2026-02-26 17:02:36,642:INFO:Calculating mean and std
2026-02-26 17:02:36,642:INFO:Creating metrics dataframe
2026-02-26 17:02:36,644:INFO:Uploading results into container
2026-02-26 17:02:36,645:INFO:Uploading model into container now
2026-02-26 17:02:36,645:INFO:_master_model_container: 18
2026-02-26 17:02:36,645:INFO:_display_container: 2
2026-02-26 17:02:36,646:INFO:LGBMRegressor(n_jobs=-1, random_state=42)
2026-02-26 17:02:36,646:INFO:create_model() successfully completed......................................
2026-02-26 17:02:36,819:INFO:SubProcess create_model() end ==================================
2026-02-26 17:02:36,819:INFO:Creating metrics dataframe
2026-02-26 17:02:36,823:INFO:Initializing Dummy Regressor
2026-02-26 17:02:36,823:INFO:Total runtime is 0.09534416198730469 minutes
2026-02-26 17:02:36,824:INFO:SubProcess create_model() called ==================================
2026-02-26 17:02:36,824:INFO:Initializing create_model()
2026-02-26 17:02:36,824:INFO:create_model(self=<pycaret.regression.oop.RegressionExperiment object at 0x0000023DB9060990>, estimator=dummy, fold=KFold(n_splits=5, random_state=None, shuffle=False), round=4, cross_validation=True, predict=True, fit_kwargs={}, groups=None, refit=False, probability_threshold=None, experiment_custom_tags=None, verbose=False, system=False, add_to_model_list=True, metrics=None, display=<pycaret.internal.display.display.CommonDisplay object at 0x0000023DC733B010>, model_only=True, return_train_score=False, error_score=0.0, kwargs={})
2026-02-26 17:02:36,824:INFO:Checking exceptions
2026-02-26 17:02:36,824:INFO:Importing libraries
2026-02-26 17:02:36,824:INFO:Copying training dataset
2026-02-26 17:02:36,828:INFO:Defining folds
2026-02-26 17:02:36,828:INFO:Declaring metric variables
2026-02-26 17:02:36,829:INFO:Importing untrained model
2026-02-26 17:02:36,829:INFO:Dummy Regressor Imported successfully
2026-02-26 17:02:36,829:INFO:Starting cross validation
2026-02-26 17:02:36,830:INFO:Cross validating with KFold(n_splits=5, random_state=None, shuffle=False), n_jobs=-1
2026-02-26 17:02:36,878:INFO:Calculating mean and std
2026-02-26 17:02:36,878:INFO:Creating metrics dataframe
2026-02-26 17:02:36,879:INFO:Uploading results into container
2026-02-26 17:02:36,880:INFO:Uploading model into container now
2026-02-26 17:02:36,880:INFO:_master_model_container: 19
2026-02-26 17:02:36,880:INFO:_display_container: 2
2026-02-26 17:02:36,880:INFO:DummyRegressor()
2026-02-26 17:02:36,880:INFO:create_model() successfully completed......................................
2026-02-26 17:02:37,023:INFO:SubProcess create_model() end ==================================
2026-02-26 17:02:37,023:INFO:Creating metrics dataframe
2026-02-26 17:02:37,026:INFO:Initializing create_model()
2026-02-26 17:02:37,027:INFO:create_model(self=<pycaret.regression.oop.RegressionExperiment object at 0x0000023DB9060990>, estimator=ExtraTreesRegressor(n_jobs=-1, random_state=42), fold=KFold(n_splits=5, random_state=None, shuffle=False), round=4, cross_validation=False, predict=False, fit_kwargs={}, groups=None, refit=True, probability_threshold=None, experiment_custom_tags=None, verbose=False, system=False, add_to_model_list=True, metrics=None, display=None, model_only=True, return_train_score=False, error_score=0.0, kwargs={})
2026-02-26 17:02:37,027:INFO:Checking exceptions
2026-02-26 17:02:37,028:INFO:Importing libraries
2026-02-26 17:02:37,028:INFO:Copying training dataset
2026-02-26 17:02:37,031:INFO:Defining folds
2026-02-26 17:02:37,031:INFO:Declaring metric variables
2026-02-26 17:02:37,031:INFO:Importing untrained model
2026-02-26 17:02:37,031:INFO:Declaring custom model
2026-02-26 17:02:37,032:INFO:Extra Trees Regressor Imported successfully
2026-02-26 17:02:37,032:INFO:Cross validation set to False
2026-02-26 17:02:37,033:INFO:Fitting Model
2026-02-26 17:02:37,159:INFO:ExtraTreesRegressor(n_jobs=-1, random_state=42)
2026-02-26 17:02:37,160:INFO:create_model() successfully completed......................................
2026-02-26 17:02:37,303:INFO:Initializing create_model()
2026-02-26 17:02:37,303:INFO:create_model(self=<pycaret.regression.oop.RegressionExperiment object at 0x0000023DB9060990>, estimator=GradientBoostingRegressor(random_state=42), fold=KFold(n_splits=5, random_state=None, shuffle=False), round=4, cross_validation=False, predict=False, fit_kwargs={}, groups=None, refit=True, probability_threshold=None, experiment_custom_tags=None, verbose=False, system=False, add_to_model_list=True, metrics=None, display=None, model_only=True, return_train_score=False, error_score=0.0, kwargs={})
2026-02-26 17:02:37,303:INFO:Checking exceptions
2026-02-26 17:02:37,305:INFO:Importing libraries
2026-02-26 17:02:37,306:INFO:Copying training dataset
2026-02-26 17:02:37,310:INFO:Defining folds
2026-02-26 17:02:37,310:INFO:Declaring metric variables
2026-02-26 17:02:37,310:INFO:Importing untrained model
2026-02-26 17:02:37,310:INFO:Declaring custom model
2026-02-26 17:02:37,311:INFO:Gradient Boosting Regressor Imported successfully
2026-02-26 17:02:37,312:INFO:Cross validation set to False
2026-02-26 17:02:37,312:INFO:Fitting Model
2026-02-26 17:02:37,539:INFO:GradientBoostingRegressor(random_state=42)
2026-02-26 17:02:37,540:INFO:create_model() successfully completed......................................
2026-02-26 17:02:37,695:INFO:Initializing create_model()
2026-02-26 17:02:37,695:INFO:create_model(self=<pycaret.regression.oop.RegressionExperiment object at 0x0000023DB9060990>, estimator=LGBMRegressor(n_jobs=-1, random_state=42), fold=KFold(n_splits=5, random_state=None, shuffle=False), round=4, cross_validation=False, predict=False, fit_kwargs={}, groups=None, refit=True, probability_threshold=None, experiment_custom_tags=None, verbose=False, system=False, add_to_model_list=True, metrics=None, display=None, model_only=True, return_train_score=False, error_score=0.0, kwargs={})
2026-02-26 17:02:37,695:INFO:Checking exceptions
2026-02-26 17:02:37,696:INFO:Importing libraries
2026-02-26 17:02:37,696:INFO:Copying training dataset
2026-02-26 17:02:37,700:INFO:Defining folds
2026-02-26 17:02:37,700:INFO:Declaring metric variables
2026-02-26 17:02:37,701:INFO:Importing untrained model
2026-02-26 17:02:37,701:INFO:Declaring custom model
2026-02-26 17:02:37,702:INFO:Light Gradient Boosting Machine Imported successfully
2026-02-26 17:02:37,702:INFO:Cross validation set to False
2026-02-26 17:02:37,703:INFO:Fitting Model
2026-02-26 17:02:37,778:INFO:LGBMRegressor(n_jobs=-1, random_state=42)
2026-02-26 17:02:37,778:INFO:create_model() successfully completed......................................
2026-02-26 17:02:37,945:INFO:_master_model_container: 19
2026-02-26 17:02:37,945:INFO:_display_container: 2
2026-02-26 17:02:37,947:INFO:[ExtraTreesRegressor(n_jobs=-1, random_state=42), GradientBoostingRegressor(random_state=42), LGBMRegressor(n_jobs=-1, random_state=42)]
2026-02-26 17:02:37,947:INFO:compare_models() successfully completed......................................
